player_id,team_id,class_year,height_in,weight,SC,SH,ID,OD,PS,BH,RB,ST,AG,ND,IQ,FT,CH,rt_PG,rt_SG,rt_SF,rt_PF,rt_C,argmax_position,top1_rt,top2_rt,rt_margin
1b15ccb9-17b1-492c-a0c4-e82b3d368079,69a6fcb68d2c56aa82e48a52,SR,76,218,62,24,94,21,44,12,88,79,26,81,59,34,98,33,30,51,77,58,PF,77,58,19
1cab89f0-f2b2-4c45-8d31-6e38746c4477,69a6fcb68d2c56aa82e48a52,SO,73,185,33,17,44,62,17,30,40,45,86,61,73,10,72,46,39,52,39,24,SF,52,46,6
6c2d1254-7569-4104-8b13-9ef0c096dfa6,69a6fcb68d2c56aa82e48a52,JR,70,192,47,27,23,52,17,46,7,31,40,29,20,4,57,32,35,34,18,16,SG,35,34,1
79c6c5c9-43a2-4d8a-b7f9-337231091e64,69a6fcb68d2c56aa82e48a52,SO,70,168,19,23,33,66,52,67,19,24,72,95,49,57,28,58,43,43,24,14,PG,58,43,15
8387538a-1a76-451d-9c08-9c812bf65fdc,69a6fcb68d2c56aa82e48a52,SO,70,178,12,73,24,16,29,5,10,13,12,12,28,91,94,24,43,25,20,9,SG,43,25,18
8487cb3b-887b-472a-90d9-f46caa572d46,69a6fcb68d2c56aa82e48a52,SR,72,175,37,80,45,87,95,89,25,32,80,89,92,89,57,89,79,62,40,21,PG,89,79,10
8785cbe5-da8f-4c37-9b2e-54bfd8b029bb,69a6fcb68d2c56aa82e48a52,JR,82,260,81,12,74,9,53,17,91,83,30,24,49,22,42,31,24,49,75,89,C,89,75,14
88ab7e7e-c3ef-4f45-ab85-0814891fddb8,69a6fcb68d2c56aa82e48a52,JR,76,207,47,18,64,29,48,21,44,70,55,64,37,81,42,36,33,53,57,44,PF,57,53,4
bd2a1128-80b1-48e9-be21-835031805b49,69a6fcb68d2c56aa82e48a52,SR,72,181,28,13,10,30,30,43,6,15,12,12,41,52,93,35,23,20,16,9,PG,35,23,12
c3810a7f-3ad0-436c-8892-9caafde878e7,69a6fcb68d2c56aa82e48a52,FR,67,156,10,17,17,15,12,19,29,24,23,8,31,26,9,21,17,20,21,12,PG,21,21,0
d53139da-06cd-4e4b-8ed4-a107fbb58bd5,69a6fcb68d2c56aa82e48a52,FR,73,171,26,30,13,51,31,21,15,13,42,50,15,42,84,28,36,29,18,10,SG,36,29,7
dd2efd0a-e857-4ec5-9436-2b7038f0db29,69a6fcb68d2c56aa82e48a52,SR,71,207,18,47,35,58,12,61,53,24,26,29,19,49,6,38,42,32,34,20,SG,42,38,4
f23fae35-ea45-44fe-a698-a06580707783,69a6fcb68d2c56aa82e48a52,SR,74,201,25,25,54,21,64,23,68,55,25,95,26,75,38,33,28,38,52,30,PF,52,38,14
f3f74388-9907-4e71-becd-05992f8ce5b2,69a6fcb68d2c56aa82e48a52,SO,77,222,87,49,65,80,67,49,70,45,98,29,64,83,88,65,69,71,64,60,SF,71,69,2
fa15e712-21f7-4e6f-951d-b5fb3bb45812,69a6fcb68d2c56aa82e48a52,SR,75,202,76,105,36,72,54,62,34,45,71,91,75,107,58,70,86,67,48,29,SG,86,70,16
1af6348c-f61c-4ada-b490-d6b5f7c99e7d,69a6fcb68d2c56aa82e48a53,SO,75,216,25,9,82,78,49,35,50,62,41,63,79,26,35,51,37,50,52,33,PF,52,51,1
1dcbb946-1031-4f7c-a9a2-866f400faeb4,69a6fcb68d2c56aa82e48a53,SO,68,180,25,10,25,25,10,9,1,31,25,40,12,24,20,14,18,24,15,12,SF,24,18,6
2bba8939-29f2-456d-9d6e-715bff328f3c,69a6fcb68d2c56aa82e48a53,FR,78,221,38,5,16,5,15,4,30,24,9,15,22,15,23,11,11,16,29,46,C,46,29,17
33971d07-6f6d-459c-b24f-a0f9ce3cd477,69a6fcb68d2c56aa82e48a53,JR,70,168,5,43,9,25,26,13,5,11,95,63,15,31,79,27,37,37,10,4,SG,37,37,0
37688b1e-f172-4f52-b57a-4b0c3f4c03e2,69a6fcb68d2c56aa82e48a53,JR,76,213,20,74,33,12,62,17,37,51,13,25,26,84,20,31,44,35,47,31,PF,47,44,3
4705c90a-e3cb-4dbe-bdda-62112d7957e6,69a6fcb68d2c56aa82e48a53,FR,72,170,26,30,9,32,2,17,14,26,6,22,32,18,33,20,26,20,20,11,SG,26,20,6
48313d96-b5dc-4f35-bec0-3ff0356d9f0b,69a6fcb68d2c56aa82e48a53,SO,75,177,11,58,12,25,36,11,59,10,13,12,70,74,91,37,41,24,35,14,SG,41,37,4
728177e8-4742-4cb0-97cf-86497685819e,69a6fcb68d2c56aa82e48a53,SR,68,169,14,65,6,56,65,101,25,14,88,87,61,103,88,78,62,48,24,9,PG,78,62,16
7c0baaab-a1fc-474c-ae39-735fa77f223c,69a6fcb68d2c56aa82e48a53,JR,76,230,55,15,45,16,21,6,59,94,18,20,5,34,35,12,20,43,61,48,PF,61,48,13
acbbd4d6-d841-4217-9fe6-7a73ce5e1f8b,69a6fcb68d2c56aa82e48a53,FR,71,182,17,15,9,11,30,44,14,5,12,26,24,75,90,30,18,14,13,7,PG,30,18,12
beffda50-d288-4659-a0e8-d95523597635,69a6fcb68d2c56aa82e48a53,SR,74,205,94,86,80,79,35,62,80,75,95,62,42,81,59,60,81,83,72,49,SF,83,81,2
ca3259d3-5a3d-48b6-875b-1c16d591c535,69a6fcb68d2c56aa82e48a53,SR,72,180,35,22,21,25,55,29,43,27,18,59,45,35,28,35,27,26,32,19,PG,35,32,3
d2b8b729-8195-4ded-bc68-c49792d8198c,69a6fcb68d2c56aa82e48a53,SR,76,175,50,24,22,1,1,22,26,1,18,22,62,26,33,27,21,19,27,25,PG,27,27,0
db212d09-17de-4c97-a510-d2691a00fce9,69a6fcb68d2c56aa82e48a53,JR,70,173,60,42,15,19,22,24,31,12,75,13,8,71,69,28,40,39,24,18,SG,40,39,1
f196e4a5-2ab1-41cc-8e81-e2a6ea5667cb,69a6fcb68d2c56aa82e48a53,SR,72,180,39,102,17,57,78,49,20,24,54,73,70,115,12,66,78,50,33,15,SG,78,66,12
08c06811-1738-4349-84fc-727e174a5172,69a6fcb68d2c56aa82e48a54,FR,67,169,6,21,17,1,9,24,10,10,10,24,24,9,84,17,12,11,11,6,PG,17,12,5
0df15c02-a4d1-437b-b102-45f42b25e50b,69a6fcb68d2c56aa82e48a54,JR,76,232,39,22,91,12,20,8,88,83,29,53,65,25,76,28,24,49,76,55,PF,76,55,21
131abe35-8f84-41ce-ba4c-154556289954,69a6fcb68d2c56aa82e48a54,SR,75,221,96,91,99,87,81,58,84,68,94,73,60,75,45,71,88,85,76,52,SG,88,85,3
26e15606-2eca-4616-840a-d14b87174395,69a6fcb68d2c56aa82e48a54,SR,84,260,93,8,103,6,57,13,95,105,28,40,56,29,41,32,24,58,87,99,C,99,87,12
560d1d61-4ddb-4ac8-b68b-00181e488c48,69a6fcb68d2c56aa82e48a54,JR,70,178,19,29,25,40,17,20,18,24,39,63,10,73,98,24,32,31,22,13,SG,32,31,1
778e8352-eecb-4870-a280-a0eb90222551,69a6fcb68d2c56aa82e48a54,JR,77,225,46,24,61,28,81,22,61,67,14,25,17,53,44,31,30,40,59,55,PF,59,55,4
7acb9670-0995-45e3-8ca8-1c7f8a601f92,69a6fcb68d2c56aa82e48a54,SR,74,203,9,13,30,11,20,3,23,24,13,31,22,11,54,13,13,17,23,13,PF,23,17,6
7c10c995-0d1a-4c1b-b4eb-7198ad81c9b2,69a6fcb68d2c56aa82e48a54,FR,70,177,22,45,10,18,8,12,9,8,35,14,13,39,56,18,31,23,12,7,SG,31,23,8
83608be4-5065-4df6-9276-5e69376c15aa,69a6fcb68d2c56aa82e48a54,SR,70,177,36,57,45,91,82,79,25,34,77,85,66,95,79,77,69,59,35,21,PG,77,69,8
86616c6a-eba9-4759-9169-6835ad265c93,69a6fcb68d2c56aa82e48a54,SR,68,203,43,33,58,7,52,41,15,34,44,33,21,31,49,34,29,36,28,22,SF,36,34,2
a418d593-af98-4500-89c4-5cd39a5f8e10,69a6fcb68d2c56aa82e48a54,JR,71,188,4,48,5,3,3,50,14,12,45,4,31,27,26,32,28,23,13,5,PG,32,28,4
a699d851-8d4e-4987-936d-293b04a7b1f8,69a6fcb68d2c56aa82e48a54,SR,72,182,19,11,47,95,46,48,33,35,70,54,86,14,96,61,44,48,35,20,PG,61,48,13
b17a21bc-790e-4893-82d5-362dd8ec19a2,69a6fcb68d2c56aa82e48a54,SO,69,158,11,43,18,55,35,46,16,25,49,30,13,83,42,39,44,36,21,10,SG,44,39,5
d9449124-4ca6-4437-b192-554be3a5d00a,69a6fcb68d2c56aa82e48a54,JR,73,213,29,9,49,12,25,5,43,90,14,6,28,19,87,16,14,38,50,32,PF,50,38,12
da0cf556-b8b9-47d1-91f9-a80595359f4e,69a6fcb68d2c56aa82e48a54,SO,74,186,53,48,55,84,58,47,58,52,75,85,63,91,81,61,64,63,54,33,SG,64,63,1
030d9bd9-125d-4ad5-a49c-12b528d7ae89,69a6fcb68d2c56aa82e48a55,JR,72,176,35,35,24,46,46,31,33,17,19,89,87,70,14,50,41,31,32,16,PG,50,41,9
042c7d34-fc6b-4647-8f21-e97bbd9249a3,69a6fcb68d2c56aa82e48a55,SR,72,180,31,19,17,27,14,31,28,33,65,65,73,9,33,40,29,38,28,16,PG,40,38,2
288e9c54-faa6-4cc4-a002-8f724c6a2ab0,69a6fcb68d2c56aa82e48a55,SO,73,159,26,28,8,35,29,41,14,9,26,24,27,27,86,32,29,21,16,9,PG,32,29,3
2f7736fc-8bf6-45ea-814f-d32179ad4fc7,69a6fcb68d2c56aa82e48a55,JR,70,179,26,41,28,54,28,10,12,20,46,63,41,74,31,33,44,37,22,13,SG,44,37,7
5333d083-f227-45cf-b875-0947a413c859,69a6fcb68d2c56aa82e48a55,SR,74,209,51,21,91,25,44,12,83,69,27,77,39,25,93,27,28,46,65,44,PF,65,46,19
6f819926-c6b3-44d7-a7a2-e13167b86da4,69a6fcb68d2c56aa82e48a55,FR,68,159,27,18,29,12,18,11,16,2,10,26,10,26,54,13,17,13,14,11,SG,17,14,3
81ae60d5-11da-4775-b0d7-286f9e21c7ed,69a6fcb68d2c56aa82e48a55,JR,73,188,74,57,67,73,67,41,50,76,65,75,28,80,42,50,64,68,58,40,SF,68,64,4
9264eb54-5820-4fe0-8d7e-2c10371be07a,69a6fcb68d2c56aa82e48a55,SO,74,160,26,2,23,4,11,19,41,20,17,38,26,40,60,18,10,18,28,16,PF,28,18,10
a2aa2719-0f09-47d7-8c99-ad208f20b847,69a6fcb68d2c56aa82e48a55,SR,79,265,34,4,72,11,29,8,52,80,9,13,34,41,43,20,14,38,60,76,C,76,60,16
a490f32e-54e3-44d3-b805-b3e43b524fda,69a6fcb68d2c56aa82e48a55,SO,73,173,18,15,19,35,17,15,23,21,50,31,32,51,50,27,27,31,23,12,SF,31,27,4
c4d4afa3-c08a-47db-92b7-dd882f03000e,69a6fcb68d2c56aa82e48a55,JR,70,179,81,63,35,77,85,46,32,38,74,113,42,85,21,60,71,60,38,28,SG,71,60,11
c6467e5b-fd10-46e3-88a0-9941391cc6b7,69a6fcb68d2c56aa82e48a55,SR,76,227,91,69,92,70,61,55,88,82,71,92,64,90,43,64,72,78,84,63,PF,84,78,6
d56e27a3-92ef-4c0a-a882-6b158131331e,69a6fcb68d2c56aa82e48a55,FR,66,149,6,30,10,28,23,22,10,5,31,14,18,34,29,24,26,19,10,5,SG,26,24,2
efbe97ca-5e68-4151-97e2-9b2c751a3e82,69a6fcb68d2c56aa82e48a55,SO,69,163,17,50,16,58,60,85,9,5,72,90,67,91,58,71,54,41,18,7,PG,71,54,17
efc6434e-25d0-4f55-9fb8-a3023cbf0371,69a6fcb68d2c56aa82e48a55,SR,71,180,11,56,9,13,22,11,9,9,47,39,10,75,20,22,37,27,14,6,SG,37,27,10
068c0b8a-c772-4542-a6ec-0cd6f21329ba,69a6fcb68d2c56aa82e48a56,JR,75,209,29,12,77,59,60,42,69,51,15,29,94,22,59,54,33,40,55,34,PF,55,54,1
0ebe584c-1baf-41aa-b270-f48549527ecf,69a6fcb68d2c56aa82e48a56,SO,69,178,5,24,5,13,24,43,8,11,40,8,26,30,68,31,21,20,10,4,PG,31,21,10
17694da1-cf52-4934-8755-aaddb23e7cd0,69a6fcb68d2c56aa82e48a56,JR,72,198,86,67,62,65,61,64,46,55,84,30,65,84,36,67,71,70,54,37,SG,71,70,1
20cdb34e-4f62-47ef-889c-729045d6359b,69a6fcb68d2c56aa82e48a56,SO,70,170,26,33,9,41,48,51,10,8,31,23,45,78,69,46,38,27,15,8,PG,46,38,8
23df2d9a-dabf-4777-96db-d7412b988291,69a6fcb68d2c56aa82e48a56,SR,74,201,40,26,23,32,5,34,19,46,58,56,13,73,62,28,33,42,31,19,SF,42,33,9
2e0089ee-a3e6-4c2d-8822-170fbbd335ac,69a6fcb68d2c56aa82e48a56,SR,77,239,15,85,86,19,58,6,70,84,11,55,78,80,92,41,52,52,75,58,PF,75,58,17
2e203d0c-8ac0-4f2b-938c-eada92a57d00,69a6fcb68d2c56aa82e48a56,JR,67,199,38,40,32,31,34,9,15,17,14,45,39,26,80,25,34,25,21,15,SG,34,25,9
3a910b40-f05c-4624-9555-aeb13faf56e6,69a6fcb68d2c56aa82e48a56,SO,70,174,65,88,26,45,71,38,32,35,71,100,45,94,41,54,71,56,37,24,SG,71,56,15
4e0e13d8-ae9a-4bc1-a852-86ff10c9292f,69a6fcb68d2c56aa82e48a56,FR,70,180,18,30,10,11,17,9,7,8,10,13,22,38,13,16,21,14,11,6,SG,21,16,5
9859cfc9-3290-46bb-9581-cb9518c081f1,69a6fcb68d2c56aa82e48a56,SO,74,187,7,8,20,41,41,29,42,24,11,4,35,22,88,30,20,19,28,14,PG,30,28,2
b3fab5a0-9a2e-41f8-89d4-271eaaceb6ad,69a6fcb68d2c56aa82e48a56,SR,81,248,85,16,99,24,40,13,89,93,29,45,74,53,31,37,32,59,84,95,C,95,84,11
bfe77fe9-6fdb-44d1-9616-1b0de46667ae,69a6fcb68d2c56aa82e48a56,FR,67,159,22,15,10,29,30,24,26,11,1,29,18,13,64,21,19,12,15,10,PG,21,19,2
c88c3ece-1dc8-4f53-8577-2c9494d2a503,69a6fcb68d2c56aa82e48a56,JR,76,228,49,6,60,21,18,17,51,69,27,43,45,29,9,26,20,41,56,44,PF,56,44,12
e78e967d-86f8-4f31-b5f3-2729ac5c3ecb,69a6fcb68d2c56aa82e48a56,SR,67,158,39,11,25,91,60,92,15,36,70,95,77,61,26,76,48,50,27,17,PG,76,50,26
eaae738e-6170-4191-b6bf-f6cf4a291b30,69a6fcb68d2c56aa82e48a56,SO,74,214,9,3,25,12,18,9,25,15,5,19,15,15,70,12,8,11,20,11,PF,20,12,8
24a33578-d7ff-46a2-b48b-2143614122ed,69a6fcb68d2c56aa82e48a57,JR,70,175,9,21,10,33,22,20,9,11,22,5,34,24,8,26,24,18,11,6,PG,26,24,2
27f01228-279c-4e5b-b463-99f578dd88c8,69a6fcb68d2c56aa82e48a57,SR,73,200,25,31,54,20,23,10,71,42,9,60,41,34,48,23,26,30,49,29,PF,49,30,19
4eedaa78-57c2-4714-9716-8314466e7992,69a6fcb68d2c56aa82e48a57,FR,67,159,3,7,1,32,3,25,6,19,9,13,20,9,32,18,14,13,9,4,PG,18,14,4
69e37c36-77cd-4d9d-ae97-0ab85d27f5b9,69a6fcb68d2c56aa82e48a57,SR,74,205,40,13,31,15,16,13,45,38,11,12,31,6,44,18,17,24,35,23,PF,35,24,11
a3269f39-4acb-4708-a3f3-48e56756c35d,69a6fcb68d2c56aa82e48a57,FR,75,210,52,5,38,2,15,8,50,24,15,55,28,8,62,14,12,21,34,25,PF,34,25,9
b2a51b35-fec8-4ba0-9155-9a0008b8a224,69a6fcb68d2c56aa82e48a57,FR,66,150,2,25,5,20,49,62,5,4,37,26,35,28,31,43,24,19,8,2,PG,43,24,19
b78c7115-a7ad-4bb1-98a7-822e88d5ecc0,69a6fcb68d2c56aa82e48a57,SR,74,204,73,52,70,75,55,47,68,70,71,58,44,82,92,55,63,69,63,42,SF,69,63,6
c1625529-4539-4e99-aedd-5b54235bfd6a,69a6fcb68d2c56aa82e48a57,SR,72,185,28,8,39,32,27,13,58,45,10,27,24,52,11,21,20,28,43,26,PF,43,28,15
c5242a24-b0fa-48ce-b148-299103be4221,69a6fcb68d2c56aa82e48a57,JR,69,168,8,27,17,44,36,29,17,14,82,49,8,69,30,34,36,37,17,8,SF,37,36,1
cf39c8b7-050d-4707-bdf6-5d3e20c0b777,69a6fcb68d2c56aa82e48a57,SR,72,190,65,86,22,74,66,58,33,44,74,106,72,85,18,69,78,62,42,25,SG,78,69,9
dfc97213-ecf1-418e-b01c-0d5043992c37,69a6fcb68d2c56aa82e48a57,FR,78,239,24,10,28,7,11,6,46,41,13,14,37,24,12,16,13,23,40,51,C,51,40,11
e022c1d8-b3a6-49d7-b2c3-9657f4b70b6b,69a6fcb68d2c56aa82e48a57,SO,72,173,26,26,18,25,15,31,8,9,12,18,12,34,26,21,24,17,15,9,SG,24,21,3
eba936b9-f30b-4fe1-b3ee-402cb9be9d6f,69a6fcb68d2c56aa82e48a57,FR,74,185,18,19,37,35,14,18,20,14,31,26,27,26,31,23,25,25,22,13,SG,25,25,0
edd432d7-b483-4813-861d-9b03d0d2ba95,69a6fcb68d2c56aa82e48a57,FR,68,167,16,28,19,2,30,25,4,15,4,31,19,7,53,19,16,13,11,8,PG,19,16,3
eefc46cc-42f6-468a-93ff-96286eec18b9,69a6fcb68d2c56aa82e48a57,SO,69,171,22,43,21,42,68,43,15,20,52,28,25,83,100,45,44,36,21,12,PG,45,44,1
12279faf-2c25-4f66-a057-8621c48f7982,69a6fcb68d2c56aa82e48a58,FR,70,177,1,24,2,15,30,32,25,31,5,16,12,3,52,20,16,14,18,9,PG,20,18,2
1a4c430b-b160-42a5-9de7-759e64726a81,69a6fcb68d2c56aa82e48a58,SR,73,188,22,6,25,10,17,5,26,13,12,26,54,23,51,21,13,16,23,13,PF,23,21,2
1ac0782e-e1b3-4cb6-9462-b1ff032ed9ed,69a6fcb68d2c56aa82e48a58,SR,80,244,62,26,75,14,62,8,68,89,11,37,70,95,16,38,33,51,74,84,C,84,74,10
29654adb-54cf-4584-85cc-976e8bada5cc,69a6fcb68d2c56aa82e48a58,SR,70,168,11,85,10,17,47,9,27,12,13,14,56,88,68,35,50,26,25,9,SG,50,35,15
2a5439f6-4e6d-4f0e-90f5-cb7f56e94ddb,69a6fcb68d2c56aa82e48a58,SR,73,195,87,45,67,64,74,56,46,66,86,26,61,84,52,65,62,72,57,40,SF,72,65,7
2b2c829f-d990-4463-9fa7-679126f14f58,69a6fcb68d2c56aa82e48a58,SO,75,217,48,14,73,15,37,15,79,70,27,39,62,27,13,32,23,44,62,40,PF,62,44,18
31699ab9-3855-44ae-87dc-76a6bca3190e,69a6fcb68d2c56aa82e48a58,FR,68,159,32,17,11,13,35,22,9,14,29,42,45,24,18,29,21,22,14,10,PG,29,22,7
493e2128-9168-4295-8d9a-2c7259186406,69a6fcb68d2c56aa82e48a58,SR,68,205,3,25,45,57,25,28,5,60,44,26,45,12,64,35,33,42,28,17,SF,42,35,7
4c985ddd-4f6e-4be7-8476-8b8be842724e,69a6fcb68d2c56aa82e48a58,JR,72,190,9,15,23,29,11,27,18,50,61,13,59,18,17,35,25,39,29,15,SF,39,35,4
65f42052-4920-43e4-b39c-0066a20d2cbf,69a6fcb68d2c56aa82e48a58,JR,75,199,41,78,72,35,88,38,63,36,24,63,75,92,74,58,59,46,55,32,SG,59,58,1
670a92ad-fea1-44c9-b8c8-c1a0c46dc7ef,69a6fcb68d2c56aa82e48a58,SR,70,177,63,87,21,69,83,72,29,10,95,89,78,83,47,78,80,58,30,18,SG,80,78,2
a04ece8d-f769-4861-82a6-3339cdb87cf5,69a6fcb68d2c56aa82e48a58,SO,67,159,28,20,4,18,1,6,22,21,27,15,3,9,65,9,19,20,15,11,SF,20,19,1
a3860d21-e625-4b2a-bd76-51c5ff5958af,69a6fcb68d2c56aa82e48a58,JR,74,207,47,50,33,26,21,18,29,45,33,13,32,20,28,26,38,38,35,23,SG,38,38,0
b97f8a36-2532-4fe9-af35-5f42ab24a737,69a6fcb68d2c56aa82e48a58,SO,73,181,15,8,37,35,24,38,14,16,19,62,86,28,92,44,22,24,23,12,PG,44,24,20
d664ffa7-8320-4050-97bb-bc4ff162b5cf,69a6fcb68d2c56aa82e48a58,FR,74,200,17,7,25,9,11,8,25,21,14,9,39,14,6,17,11,17,23,13,PF,23,17,6
0add5f1e-8da2-486e-8927-ced609e0c6cc,69a6fcb68d2c56aa82e48a59,SR,78,228,50,26,72,7,56,5,87,65,12,35,85,25,71,36,27,40,70,71,C,71,70,1
1b444605-7f6e-495f-af71-4108eadbc89a,69a6fcb68d2c56aa82e48a59,SO,70,180,29,64,11,29,34,23,50,31,18,61,20,75,80,29,44,30,34,18,SG,44,34,10
23c5cfe7-e031-4a39-a9b7-dd9127747708,69a6fcb68d2c56aa82e48a59,JR,71,168,6,13,18,37,26,18,8,18,22,33,2,3,9,16,19,18,11,7,SG,19,18,1
2773f3d4-1b64-4b29-ac1d-37043c17438d,69a6fcb68d2c56aa82e48a59,SR,68,162,7,10,11,6,41,45,9,11,20,31,54,105,38,42,18,19,16,6,PG,42,19,23
30b4fb3d-6a8a-4ea8-a62e-aa4c1614bf0a,69a6fcb68d2c56aa82e48a59,FR,75,205,19,8,30,7,13,3,33,26,7,41,14,14,40,9,10,16,26,16,PF,26,16,10
3ace59bd-a5ac-4639-9549-c35d5e1d00c6,69a6fcb68d2c56aa82e48a59,SO,69,172,16,26,13,52,16,28,20,21,47,96,21,60,90,30,35,32,19,10,SG,35,32,3
4a571cf8-fb0f-43c3-8104-0cab2ee3e3d6,69a6fcb68d2c56aa82e48a59,FR,70,160,25,28,15,1,15,12,11,14,18,24,10,4,25,12,17,16,12,10,SG,17,16,1
5ea5f459-710e-489f-9973-c276ac874221,69a6fcb68d2c56aa82e48a59,JR,71,188,78,55,39,85,55,57,25,44,81,100,44,70,97,59,68,63,37,28,SG,68,63,5
90fd9806-3d58-432d-9a77-57cd478a2e52,69a6fcb68d2c56aa82e48a59,SR,74,207,43,22,16,16,28,18,34,42,19,9,65,32,60,32,25,30,34,20,PF,34,32,2
a3e25093-32f8-4933-865d-ff32c813d627,69a6fcb68d2c56aa82e48a59,JR,70,190,10,5,33,75,14,35,11,22,51,13,70,18,90,44,32,35,19,11,PG,44,35,9
b13b28cc-549c-421c-8eb8-73974a2270c0,69a6fcb68d2c56aa82e48a59,FR,68,174,6,19,18,10,20,20,22,9,31,16,18,32,10,20,17,18,15,8,PG,20,18,2
b7b3a416-ae6c-49bf-a5c5-0559e9be463c,69a6fcb68d2c56aa82e48a59,SR,76,216,99,85,84,75,45,75,66,90,93,38,20,66,24,59,78,84,76,61,SF,84,78,6
df743fbc-109b-460c-8b00-c0b5c2d324bc,69a6fcb68d2c56aa82e48a59,JR,70,179,46,27,39,76,65,65,26,25,76,86,64,75,19,66,52,51,30,20,PG,66,52,14
f369adfc-6cb6-4c9e-8725-dee69f5801aa,69a6fcb68d2c56aa82e48a59,JR,76,228,45,11,68,19,44,6,62,61,21,63,60,28,11,29,22,39,59,45,PF,59,45,14
f4c14001-290b-4e61-a8e8-2d57ab6cab91,69a6fcb68d2c56aa82e48a59,FR,73,182,18,6,38,29,12,7,42,34,29,19,11,21,53,14,17,26,32,20,PF,32,26,6
1ed3f0a1-6620-415a-8765-a8ddee34708f,69a6fcb68d2c56aa82e48a5a,JR,75,202,42,95,33,14,36,21,17,17,9,41,14,92,30,27,54,30,29,16,SG,54,30,24
27ba5b79-8bf4-4240-9c5b-7afeb3e92965,69a6fcb68d2c56aa82e48a5a,SR,67,162,21,25,11,31,17,20,44,31,43,27,19,38,30,24,28,30,28,16,SF,30,28,2
2d4fd983-68d5-45d9-9af3-d1688fcadf15,69a6fcb68d2c56aa82e48a5a,JR,69,172,77,94,35,8,16,4,6,55,46,31,23,15,4,20,55,49,31,26,SG,55,49,6
4c713af0-28b3-49cc-bb9a-351ebd0f7ff4,69a6fcb68d2c56aa82e48a5a,FR,69,167,14,23,23,21,29,32,7,25,30,6,26,3,41,27,22,23,15,10,PG,27,23,4
542e19ec-dd41-45fa-9e65-ac8ebcd13eb2,69a6fcb68d2c56aa82e48a5a,SO,72,200,32,16,28,101,41,18,29,19,89,11,36,12,52,41,48,47,25,16,SG,48,47,1
5ef6fd56-676a-4f08-a4ba-095ad39c6527,69a6fcb68d2c56aa82e48a5a,SO,71,196,22,17,21,44,41,18,10,9,24,13,14,21,6,24,26,20,12,9,SG,26,24,2
717f7d77-277e-4a58-8f1b-70d1837e3925,69a6fcb68d2c56aa82e48a5a,SR,68,162,13,26,28,26,25,24,15,15,28,25,18,24,20,23,24,22,16,11,SG,24,23,1
84369e66-6eec-4602-8292-d2d908f75a01,69a6fcb68d2c56aa82e48a5a,JR,76,212,65,49,91,14,42,25,61,96,21,38,46,10,8,32,37,54,72,57,PF,72,57,15
8e20b4ee-9900-450d-9250-3191797d2d36,69a6fcb68d2c56aa82e48a5a,SR,73,175,58,24,62,36,47,11,15,10,15,21,10,49,50,22,31,27,26,22,SG,31,27,4
b450cdf3-a04f-45ae-bcee-34484095664f,69a6fcb68d2c56aa82e48a5a,SR,72,190,80,16,51,27,11,5,51,90,18,8,20,28,46,15,26,47,55,41,PF,55,47,8
bcc1063d-7149-4e3b-8e98-4b8e72a6a54e,69a6fcb68d2c56aa82e48a5a,FR,70,181,22,44,29,15,44,33,91,90,48,23,28,33,71,34,34,49,60,35,PF,60,49,11
cc243642-eff7-433b-90f4-1258e778765a,69a6fcb68d2c56aa82e48a5a,JR,75,199,15,59,30,96,47,55,22,48,95,50,25,25,85,53,63,58,32,17,SG,63,58,5
d093e27a-81a8-4cce-b1c2-51e93cd6f68e,69a6fcb68d2c56aa82e48a5a,SR,75,212,72,91,13,88,39,15,66,23,69,79,56,54,24,47,80,55,44,26,SG,80,55,25
f43ec521-f884-496f-9461-e3c5d460c16d,69a6fcb68d2c56aa82e48a5a,FR,67,167,18,11,24,19,20,24,5,2,16,15,25,8,46,21,15,13,9,7,PG,21,15,6
fad23ee6-01ec-42f3-9b4b-44f65b4f9acf,69a6fcb68d2c56aa82e48a5a,SR,69,170,13,7,32,37,73,47,14,27,12,5,43,29,62,43,22,22,20,13,PG,43,22,21
2b7b22c7-6c06-4fb4-8992-96c3dcb8b0ab,69a6fcb68d2c56aa82e48a5b,SR,76,225,92,29,51,8,14,18,60,96,4,33,31,34,85,20,27,46,66,55,PF,66,55,11
45fee34b-726f-4679-b498-a7912a2ea73b,69a6fcb68d2c56aa82e48a5b,SO,77,222,53,19,31,68,32,19,94,95,32,29,72,96,26,44,43,57,76,61,PF,76,61,15
548d090e-16f2-4147-91d4-fbebb4226789,69a6fcb68d2c56aa82e48a5b,FR,72,188,5,5,5,2,8,4,7,5,6,10,6,4,2,5,4,5,8,3,PF,8,5,3
554ac0e0-4a9b-4da8-8dc5-70371136f325,69a6fcb68d2c56aa82e48a5b,JR,84,255,8,4,13,7,6,4,4,4,12,5,4,5,63,5,6,8,13,44,C,44,13,31
5ca1dfe2-ee0d-4682-afee-82a16040adaa,69a6fcb68d2c56aa82e48a5b,FR,71,161,27,15,7,27,11,12,22,3,4,13,6,20,46,12,18,11,12,9,SG,18,12,6
7055b95a-cb86-4de2-b5f6-81a0209fa5dc,69a6fcb68d2c56aa82e48a5b,SR,68,205,8,5,18,42,44,2,29,52,40,21,24,62,30,25,24,35,29,16,SF,35,29,6
72e0fbf4-3463-4672-9575-2973f1fbd3e9,69a6fcb68d2c56aa82e48a5b,SO,74,181,29,5,20,30,11,10,21,42,22,37,21,1,4,15,16,26,25,17,SF,26,25,1
7d392290-3ba4-41aa-ad27-3407fe24d909,69a6fcb68d2c56aa82e48a5b,SR,71,182,32,104,47,72,47,52,18,77,16,36,40,88,50,51,73,55,45,26,SG,73,55,18
a47cc97e-470d-4f3f-be8e-1165b7cd7938,69a6fcb68d2c56aa82e48a5b,SR,73,188,48,88,31,21,36,25,25,32,28,41,19,90,35,31,55,39,35,20,SG,55,39,16
aab419c2-9a06-477b-9325-4fed9ad359e5,69a6fcb68d2c56aa82e48a5b,JR,66,161,16,94,33,92,11,10,23,27,13,37,52,29,40,34,68,38,28,15,SG,68,38,30
cf7d1922-f13e-4014-b97f-ad598d7d1ac4,69a6fcb68d2c56aa82e48a5b,FR,72,188,22,102,31,53,19,32,15,27,4,32,19,21,69,29,60,31,27,14,SG,60,31,29
d0b1e262-4680-41bf-ae6e-a56ca8ed1d07,69a6fcb68d2c56aa82e48a5b,SR,67,160,9,11,15,11,10,14,9,9,5,12,12,18,82,12,11,10,10,6,PG,12,11,1
d31f1185-45c6-4d41-84fa-0b5925b19dcd,69a6fcb68d2c56aa82e48a5b,SO,73,197,93,38,6,88,29,34,42,36,68,15,31,11,71,40,57,51,34,27,SG,57,51,6
fa6e6da6-d53b-481f-84bf-a81170f58fbf,69a6fcb68d2c56aa82e48a5b,SO,79,236,101,25,82,11,24,8,77,95,35,3,37,19,74,22,30,57,76,93,C,93,76,17
fbbc99c3-a6e5-4498-8f55-cd0774d74944,69a6fcb68d2c56aa82e48a5b,FR,69,170,79,73,28,19,2,31,20,46,40,19,16,3,26,23,47,42,30,26,SG,47,42,5
0b71104c-4c5d-47f2-bfe4-d478721d7f36,69a6fcb68d2c56aa82e48a5c,SR,73,211,54,88,13,93,32,57,41,19,33,21,58,50,60,56,74,43,34,19,SG,74,56,18
1453f115-5151-4faa-836f-0ed96fa61928,69a6fcb68d2c56aa82e48a5c,FR,71,192,27,43,38,71,99,91,25,23,12,22,61,40,53,70,49,32,28,17,PG,70,49,21
1ea1b942-2c12-4ad4-acfd-43c94e6506a9,69a6fcb68d2c56aa82e48a5c,FR,69,163,13,20,17,27,22,26,18,22,22,9,16,25,83,22,21,21,17,10,PG,22,21,1
35718755-ed87-42f5-8f9e-dc613b5df8ab,69a6fcb68d2c56aa82e48a5c,JR,72,198,42,69,19,72,33,28,98,91,71,41,49,41,43,45,63,65,68,38,PF,68,65,3
42ad09db-ec69-4369-b8b6-d173f7e6da00,69a6fcb68d2c56aa82e48a5c,SR,71,188,101,51,39,34,17,19,98,96,47,24,8,31,46,22,46,60,69,50,PF,69,60,9
4306819d-fd67-4a50-b128-97b99971bdeb,69a6fcb68d2c56aa82e48a5c,SO,69,173,12,16,92,33,31,37,94,61,19,25,34,40,55,32,23,39,62,39,PF,62,39,23
57e9b1fd-421b-4823-b7ef-c96d22b57904,69a6fcb68d2c56aa82e48a5c,SR,77,199,10,41,44,44,46,32,19,38,12,62,58,39,68,41,37,31,37,37,PG,41,37,4
61c1ec16-abc9-46e7-8644-4bff45365f07,69a6fcb68d2c56aa82e48a5c,SR,71,190,16,30,26,46,59,57,36,19,38,29,52,5,61,49,35,29,25,15,PG,49,35,14
6856e726-98c4-4cd1-a3b3-c7ac414e6f8e,69a6fcb68d2c56aa82e48a5c,SO,70,173,7,7,10,6,9,14,4,9,5,5,2,6,69,8,6,7,6,4,PG,8,7,1
a4886f8a-e35d-4805-9a8e-2325d829cf6a,69a6fcb68d2c56aa82e48a5c,SR,79,229,66,61,77,55,62,59,77,59,58,47,52,48,31,57,59,60,68,82,C,82,68,14
a4db3728-00a8-4329-82e9-35818bb542af,69a6fcb68d2c56aa82e48a5c,JR,75,198,93,24,54,82,18,30,4,38,75,48,35,40,84,39,52,57,31,28,SF,57,52,5
bee34251-88e7-451a-892e-9fa12db58467,69a6fcb68d2c56aa82e48a5c,FR,66,177,5,18,7,6,19,22,15,12,20,13,15,7,12,17,13,13,11,6,PG,17,13,4
cebed475-dbe7-41dd-9f47-b75038b2b9f9,69a6fcb68d2c56aa82e48a5c,FR,69,173,1,16,22,31,15,14,16,30,15,11,31,8,69,20,18,20,18,10,PG,20,20,0
d7975d7d-4687-4a2b-9d09-ed0bf01dea01,69a6fcb68d2c56aa82e48a5c,FR,71,200,56,72,83,74,73,88,76,59,53,79,73,77,14,76,69,64,64,41,PG,76,69,7
f3281d82-23ff-4d14-acb1-5bb5d40c456f,69a6fcb68d2c56aa82e48a5c,JR,71,194,19,20,20,15,26,20,23,26,30,20,13,20,61,20,20,23,20,13,SF,23,20,3
05f93933-514a-4a4e-805e-c76ba8c12dfa,69a6fcb68d2c56aa82e48a5d,SR,73,200,6,17,89,34,24,26,6,102,39,25,27,7,88,27,23,52,46,30,SF,52,46,6
111173b8-4321-4f96-ab7e-559e8195634d,69a6fcb68d2c56aa82e48a5d,FR,70,161,4,6,6,28,22,19,20,23,24,7,4,14,2,16,14,17,14,8,SF,17,16,1
5a27f1b1-ba4a-417e-bd83-45abd8ef5829,69a6fcb68d2c56aa82e48a5d,JR,72,200,90,37,88,9,12,17,77,89,13,16,14,5,48,15,29,49,68,52,PF,68,52,16
86b911a5-c022-4041-aefd-175a0e1f2acf,69a6fcb68d2c56aa82e48a5d,SO,73,206,39,42,60,43,41,14,21,44,45,90,91,41,7,46,45,47,39,25,SF,47,46,1
86d23c96-e9a6-4357-8755-df118c89ca83,69a6fcb68d2c56aa82e48a5d,FR,69,172,14,27,17,8,22,2,13,21,30,2,25,30,33,17,21,22,16,10,SF,22,21,1
99f962c5-3624-4082-a420-916f7999241f,69a6fcb68d2c56aa82e48a5d,SO,70,167,49,17,78,99,71,46,48,40,96,64,63,23,19,62,54,63,44,32,SF,63,62,1
a944ed04-c4f4-49e7-afa6-2cd4e1fa7887,69a6fcb68d2c56aa82e48a5d,FR,72,160,24,18,10,8,1,27,3,31,22,3,10,18,29,16,15,21,16,10,SF,21,16,5
ac26dbe2-e590-49aa-9bde-745584e548f9,69a6fcb68d2c56aa82e48a5d,JR,70,167,63,53,50,22,16,43,61,38,73,58,66,84,17,48,49,54,49,32,SF,54,49,5
c642adfa-692a-4f3f-8e3a-6401543c7a45,69a6fcb68d2c56aa82e48a5d,SO,70,169,57,99,22,27,76,32,39,24,48,59,48,94,20,50,68,46,36,21,SG,68,50,18
d5e6f137-86ff-4c0b-9e5b-5afd094826d5,69a6fcb68d2c56aa82e48a5d,SR,74,205,47,49,31,35,51,50,91,96,42,26,21,56,59,41,44,55,67,40,PF,67,55,12
d8b1e862-fbee-44f7-b8b9-160531c0b8df,69a6fcb68d2c56aa82e48a5d,SR,77,235,95,24,97,32,50,6,90,95,20,12,22,41,99,23,35,57,82,77,PF,82,77,5
da3e79a7-5fec-46d4-b847-bdf2870e1fe8,69a6fcb68d2c56aa82e48a5d,JR,68,159,2,19,42,91,32,37,13,12,99,36,44,19,56,48,45,46,17,10,PG,48,46,2
e297fdab-a3da-45d0-af00-1742e371915d,69a6fcb68d2c56aa82e48a5d,SO,68,175,38,8,31,51,67,58,36,36,22,22,46,26,56,48,29,31,30,21,PG,48,31,17
eb149eb8-bb89-4d90-8779-e02f1bd6d6d5,69a6fcb68d2c56aa82e48a5d,FR,79,238,60,57,80,61,52,58,64,60,73,65,74,83,71,64,62,67,67,80,C,80,67,13
f8b7f7b5-bd62-420a-a31e-08ae8c95fb93,69a6fcb68d2c56aa82e48a5d,SR,73,192,15,35,91,88,61,41,25,90,97,15,63,19,39,58,54,74,53,33,SF,74,58,16
1e0bff47-584a-4bd4-9e42-e0747334af05,69a6fcb68d2c56aa82e48a5e,SR,72,204,27,26,99,25,8,33,94,96,39,16,24,23,74,26,26,54,75,47,PF,75,54,21
3c54acfe-3734-4fc7-a93d-f119b7b02a8f,69a6fcb68d2c56aa82e48a5e,JR,70,175,64,70,17,12,30,7,19,49,47,15,5,9,10,18,44,41,28,22,SG,44,41,3
43d8db11-939d-4072-8a36-f4f7b7e01405,69a6fcb68d2c56aa82e48a5e,SO,76,217,22,25,20,23,11,23,35,19,19,15,20,37,100,21,23,21,31,24,PF,31,24,7
454ba22f-64b7-46bb-81f3-db24255bf86a,69a6fcb68d2c56aa82e48a5e,SO,78,235,58,21,96,9,33,34,86,102,51,11,13,34,92,27,26,59,80,81,C,81,80,1
57635d76-5528-45b7-935f-b51d048b1cb8,69a6fcb68d2c56aa82e48a5e,SR,78,242,20,54,95,20,39,64,56,93,32,53,19,51,42,40,37,54,69,70,C,70,69,1
7cdcfe0e-f1e0-42b4-ae58-d7d1e7103657,69a6fcb68d2c56aa82e48a5e,SO,68,159,15,16,36,98,32,18,12,15,99,24,10,4,3,33,45,46,15,12,SF,46,45,1
818f2f6e-b5cb-4b16-87a2-558165d1aaa6,69a6fcb68d2c56aa82e48a5e,SR,76,225,5,90,32,9,30,33,40,33,93,36,17,14,79,34,51,47,39,26,SG,51,47,4
867bd500-e019-4d1b-ad28-6fa0994f1db8,69a6fcb68d2c56aa82e48a5e,SR,77,220,64,55,35,10,13,27,38,47,46,41,16,35,57,24,39,42,44,48,C,48,44,4
8bc852b1-a741-4b2e-8a2a-0a0d880f4c63,69a6fcb68d2c56aa82e48a5e,SO,71,194,10,15,10,10,20,14,10,9,9,11,10,13,56,13,13,10,9,6,PG,13,13,0
97499e54-2a34-4bc3-819b-54f814d8faed,69a6fcb68d2c56aa82e48a5e,SR,83,258,69,72,99,71,54,49,93,99,17,73,27,23,20,43,60,63,85,94,C,94,85,9
9dfaa77d-643a-4706-b951-46ffccb0649e,69a6fcb68d2c56aa82e48a5e,SO,66,162,17,21,27,17,3,21,29,41,31,28,10,8,41,16,18,27,26,17,SF,27,26,1
9e1742a8-7df0-435a-968b-eeb5e47cef25,69a6fcb68d2c56aa82e48a5e,JR,69,180,26,38,6,18,27,42,46,21,12,33,12,23,21,26,27,19,25,15,SG,27,26,1
b2ad3654-b5cc-420c-b2d8-4b15c4d572ab,69a6fcb68d2c56aa82e48a5e,SO,79,247,45,9,72,43,10,12,52,78,42,10,25,62,21,23,28,51,60,77,C,77,60,17
c42bdac2-c4a6-4761-8750-68381855d473,69a6fcb68d2c56aa82e48a5e,SO,70,181,36,41,2,39,30,19,20,16,23,6,31,22,31,27,36,24,17,11,SG,36,27,9
f0b8e301-f14c-4ff8-9a69-7399b7bfb0a4,69a6fcb68d2c56aa82e48a5e,JR,75,178,22,6,9,16,36,42,52,17,16,30,50,35,32,36,16,18,29,15,PG,36,29,7
13986249-c802-4df8-a6f0-75d608812f54,69a6fcb68d2c56aa82e48a5f,SO,71,183,27,39,5,24,13,33,102,95,7,37,32,27,89,26,29,38,61,34,PF,61,38,23
23ce516c-43a4-44e5-afe7-c3e8cf4dcaca,69a6fcb68d2c56aa82e48a5f,SR,65,135,21,20,18,22,19,17,15,11,17,18,18,11,95,18,20,17,13,10,SG,20,18,2
37d55ad4-3335-4f44-8976-bdf5ec244dda,69a6fcb68d2c56aa82e48a5f,FR,83,261,78,94,88,85,81,70,87,77,92,97,71,74,42,77,87,84,82,90,C,90,87,3
50813532-96ae-4681-a9d3-e2a48970ccf9,69a6fcb68d2c56aa82e48a5f,FR,73,209,44,11,65,15,10,30,40,63,3,27,10,28,70,17,15,32,45,32,PF,45,32,13
6fb40cc2-06fd-43f5-bd38-c6861d57cdb6,69a6fcb68d2c56aa82e48a5f,JR,74,202,30,18,30,38,39,28,19,38,22,16,10,25,32,25,26,28,26,18,SF,28,26,2
75ca66f5-b2c0-4ed6-92f8-a4e2be45ef0b,69a6fcb68d2c56aa82e48a5f,SR,69,169,21,25,27,17,18,13,28,22,17,15,38,22,26,22,22,22,23,15,PF,23,22,1
7ac0e799-8668-4baf-938e-3f0948a6c0e9,69a6fcb68d2c56aa82e48a5f,SR,70,183,17,24,13,22,23,18,31,24,37,24,30,44,89,26,25,27,23,13,SF,27,26,1
8287e491-1aa1-4ec0-bc46-7b0423288bd6,69a6fcb68d2c56aa82e48a5f,FR,67,158,13,10,7,21,14,24,16,5,20,16,1,8,70,15,14,12,9,6,PG,15,14,1
a51d6643-f37c-4464-b68b-a9b2f2817325,69a6fcb68d2c56aa82e48a5f,SR,69,170,19,89,43,18,42,13,49,17,95,24,64,51,14,44,59,51,37,19,SG,59,51,8
b8baa31e-a4a9-4f45-9392-87fd70a5fdb7,69a6fcb68d2c56aa82e48a5f,FR,75,207,54,96,95,98,70,65,55,42,68,46,34,52,21,62,83,66,56,37,SG,83,66,17
c0071f00-141d-449c-ae87-81ce5233535b,69a6fcb68d2c56aa82e48a5f,JR,73,171,30,20,41,17,16,49,21,34,10,22,29,40,46,30,20,25,29,19,PG,30,29,1
c0eedba2-af25-4a9c-8b33-74540c536fce,69a6fcb68d2c56aa82e48a5f,FR,67,156,30,8,34,33,70,50,12,3,15,26,45,19,76,43,23,18,15,12,PG,43,23,20
c9086fd1-b248-4688-bacc-75a4d822ecd2,69a6fcb68d2c56aa82e48a5f,SO,68,164,40,28,33,17,34,36,12,32,7,9,13,3,76,23,23,22,21,18,PG,23,23,0
db7a9990-48b0-465a-ae03-3ce0180ada3d,69a6fcb68d2c56aa82e48a5f,JR,68,176,57,60,70,57,65,65,56,79,46,62,61,57,15,61,58,62,59,39,SF,62,61,1
ece0a322-a1df-466e-a914-083e4b9e1678,69a6fcb68d2c56aa82e48a5f,FR,68,166,20,9,26,21,16,19,17,21,19,16,17,23,53,18,16,20,18,13,SF,20,18,2
2183cd82-7ee1-422a-b575-3ebd86596ed9,69a6fcb68d2c56aa82e48a60,SR,67,161,21,12,40,19,34,29,37,25,21,35,24,18,57,25,18,23,27,18,PF,27,25,2
46325fbc-78e1-4a02-94e0-b9610c7a6f11,69a6fcb68d2c56aa82e48a60,SR,72,202,29,98,44,62,25,51,35,25,94,32,63,46,70,58,74,58,38,20,SG,74,58,16
4eb358c6-7b94-4cbc-a0fa-aebe4cd5a570,69a6fcb68d2c56aa82e48a60,JR,74,191,19,19,34,40,45,16,15,40,13,40,52,3,54,31,26,27,27,16,PG,31,27,4
6241be83-f463-4895-8202-b4f6a89c2b57,69a6fcb68d2c56aa82e48a60,JR,73,193,59,7,77,43,13,20,54,91,22,35,40,20,18,26,25,50,59,42,PF,59,50,9
62e861c5-c77b-4a01-9e49-2deab13af119,69a6fcb68d2c56aa82e48a60,JR,80,244,69,59,68,78,54,72,69,72,62,51,78,76,41,70,67,69,70,82,C,82,70,12
7bd04a8c-8ba7-4713-86c9-45ceb66d02f4,69a6fcb68d2c56aa82e48a60,FR,67,147,38,37,38,99,10,5,37,32,97,26,24,26,5,32,56,56,31,22,SG,56,56,0
af4c2814-b1dc-4d26-8741-8ffa04019b8e,69a6fcb68d2c56aa82e48a60,SR,71,181,65,77,78,62,13,32,31,9,94,31,10,31,49,35,65,56,32,27,SG,65,56,9
ba258d12-366e-4c62-86c1-abc279360d25,69a6fcb68d2c56aa82e48a60,FR,72,172,29,11,16,27,31,27,13,3,29,25,22,16,58,25,20,18,13,9,PG,25,20,5
ccbb9a33-5228-40a0-87d5-b3308d7b64d5,69a6fcb68d2c56aa82e48a60,FR,71,158,7,32,2,25,30,3,9,28,16,10,15,22,74,16,25,19,14,7,SG,25,19,6
d6d24ef8-22da-481c-b210-4a5f9e729302,69a6fcb68d2c56aa82e48a60,SO,78,235,14,15,14,12,15,9,13,19,18,18,13,8,54,12,14,16,21,39,C,39,21,18
e35a3baf-2a1f-48e6-b604-ddcdd1a09b20,69a6fcb68d2c56aa82e48a60,JR,69,166,95,11,48,96,12,38,40,48,90,27,22,11,72,38,49,61,38,35,SF,61,49,12
e3d5b56f-3a40-40e0-8a30-c4f522a96a7e,69a6fcb68d2c56aa82e48a60,SR,74,215,38,33,32,12,57,34,43,59,24,32,33,28,33,34,28,35,42,26,PF,42,35,7
e4403e61-d59c-4bb0-aa79-1dd717220062,69a6fcb68d2c56aa82e48a60,FR,70,172,36,89,14,33,24,27,20,39,98,31,10,24,100,33,60,53,26,16,SG,60,53,7
e9f33eed-5195-4d37-9848-f87017fdd1cd,69a6fcb68d2c56aa82e48a60,SR,81,253,80,90,73,66,79,87,84,92,81,90,92,76,100,84,81,83,84,89,C,89,84,5
ffa9eb94-6967-4911-b1b2-79e1e993b154,69a6fcb68d2c56aa82e48a60,FR,78,243,33,15,15,24,33,10,25,30,12,16,24,19,9,19,20,21,29,45,C,45,29,16
089630aa-f33a-44e9-839f-86a625437b7f,69a6fcb68d2c56aa82e48a61,JR,75,206,96,84,32,20,21,29,40,51,46,37,13,10,15,26,55,49,42,33,SG,55,49,6
1ad0442a-f0d9-4335-b48d-988e01da84f1,69a6fcb68d2c56aa82e48a61,JR,70,178,29,19,24,25,22,18,39,30,20,20,21,18,94,20,22,24,27,18,PF,27,24,3
23b04667-c88d-4213-a001-07ff19d371d2,69a6fcb68d2c56aa82e48a61,SO,69,181,16,9,6,17,15,13,13,8,12,11,18,8,81,14,13,11,9,6,PG,14,13,1
2470ee5d-f878-47c1-90a2-2e2359abbed8,69a6fcb68d2c56aa82e48a61,FR,69,158,8,28,12,12,20,26,31,11,29,17,23,14,65,23,21,18,17,9,PG,23,21,2
25ac0326-dc8c-4960-91a2-168fa78a3f22,69a6fcb68d2c56aa82e48a61,SR,81,259,72,70,99,80,83,74,102,92,62,43,51,68,46,68,72,77,89,95,C,95,89,6
3f11a5d0-bb4e-4c48-b86f-ce11c582d44c,69a6fcb68d2c56aa82e48a61,JR,76,226,43,40,73,2,33,10,44,76,69,46,23,44,16,25,33,55,58,45,PF,58,55,3
4f98bd53-4926-4b70-b0ec-267e2b791608,69a6fcb68d2c56aa82e48a61,SR,66,142,36,5,45,67,103,92,44,26,22,4,76,5,13,71,34,31,33,23,PG,71,34,37
52028142-8838-411d-a620-25964198cd1d,69a6fcb68d2c56aa82e48a61,JR,75,218,60,50,45,49,40,69,40,70,41,52,71,54,47,59,51,54,50,32,PG,59,54,5
607a6e8b-cf30-40a9-b17a-0a82e67339b4,69a6fcb68d2c56aa82e48a61,SR,75,204,60,17,98,33,12,13,56,93,15,14,13,29,24,16,25,50,63,46,PF,63,50,13
6d818eea-ad27-4dd1-8160-24a0ca9671bb,69a6fcb68d2c56aa82e48a61,SO,70,157,34,3,35,28,28,22,24,33,26,1,15,31,56,22,18,27,25,19,SF,27,25,2
89a43f53-7f2d-40a5-9062-3ac657af4b82,69a6fcb68d2c56aa82e48a61,SR,74,208,99,95,65,9,92,104,23,24,48,20,15,35,47,61,62,47,37,32,SG,62,61,1
8dcb1fde-9000-4fcf-9a5c-26f549989199,69a6fcb68d2c56aa82e48a61,JR,68,174,3,36,49,19,12,29,37,52,2,47,33,28,40,24,23,27,36,21,PF,36,27,9
944afbc7-97e1-4295-b8e5-13f98ee9fb89,69a6fcb68d2c56aa82e48a61,FR,72,194,65,14,58,95,96,101,36,35,39,59,91,5,11,82,49,46,40,29,PG,82,49,33
e8406fdc-497f-462a-88bb-ed87ceb0986a,69a6fcb68d2c56aa82e48a61,JR,75,213,46,65,66,72,65,68,43,62,63,41,69,63,23,67,65,63,53,33,PG,67,65,2
fa48b895-b239-4d7c-b8f3-0b3272c09296,69a6fcb68d2c56aa82e48a61,JR,71,187,96,92,28,23,24,28,14,72,82,42,15,40,99,33,64,65,39,32,SF,65,64,1
05c14835-906a-48f1-bc89-2f8acdd2254f,69a6fcb68d2c56aa82e48a62,FR,75,214,37,33,22,44,12,13,37,12,16,32,40,4,76,24,32,23,26,16,SG,32,26,6
0e90dadb-0ac8-42b7-a7f7-64910323c890,69a6fcb68d2c56aa82e48a62,JR,67,159,26,25,13,16,24,18,28,25,24,16,23,24,79,21,23,23,22,14,SG,23,23,0
21e99c4d-e22b-4afd-bcb3-510ec73a3caa,69a6fcb68d2c56aa82e48a62,JR,79,243,88,46,89,34,32,42,82,91,14,4,14,21,39,29,40,54,77,92,C,92,77,15
6482468e-037f-41fb-94e8-a8eb824efe98,69a6fcb68d2c56aa82e48a62,SR,70,164,15,26,20,28,23,27,21,19,26,19,23,23,70,25,25,22,18,11,PG,25,25,0
6cfcbacb-97be-4daf-99b1-e687f6f92be4,69a6fcb68d2c56aa82e48a62,FR,71,175,26,13,26,20,29,17,15,29,16,16,28,15,87,21,18,22,20,14,SF,22,21,1
7c9330d2-fb11-488b-a8cc-145e4090b5ea,69a6fcb68d2c56aa82e48a62,SR,73,198,63,43,90,1,68,27,61,75,3,20,58,7,19,36,31,42,62,43,PF,62,43,19
7f90807a-32b5-4190-9360-7dc1a50a0473,69a6fcb68d2c56aa82e48a62,FR,70,156,9,6,23,30,16,22,32,2,26,11,2,23,84,17,15,15,16,10,PG,17,16,1
8c870f48-5aee-4396-8aac-4dc5fb3f7aab,69a6fcb68d2c56aa82e48a62,SO,72,200,40,7,99,23,30,30,35,101,37,19,6,38,12,23,20,54,58,41,PF,58,54,4
a1868ba7-4471-4b75-af99-6b6a86da1b0e,69a6fcb68d2c56aa82e48a62,JR,78,236,33,23,83,28,5,14,16,81,32,8,29,12,90,20,25,47,50,62,C,62,50,12
be138a41-6997-41d6-b735-c6c0ec38e548,69a6fcb68d2c56aa82e48a62,JR,73,189,27,103,49,51,20,39,14,90,28,38,49,30,63,42,64,56,47,27,SG,64,56,8
c51d63f2-ee4c-45fe-a084-4af491fadda3,69a6fcb68d2c56aa82e48a62,JR,73,210,17,23,25,16,14,13,16,14,12,20,24,28,62,17,19,17,19,11,SG,19,19,0
e0bd41f0-0590-40fd-bdea-7acb6e9dc099,69a6fcb68d2c56aa82e48a62,JR,71,189,61,92,44,93,23,74,67,17,72,20,39,22,7,58,78,54,42,28,SG,78,58,20
e7847ed7-348e-487d-a706-6b24b39156be,69a6fcb68d2c56aa82e48a62,SR,71,192,88,69,39,15,28,26,6,55,51,38,12,16,20,26,48,49,31,28,SF,49,48,1
e83b5ea4-5192-41f3-9ce1-c22c31ff491b,69a6fcb68d2c56aa82e48a62,FR,68,174,10,26,12,19,26,28,13,17,18,22,27,31,48,26,22,18,15,8,PG,26,22,4
e86ae299-6a05-4410-9a98-89bda8bace27,69a6fcb68d2c56aa82e48a62,SO,70,178,82,18,44,19,11,29,44,77,23,5,17,30,14,21,25,44,46,37,PF,46,44,2
1d8b9fa6-3dfe-4932-b2af-acfe1db73a6e,69a6fcb68d2c56aa82e48a63,SR,68,168,14,17,22,23,14,22,20,26,22,18,13,26,43,19,19,22,19,12,SF,22,19,3
25b3ed7c-1c15-4314-891a-c1a107f281c6,69a6fcb68d2c56aa82e48a63,FR,73,207,36,90,36,102,30,62,79,46,51,99,6,81,13,48,76,55,54,30,SG,76,55,21
28403e70-ef6c-40a5-adc7-274aa4fa6f3e,69a6fcb68d2c56aa82e48a63,SR,68,169,73,78,21,36,31,35,2,59,49,18,10,30,20,32,56,50,28,23,SG,56,50,6
2c69b23e-e7c9-4982-a015-15f2bc9096c4,69a6fcb68d2c56aa82e48a63,FR,74,201,59,53,34,20,24,24,25,41,47,16,30,35,22,29,41,42,34,24,SF,42,41,1
2d45885c-a071-4397-84e3-bf2f416d2e41,69a6fcb68d2c56aa82e48a63,JR,65,152,26,41,90,77,6,32,18,48,52,37,31,36,98,35,47,52,38,27,SF,52,47,5
35875df5-9c21-4169-95f8-60fd161a2a36,69a6fcb68d2c56aa82e48a63,JR,67,174,51,19,11,15,30,30,15,31,24,13,42,52,17,31,25,28,22,16,PG,31,28,3
4b8b7a14-598d-48b6-ac52-616289bfafae,69a6fcb68d2c56aa82e48a63,JR,70,176,18,9,10,39,54,59,4,30,32,8,41,31,62,45,25,27,15,9,PG,45,27,18
695f2f31-8c4b-4836-a2c8-ef596f373549,69a6fcb68d2c56aa82e48a63,SR,69,173,26,33,29,17,17,20,20,14,23,34,19,22,68,20,25,22,19,13,SG,25,22,3
77a4a99f-2f0c-441c-914a-a1c49ce22074,69a6fcb68d2c56aa82e48a63,FR,68,165,1,31,21,19,18,16,23,26,30,25,28,28,13,22,24,24,21,11,SG,24,24,0
7f5377a8-7568-420a-a0fb-090d9cce7eb2,69a6fcb68d2c56aa82e48a63,SR,69,171,50,31,19,102,47,19,26,40,104,28,15,33,93,40,58,59,27,20,SF,59,58,1
9fa4d207-766c-4530-ba42-3d3ae0840fbf,69a6fcb68d2c56aa82e48a63,JR,79,233,55,53,70,68,84,84,76,63,66,73,75,74,49,76,62,64,69,80,C,80,76,4
bd8bf498-1962-4eb8-ba6d-4fb744b55fc1,69a6fcb68d2c56aa82e48a63,SR,77,227,53,16,96,5,25,15,39,94,13,12,21,11,58,17,17,45,62,62,PF,62,62,0
d4555b40-888b-4c6a-a886-67335a7fdf29,69a6fcb68d2c56aa82e48a63,JR,71,186,26,98,11,31,18,20,31,93,11,34,37,5,98,27,54,45,42,24,SG,54,45,9
f5db9043-9c6a-433c-b379-fcecee3c0166,69a6fcb68d2c56aa82e48a63,FR,71,179,6,21,11,29,4,10,31,21,32,3,3,27,61,13,21,21,19,10,SG,21,21,0
fe0b6978-73f2-408f-b3dd-9fe385e22551,69a6fcb68d2c56aa82e48a63,FR,81,254,46,13,88,36,34,9,38,91,27,31,22,22,40,21,25,50,60,79,C,79,60,19
2e6a7313-4ee4-4124-9fbc-922713113ced,69a6fcb68d2c56aa82e48a64,JR,77,231,51,34,57,47,60,61,57,67,36,64,65,63,83,57,43,51,61,55,PF,61,57,4
4c5c478e-8ef7-4b95-8661-d89aad3487de,69a6fcb68d2c56aa82e48a64,FR,72,160,16,30,13,4,10,4,13,6,29,14,19,4,36,12,19,16,13,7,SG,19,16,3
5fdee5d2-89ca-4e8c-b2a6-188250fd9dc6,69a6fcb68d2c56aa82e48a64,SR,72,184,6,26,16,31,23,22,35,21,28,31,34,28,67,27,26,23,25,12,PG,27,26,1
626dde4f-8829-464a-ba71-ac640246f6b1,69a6fcb68d2c56aa82e48a64,SR,73,215,35,21,82,34,32,35,37,89,23,23,10,15,19,25,26,46,52,36,PF,52,46,6
7474e1fc-38af-448a-9fd6-e84769751d62,69a6fcb68d2c56aa82e48a64,JR,74,195,42,28,63,16,93,22,50,96,15,14,10,6,17,28,26,43,55,38,PF,55,43,12
7c013c36-6154-4a9a-b153-fac9b70c31e2,69a6fcb68d2c56aa82e48a64,FR,74,204,80,46,97,6,26,26,97,101,52,16,14,27,89,25,36,63,80,56,PF,80,63,17
8a1fa586-be8c-418d-8022-076ec3804bb9,69a6fcb68d2c56aa82e48a64,FR,67,168,19,24,3,19,29,25,10,22,2,14,31,31,56,24,21,16,14,8,PG,24,21,3
964b6222-355d-4a56-a99a-a0b32f7aed20,69a6fcb68d2c56aa82e48a64,SO,68,173,5,17,23,5,35,27,11,23,31,14,8,7,65,20,14,19,14,9,PG,20,19,1
98d0733c-0dd3-46af-a8c9-d7a6697d1889,69a6fcb68d2c56aa82e48a64,JR,77,228,50,46,4,56,90,85,47,22,12,10,53,13,88,62,46,27,36,38,PG,62,46,16
9d28e731-9de8-40c0-90b3-a365640f6e40,69a6fcb68d2c56aa82e48a64,JR,74,207,12,15,27,18,10,15,10,9,45,13,15,15,16,18,18,22,15,9,SF,22,18,4
a4fd8630-b3d8-4058-b4ba-efe703f3ec6e,69a6fcb68d2c56aa82e48a64,FR,71,194,13,98,26,91,22,46,25,16,11,19,28,30,12,41,68,32,24,12,SG,68,41,27
ae2ef336-76f4-43e9-ab53-6a30b103f8a6,69a6fcb68d2c56aa82e48a64,SR,68,166,10,16,19,22,18,26,19,20,19,18,13,21,78,20,17,18,17,10,PG,20,18,2
b918766e-58c9-41bf-adb1-4c7b7ab30cec,69a6fcb68d2c56aa82e48a64,SR,68,160,16,20,17,14,17,16,18,13,17,17,16,15,40,16,17,16,15,10,SG,17,16,1
bfd2f478-37ec-4c5b-8304-bea63744c428,69a6fcb68d2c56aa82e48a64,SR,68,170,45,42,37,26,63,69,28,6,31,36,27,20,15,46,36,27,22,17,PG,46,36,10
cda37e40-65e8-4a59-a1e5-1302b6b423e8,69a6fcb68d2c56aa82e48a64,SR,78,235,28,34,24,19,15,27,24,21,43,16,30,37,36,28,30,30,30,45,C,45,30,15
03ceb547-1d7a-422b-88e3-9519376af891,69a6fcb68d2c56aa82e48a65,JR,71,198,2,1,3,1,2,2,2,2,2,1,4,2,94,2,1,2,2,1,PG,2,2,0
07b4a6f8-1038-4215-b716-7628d7b5efb8,69a6fcb68d2c56aa82e48a65,JR,75,196,80,73,68,61,75,53,55,50,63,67,79,69,21,66,70,64,57,38,SG,70,66,4
111cb668-e608-4599-a405-bf9fc05d8e90,69a6fcb68d2c56aa82e48a65,SR,66,150,31,37,22,22,17,26,32,31,27,35,25,10,91,24,29,27,26,17,SG,29,27,2
23caa728-f394-49f4-89af-7ac01bad9488,69a6fcb68d2c56aa82e48a65,FR,72,169,17,24,31,16,13,11,11,31,32,16,23,10,30,18,21,26,22,13,SF,26,22,4
2a6a37f9-28fd-48e8-a6d3-47157742ba6b,69a6fcb68d2c56aa82e48a65,FR,73,197,4,93,25,81,42,23,37,49,34,32,20,22,25,35,65,43,37,17,SG,65,43,22
7a5d143e-01e9-4050-81d3-b57ebc0fe9fc,69a6fcb68d2c56aa82e48a65,SO,81,233,19,15,104,17,8,30,24,91,40,15,44,34,86,29,20,52,59,76,C,76,59,17
80dfabc7-981c-4d0f-9b4b-542fde7a0c04,69a6fcb68d2c56aa82e48a65,SR,77,222,47,21,102,32,27,32,39,88,6,44,24,35,23,26,26,47,63,61,PF,63,61,2
8bba6c17-577b-4989-b1af-37619480c978,69a6fcb68d2c56aa82e48a65,SR,69,174,10,11,16,13,15,9,8,8,9,24,12,10,9,11,11,10,9,6,PG,11,11,0
8bd08485-42f8-4d35-a5ec-f379b0e3c8b4,69a6fcb68d2c56aa82e48a65,JR,72,200,17,33,23,96,67,54,32,62,104,58,47,26,8,61,56,62,37,20,SF,62,61,1
8d417261-f74b-40ee-b7d5-5c381d446798,69a6fcb68d2c56aa82e48a65,SR,71,187,9,41,13,64,72,78,55,22,37,18,45,37,26,59,45,32,31,15,PG,59,45,14
9194db1f-d850-429c-bd4b-1387a2e993dd,69a6fcb68d2c56aa82e48a65,JR,73,200,16,18,17,18,16,15,18,33,38,9,11,26,35,17,20,27,22,13,SF,27,22,5
ae5550ab-0a5b-45a5-88ce-c1d5c431e159,69a6fcb68d2c56aa82e48a65,SO,71,186,61,4,93,32,30,9,61,68,41,44,46,20,21,27,25,50,56,42,PF,56,50,6
d2b8b0f2-4239-4466-86fc-aa408781740a,69a6fcb68d2c56aa82e48a65,FR,69,171,30,12,14,9,32,5,11,23,29,15,12,17,83,15,16,21,15,12,SF,21,16,5
e12f41e3-cdf5-47cc-a84e-aef5ca545b24,69a6fcb68d2c56aa82e48a65,JR,68,180,4,23,35,47,48,30,51,9,34,10,18,11,79,30,29,23,26,15,PG,30,29,1
f45d10e9-9452-4a44-af86-211800e770a6,69a6fcb68d2c56aa82e48a65,SO,68,175,19,93,14,76,16,40,48,27,22,36,39,34,96,40,65,36,32,16,SG,65,40,25
01563139-a080-4d40-8fae-c9ff57b958ca,69a6fcb68d2c56aa82e48a66,JR,67,155,11,59,38,45,33,32,30,22,7,30,15,26,94,28,40,25,26,15,SG,40,28,12
01a7ff3d-2a21-4839-b964-6d78fe808d0c,69a6fcb68d2c56aa82e48a66,SR,71,185,8,29,8,9,9,40,9,7,4,5,4,12,89,18,16,9,8,5,PG,18,16,2
0f66b917-270f-4c5d-8b56-6846ae34204a,69a6fcb68d2c56aa82e48a66,SR,69,183,23,14,20,20,17,18,21,17,17,13,21,16,17,18,17,18,17,12,PG,18,18,0
11c62ac8-c15f-4aeb-a9bd-299845cddfe1,69a6fcb68d2c56aa82e48a66,SR,67,151,81,88,62,26,82,67,46,77,30,52,78,98,54,67,66,61,60,40,PG,67,66,1
124fdaa7-ff4a-4e85-bcd9-a981dd8d001e,69a6fcb68d2c56aa82e48a66,SO,74,211,34,92,99,93,42,30,40,42,43,27,23,27,96,41,72,56,49,32,SG,72,56,16
7056dcf0-9fb1-409e-a5aa-1468cd51aacb,69a6fcb68d2c56aa82e48a66,SR,73,186,18,103,40,27,16,25,12,88,29,22,48,25,1,34,57,52,44,24,SG,57,52,5
740d43cf-62ec-4fd8-b102-11378a54e8fa,69a6fcb68d2c56aa82e48a66,SR,73,196,37,91,20,37,48,33,24,99,26,15,22,43,85,36,58,53,47,27,SG,58,53,5
8672f461-2089-4e29-a207-418109a3f307,69a6fcb68d2c56aa82e48a66,JR,72,188,16,12,16,22,24,28,25,21,16,45,16,6,31,21,16,17,20,12,PG,21,20,1
9d13eb96-ad24-43e3-8e1e-3f4ffe100692,69a6fcb68d2c56aa82e48a66,SR,75,189,8,50,21,23,29,14,54,28,8,31,54,23,16,29,33,23,36,17,PF,36,33,3
ac0f8e78-2d10-4bee-8c1a-908a72633a83,69a6fcb68d2c56aa82e48a66,SR,82,254,59,97,104,94,29,14,55,58,45,19,39,65,41,40,79,66,67,81,C,81,79,2
ac9930ec-bd00-48fe-9994-2e637df8e0db,69a6fcb68d2c56aa82e48a66,FR,71,172,29,7,9,31,5,3,20,31,21,30,19,27,36,13,18,23,19,13,SF,23,19,4
d373da1b-9be2-4280-8a62-967280da46d2,69a6fcb68d2c56aa82e48a66,SO,70,165,99,104,20,30,8,21,29,69,63,24,22,8,16,28,67,60,41,33,SG,67,60,7
d926c13c-cd51-406a-8d15-7bafabdc24d3,69a6fcb68d2c56aa82e48a66,SR,72,193,97,95,89,75,89,95,52,44,35,58,98,74,59,86,83,64,61,42,PG,86,83,3
dafe86b4-ab90-416a-892a-1e1a4869391a,69a6fcb68d2c56aa82e48a66,SO,66,152,11,23,25,10,13,12,16,9,12,10,13,6,6,12,16,13,13,9,SG,16,13,3
e24c6378-7c5a-4f6e-afff-05204401bf26,69a6fcb68d2c56aa82e48a66,JR,68,182,20,10,2,27,21,48,35,36,21,10,47,7,12,35,19,23,24,14,PG,35,24,11
06e7e617-b552-42a2-bd2a-a8fb73201365,69a6fcb68d2c56aa82e48a67,SR,67,162,40,30,16,35,32,22,19,10,26,28,37,36,55,30,33,25,18,13,SG,33,30,3
0969316f-9aca-49a0-888a-707e0f2a45ad,69a6fcb68d2c56aa82e48a67,JR,81,253,86,46,94,23,51,33,75,97,28,27,71,34,99,44,43,61,80,93,C,93,80,13
141c79f3-1b8a-40c5-89df-02f79216ebaf,69a6fcb68d2c56aa82e48a67,FR,73,192,103,54,52,93,97,91,36,72,96,24,56,81,80,82,76,79,54,39,PG,82,79,3
3fe094b2-65d5-40b3-a0ce-2f3f19e8d999,69a6fcb68d2c56aa82e48a67,JR,73,208,74,13,48,5,20,14,44,75,4,26,29,31,85,18,18,37,49,36,PF,49,37,12
45aef464-3c25-4041-8890-b6754b4143f3,69a6fcb68d2c56aa82e48a67,SO,68,170,29,90,17,67,78,19,45,74,49,35,45,90,29,49,71,58,47,25,SG,71,58,13
5a57fc97-aa49-429d-a5bf-c9f3ed5d0915,69a6fcb68d2c56aa82e48a67,SR,78,231,55,13,92,42,25,27,66,98,47,23,28,6,60,29,29,58,71,77,C,77,71,6
6167c49c-2a5d-4b4f-8c6a-e6f65bb59ad0,69a6fcb68d2c56aa82e48a67,SO,80,231,101,39,81,8,13,26,70,94,42,20,20,20,75,23,35,59,73,92,C,92,73,19
7e46813e-5025-40c8-b423-5007e7e3bdae,69a6fcb68d2c56aa82e48a67,SR,69,163,24,11,90,40,40,34,17,92,22,33,22,33,99,30,24,48,46,33,SF,48,46,2
8bf8fcda-a5ce-433b-97fc-2869c654707b,69a6fcb68d2c56aa82e48a67,FR,72,156,29,4,19,13,18,27,3,22,19,25,31,29,81,23,14,20,16,11,PG,23,20,3
9da576b8-8494-43d8-8d4d-3c5ac7fcaeeb,69a6fcb68d2c56aa82e48a67,JR,70,169,43,15,29,24,19,5,103,76,31,14,20,41,75,18,23,41,60,38,PF,60,41,19
a37c27fa-6658-49f0-ba62-1c2c340ecf02,69a6fcb68d2c56aa82e48a67,SR,69,165,5,2,7,10,2,7,4,8,5,3,3,5,86,5,5,6,5,4,SF,6,5,1
d0e3e0ac-325d-4597-be80-75fce07269f3,69a6fcb68d2c56aa82e48a67,SR,75,184,7,58,30,35,27,4,21,54,57,48,9,5,35,20,40,41,31,17,SF,41,40,1
dfa67edd-7f96-426a-a5c5-794a7a3118d6,69a6fcb68d2c56aa82e48a67,JR,75,218,85,104,38,12,14,32,37,62,54,41,40,40,47,36,63,57,48,33,SG,63,57,6
e66b6683-8a52-4956-90a1-1f29101242ac,69a6fcb68d2c56aa82e48a67,FR,69,172,53,37,73,40,17,38,43,76,13,21,18,13,55,26,34,44,49,37,PF,49,44,5
ec26e219-88f3-4029-9bbc-f26d4635a59f,69a6fcb68d2c56aa82e48a67,FR,72,164,19,32,28,2,9,8,6,11,22,22,19,5,77,13,19,18,15,10,SG,19,18,1
076a11a2-48dc-48de-90f2-aa21b029f0fe,69a6fcb68d2c56aa82e48a68,SO,72,182,11,27,18,11,10,15,20,11,41,27,10,42,59,17,22,22,18,9,SG,22,22,0
34406741-c4ed-4513-b25a-f207f6831289,69a6fcb68d2c56aa82e48a68,FR,72,189,98,25,33,88,48,41,59,48,95,40,62,66,91,58,60,67,50,36,SF,67,60,7
37eb704c-df72-4ebf-ba7f-a3220fdb8a06,69a6fcb68d2c56aa82e48a68,SO,75,215,89,21,99,22,41,36,102,104,16,15,44,5,44,33,29,56,82,59,PF,82,59,23
424cc031-bc19-442a-97b4-fde5c7694557,69a6fcb68d2c56aa82e48a68,SO,80,239,28,17,27,16,11,32,11,28,29,28,33,34,67,27,20,26,27,54,C,54,27,27
456f8957-d84a-473c-b8ed-2886c698c8e8,69a6fcb68d2c56aa82e48a68,FR,71,179,17,72,13,20,14,23,17,29,17,24,18,84,59,25,43,29,24,11,SG,43,29,14
5509524f-5629-4dbf-9e13-cb7ad3f7afed,69a6fcb68d2c56aa82e48a68,FR,72,162,7,18,14,28,2,28,1,30,4,28,31,27,53,22,18,18,17,8,PG,22,18,4
62cb5dbd-69f9-4d8c-8f56-5cfe1f9eaedc,69a6fcb68d2c56aa82e48a68,JR,70,174,35,20,99,22,10,7,96,93,44,34,44,26,83,24,25,55,73,48,PF,73,55,18
6738e959-e540-4979-aa4d-0180ef240321,69a6fcb68d2c56aa82e48a68,FR,69,172,15,31,22,24,16,23,2,1,16,26,6,31,62,18,24,15,8,6,SG,24,18,6
970473cf-ca28-4c6d-b8d5-507f31ffc455,69a6fcb68d2c56aa82e48a68,FR,77,224,27,27,14,96,95,90,27,32,33,10,79,48,64,78,52,39,35,35,PG,78,52,26
aba304f3-4f38-4888-b404-fab1a5792f8f,69a6fcb68d2c56aa82e48a68,SR,72,199,97,29,24,46,32,8,76,76,21,23,46,21,51,28,40,47,58,41,PF,58,47,11
b9122e59-2d8d-4d09-b1bd-56246ad352c9,69a6fcb68d2c56aa82e48a68,SR,76,226,26,102,33,52,50,42,48,91,28,32,54,25,37,48,66,55,60,40,SG,66,60,6
d380040d-5092-46fa-b84e-5944713385d2,69a6fcb68d2c56aa82e48a68,JR,76,228,51,6,39,21,24,44,30,34,15,27,26,48,81,30,19,28,37,33,PF,37,33,4
d46baf6f-8ce4-4012-bdaf-9679efb9e197,69a6fcb68d2c56aa82e48a68,SO,71,184,9,23,11,56,30,35,22,32,61,2,31,24,19,37,34,36,21,11,PG,37,36,1
dfe4b91a-ccdc-4374-ad8d-c60663d0efe5,69a6fcb68d2c56aa82e48a68,JR,71,178,12,30,16,35,26,24,36,32,26,15,21,28,41,25,28,26,26,14,SG,28,26,2
f1ead492-3951-4c68-aa40-38e9d6ef8aad,69a6fcb68d2c56aa82e48a68,SO,71,187,20,37,19,11,19,14,14,11,18,33,20,20,43,18,24,18,15,10,SG,24,18,6
02757b88-b833-47e3-9bef-68134cea501a,69a6fcb68d2c56aa82e48a69,JR,70,172,33,41,34,60,43,89,79,49,26,95,88,22,48,67,45,41,50,29,PG,67,50,17
065c8c3c-af2e-48d0-a43a-ae2f0f8a9fe4,69a6fcb68d2c56aa82e48a69,FR,73,192,25,19,25,27,29,20,42,7,31,11,25,54,11,26,25,23,27,15,PF,27,26,1
162a6a0d-1d04-4b85-adab-71982a55f4b8,69a6fcb68d2c56aa82e48a69,SO,71,175,21,29,28,24,22,30,16,13,11,17,10,12,65,20,23,17,16,12,SG,23,20,3
2694b240-71c9-4855-8c1d-bf4984d3f45a,69a6fcb68d2c56aa82e48a69,FR,75,203,52,40,48,48,30,33,37,61,29,19,49,17,67,37,41,45,44,30,SF,45,44,1
2e64cb01-b900-427c-9ef1-8e8067ba437d,69a6fcb68d2c56aa82e48a69,FR,71,178,15,13,23,23,27,9,10,13,31,21,4,21,12,15,18,20,12,9,SF,20,18,2
3b3bc00b-aa08-4f1e-9f73-0881da37c166,69a6fcb68d2c56aa82e48a69,SR,70,171,60,18,67,14,29,42,90,104,46,25,61,33,43,41,27,58,72,48,PF,72,58,14
42735c08-0302-4165-907f-86d79845136c,69a6fcb68d2c56aa82e48a69,JR,71,190,12,6,9,10,6,9,7,11,13,11,11,7,89,9,9,11,8,6,SF,11,9,2
4986f7e1-2b17-4fe3-ba81-09ef497fca13,69a6fcb68d2c56aa82e48a69,FR,69,158,28,2,23,12,14,22,1,27,3,19,3,23,36,12,9,15,13,12,SF,15,13,2
62b5e2c3-bcb2-4936-a314-64674bc40199,69a6fcb68d2c56aa82e48a69,SR,77,217,27,20,37,12,34,36,16,14,30,38,41,20,1,32,21,24,27,34,C,34,32,2
665f7e9d-e56e-47e5-90c1-f9a359e36478,69a6fcb68d2c56aa82e48a69,FR,71,183,15,11,13,31,13,14,13,20,13,11,53,9,25,25,19,18,15,9,PG,25,19,6
67bc9110-cfe8-4ec2-b8d8-f20dd5bfc87c,69a6fcb68d2c56aa82e48a69,JR,79,236,21,18,15,23,31,15,21,18,24,12,16,18,86,20,21,20,24,51,C,51,24,27
c5cd4499-ec01-492d-afdf-7a102f97f29d,69a6fcb68d2c56aa82e48a69,SR,70,175,24,1,37,70,93,94,6,24,43,46,68,33,75,72,34,35,20,14,PG,72,35,37
cf59fa51-624c-480b-9bcf-103c8e6cde35,69a6fcb68d2c56aa82e48a69,FR,71,178,23,18,13,19,10,24,21,11,15,13,1,30,67,15,18,15,15,10,SG,18,15,3
d5a1d077-90da-4383-8d48-4b9e88acdfcd,69a6fcb68d2c56aa82e48a69,SR,84,272,95,32,90,35,75,75,89,98,29,69,45,39,43,55,42,61,83,96,C,96,83,13
e094229a-46f6-4000-8116-1f3c55149cb7,69a6fcb68d2c56aa82e48a69,FR,71,176,22,22,90,13,12,13,12,89,19,26,38,5,63,20,19,44,44,32,SF,44,44,0
080dae88-6607-4b88-8638-cfcc11dc199a,69a6fcb68d2c56aa82e48a6a,SR,76,213,7,50,96,18,42,1,4,94,17,33,7,9,71,15,30,46,50,40,PF,50,46,4
0aa06c77-6ca0-40ea-9373-af019a535fe5,69a6fcb68d2c56aa82e48a6a,FR,71,188,20,30,17,14,24,15,21,22,20,14,29,15,50,21,23,21,19,12,SG,23,21,2
272e6275-5203-44b6-a485-58b547e33ed2,69a6fcb68d2c56aa82e48a6a,FR,73,196,45,19,101,19,64,27,17,99,5,40,38,63,20,34,26,49,56,39,PF,56,49,7
31dca22c-b454-4816-8d5d-ccda7f9b32b7,69a6fcb68d2c56aa82e48a6a,SO,68,168,23,8,12,4,7,14,12,5,40,14,10,13,8,13,12,17,9,8,SF,17,13,4
4512fce4-b778-4f09-8ad9-a729e1e00967,69a6fcb68d2c56aa82e48a6a,FR,72,178,8,16,24,27,5,26,20,6,16,9,26,31,1,22,19,16,18,9,PG,22,19,3
681d8b65-af49-4dd1-920c-6c982a8fdf9e,69a6fcb68d2c56aa82e48a6a,JR,74,202,34,30,33,22,19,9,23,32,29,23,11,34,31,17,27,29,28,18,SF,29,28,1
6ee41991-ec45-4e7d-9d53-e90c281585e8,69a6fcb68d2c56aa82e48a6a,FR,70,179,92,103,45,6,31,8,22,70,64,21,26,20,57,27,62,60,43,34,SG,62,60,2
6f43bbf6-2ae3-4917-9ef2-53c82056e2c3,69a6fcb68d2c56aa82e48a6a,FR,67,160,16,7,7,9,12,19,16,18,17,18,38,38,23,22,13,16,15,9,PG,22,16,6
b7eae89c-4a0e-4168-8613-9bbac6c87f8f,69a6fcb68d2c56aa82e48a6a,SR,72,190,25,5,91,63,24,30,8,91,35,50,17,16,11,28,27,52,44,32,SF,52,44,8
b9ff4029-c1c6-4539-96ac-dd52a47a49f5,69a6fcb68d2c56aa82e48a6a,FR,67,147,38,9,7,70,99,99,13,4,8,30,76,7,33,72,35,20,12,9,PG,72,35,37
c66157d2-77a6-47b3-bc10-6133aaad2f0a,69a6fcb68d2c56aa82e48a6a,FR,80,246,13,21,103,42,18,50,42,94,27,55,37,55,62,38,28,53,65,78,C,78,65,13
d0b51b23-5cf1-4bd0-b6f9-1eee2d13d8a6,69a6fcb68d2c56aa82e48a6a,SO,82,254,83,70,64,71,59,77,47,82,66,69,61,53,83,67,69,72,65,81,C,81,72,9
e3a637ae-fe6b-43f0-972e-cb98e5fb883c,69a6fcb68d2c56aa82e48a6a,JR,74,195,28,58,34,95,103,101,45,70,69,13,94,16,64,89,67,62,48,27,PG,89,67,22
e45befc4-8611-4525-9a5d-86dc03ff0c3a,69a6fcb68d2c56aa82e48a6a,SR,73,209,10,95,52,37,54,42,38,31,56,36,61,96,58,55,64,49,43,20,SG,64,55,9
e9e7bb6f-c1d9-42eb-9733-2d358189102f,69a6fcb68d2c56aa82e48a6a,FR,69,158,8,31,24,8,21,18,28,12,23,23,24,19,78,20,21,18,19,11,SG,21,20,1
0b2fb121-924e-46bd-818e-80b0d54aa82f,69a6fcb68d2c56aa82e48a6b,SO,65,145,12,14,9,17,21,13,13,34,17,18,16,36,88,17,16,21,18,10,SF,21,18,3
0bc5600c-fb73-4a14-b6e0-9bf89d38f6d3,69a6fcb68d2c56aa82e48a6b,SR,66,144,20,11,16,22,24,22,17,21,18,17,24,20,72,22,17,19,16,11,PG,22,19,3
0e5d7dab-2690-401a-b796-c235611aa69c,69a6fcb68d2c56aa82e48a6b,SR,72,206,25,10,31,35,29,24,15,16,35,35,33,31,40,29,23,26,21,13,PG,29,26,3
170e40d8-740a-47fc-b57f-ebcc99a9df17,69a6fcb68d2c56aa82e48a6b,SO,69,163,42,26,4,25,1,9,14,38,41,36,16,12,22,15,26,31,19,15,SF,31,26,5
372b6e9d-9701-41ea-afad-e95c9a4a0f32,69a6fcb68d2c56aa82e48a6b,SO,77,229,39,17,75,25,30,21,49,60,9,13,21,30,27,22,22,35,54,53,PF,54,53,1
69ba2c60-6931-403d-ba8c-b67f494a5908,69a6fcb68d2c56aa82e48a6b,JR,77,226,62,25,37,24,16,30,37,60,32,3,20,19,20,24,28,40,45,49,C,49,45,4
99d7919e-a098-47eb-b5a1-516ecdb319c5,69a6fcb68d2c56aa82e48a6b,SO,72,192,21,15,17,14,35,24,28,27,33,24,31,19,90,27,19,24,24,14,PG,27,24,3
a719860b-80da-4615-a4c7-53e2c0692bf5,69a6fcb68d2c56aa82e48a6b,SR,78,227,101,101,35,102,40,24,79,64,22,83,71,82,57,53,88,63,70,72,SG,88,72,16
a9119e37-0344-4e7a-a6a6-bfaac5b40829,69a6fcb68d2c56aa82e48a6b,SO,68,160,21,19,26,14,25,22,20,19,17,12,17,11,93,19,18,18,18,13,PG,19,18,1
b00eda43-eb1c-4c61-a4f7-678bd49e6f65,69a6fcb68d2c56aa82e48a6b,SR,73,206,24,89,43,22,54,61,34,91,57,17,57,30,56,55,56,59,52,29,SF,59,56,3
c372ac6a-a7e5-4a18-b3bf-3e1dcf988f68,69a6fcb68d2c56aa82e48a6b,JR,75,208,21,36,30,42,24,20,40,18,42,17,13,11,6,24,34,29,28,16,SG,34,29,5
cfc14b1a-5b55-468a-9229-dc5e75072da7,69a6fcb68d2c56aa82e48a6b,SR,70,178,83,82,71,79,86,88,73,84,79,82,81,65,98,83,80,80,69,47,PG,83,80,3
d07c81da-0f1c-411a-8788-8fe8e6b8b9cd,69a6fcb68d2c56aa82e48a6b,SR,76,180,20,28,15,22,19,59,55,15,29,43,9,44,37,31,25,22,35,26,PF,35,31,4
d69667e7-024f-4433-8ef5-1366a84313da,69a6fcb68d2c56aa82e48a6b,SR,72,200,29,89,47,37,20,53,23,52,88,39,48,52,41,50,63,60,40,23,SG,63,60,3
fa5cf193-8c97-4612-b630-97cde54ed16d,69a6fcb68d2c56aa82e48a6b,SR,74,181,26,57,38,20,30,55,31,45,41,8,26,52,30,39,40,40,37,21,SG,40,40,0
0c0757f3-9d9b-4e9b-9cb9-2aa4080b3666,69a6fcb68d2c56aa82e48a6c,SO,68,169,16,16,15,16,15,16,14,16,18,18,20,18,98,17,16,17,14,9,PG,17,17,0
20467cb6-a948-47de-ba14-63bbdf58208a,69a6fcb68d2c56aa82e48a6c,JR,78,234,78,37,57,11,9,40,68,94,24,33,20,26,81,25,31,50,68,75,C,75,68,7
22938a00-b7a4-4127-bb98-8bf9768115aa,69a6fcb68d2c56aa82e48a6c,FR,82,264,1,1,1,2,1,26,1,11,1,1,1,1,89,9,1,4,11,42,C,42,11,31
48ba2ac4-ddf4-400a-ac88-97fd6b5e7f15,69a6fcb68d2c56aa82e48a6c,SR,70,183,7,6,12,4,9,7,6,2,6,9,6,7,91,7,6,6,5,4,PG,7,6,1
50894cce-dd3f-45b3-9828-8548610844cb,69a6fcb68d2c56aa82e48a6c,JR,77,228,102,50,92,45,15,10,101,93,17,27,13,23,22,18,46,58,84,78,PF,84,78,6
7171e0fc-f669-4538-8973-6cb6e892bf83,69a6fcb68d2c56aa82e48a6c,SR,69,169,21,95,70,64,15,7,17,15,8,7,9,9,91,19,59,32,26,18,SG,59,32,27
7a35e5ae-af93-4201-a8fc-0e0f1a2360ec,69a6fcb68d2c56aa82e48a6c,JR,78,239,79,25,94,54,12,35,84,94,25,23,15,34,97,27,37,57,78,83,C,83,78,5
7ff98605-d231-461f-8ec7-28ea9e2a9848,69a6fcb68d2c56aa82e48a6c,JR,69,176,29,36,3,52,44,46,51,44,12,34,34,20,68,38,36,29,33,19,PG,38,36,2
8b567f84-60d8-4704-9d3b-3642642a9f52,69a6fcb68d2c56aa82e48a6c,JR,73,189,87,34,69,44,48,35,63,83,26,12,26,42,14,35,42,54,62,45,PF,62,54,8
a6f2c181-21ac-44a5-bd73-ee671ad85b24,69a6fcb68d2c56aa82e48a6c,FR,68,164,7,21,14,18,24,11,19,7,8,1,29,14,56,18,18,12,13,7,PG,18,18,0
aab8733c-e318-4ecd-8a3f-9269fbf5985d,69a6fcb68d2c56aa82e48a6c,SO,67,159,14,24,27,18,7,23,33,29,7,45,19,16,13,17,18,19,25,15,PF,25,19,6
beb4bf0c-e53d-4274-97d1-75034e063b2f,69a6fcb68d2c56aa82e48a6c,FR,78,231,17,17,12,24,16,22,17,21,17,18,19,13,72,19,19,18,23,40,C,40,23,17
c9c16538-d704-4ea2-964d-dfaad5e0df61,69a6fcb68d2c56aa82e48a6c,SR,67,151,21,98,10,12,10,23,32,19,91,13,34,13,28,33,56,44,24,12,SG,56,44,12
dcd54deb-aaca-4801-a523-75e9d49c8043,69a6fcb68d2c56aa82e48a6c,SO,71,177,35,96,53,84,16,28,69,52,51,62,16,61,10,36,73,56,52,31,SG,73,56,17
fe879be5-27fd-4d27-a127-a95b327c84a3,69a6fcb68d2c56aa82e48a6c,FR,67,171,3,12,23,24,5,8,1,22,32,19,14,28,69,14,17,22,12,7,SF,22,17,5
0446aedd-50f0-4565-bfdf-abba139f11a1,69a6fcb68d2c56aa82e48a6d,SR,77,199,14,21,33,47,13,22,46,17,41,22,6,38,86,22,28,28,34,36,C,36,34,2
10250038-5f81-4538-baec-38e5ee72467d,69a6fcb68d2c56aa82e48a6d,SR,70,175,57,6,94,42,17,28,63,71,38,41,12,18,45,23,25,49,55,43,PF,55,49,6
264e73be-31e6-4c7a-b947-68298d552b3e,69a6fcb68d2c56aa82e48a6d,SO,76,230,69,30,95,37,17,72,62,84,26,51,41,9,17,43,34,53,69,56,PF,69,56,13
2d31d18a-0342-42ea-a92c-a5680d0daf78,69a6fcb68d2c56aa82e48a6d,FR,67,172,16,14,28,20,1,18,2,26,30,3,22,7,33,17,17,23,14,11,SF,23,17,6
2d520bb5-2991-4599-ae9b-58ac4bb59380,69a6fcb68d2c56aa82e48a6d,FR,70,179,13,20,23,18,30,29,12,3,3,8,22,16,34,23,18,11,11,8,PG,23,18,5
3cd83add-a8e4-4840-a7dc-1243cbb6b190,69a6fcb68d2c56aa82e48a6d,JR,72,189,42,36,68,34,32,6,60,55,35,29,32,32,22,25,35,44,52,34,PF,52,44,8
4d459f46-3af9-4447-97c5-50878f287a37,69a6fcb68d2c56aa82e48a6d,JR,68,162,45,49,56,74,73,62,64,63,50,64,71,56,36,65,58,57,54,34,PG,65,58,7
5bbed75f-cbaf-4b60-852f-e3cabe1f2d64,69a6fcb68d2c56aa82e48a6d,JR,81,249,66,51,89,28,18,17,54,97,7,20,22,38,89,21,39,52,70,86,C,86,70,16
91310cd1-4fb5-4cbb-bc59-68cb0667c6cf,69a6fcb68d2c56aa82e48a6d,SO,69,168,52,102,19,23,17,65,42,51,95,59,29,63,51,49,67,61,40,25,SG,67,61,6
bfe35090-371e-4af0-9dcc-87f41d4a4f6b,69a6fcb68d2c56aa82e48a6d,SO,79,233,57,29,98,27,6,17,58,91,26,17,10,22,22,16,29,52,68,86,C,86,68,18
c6f7cc88-d807-4928-85fa-43ed1683056c,69a6fcb68d2c56aa82e48a6d,SR,79,236,16,10,20,14,8,19,19,27,19,13,19,17,19,16,13,19,26,52,C,52,26,26
db4db728-c54b-4a6e-9204-faf576f3512a,69a6fcb68d2c56aa82e48a6d,SR,76,218,56,16,70,10,22,35,62,82,33,22,4,25,90,21,20,45,62,50,PF,62,50,12
e9daf91f-6631-4b65-872b-b9dc26594119,69a6fcb68d2c56aa82e48a6d,SO,77,216,75,74,87,96,71,94,94,74,80,93,81,90,26,85,81,80,83,70,PG,85,83,2
f75e3ace-a3ee-44a8-8286-153d5cb24d09,69a6fcb68d2c56aa82e48a6d,SR,70,186,12,10,13,11,11,11,13,17,15,12,6,14,61,10,11,14,12,8,SF,14,12,2
fd0ec76a-53a2-44b6-9b10-e5c61bc0e5dc,69a6fcb68d2c56aa82e48a6d,SR,72,199,18,90,50,102,60,53,28,24,44,43,76,53,17,66,77,49,36,18,SG,77,66,11
0beed454-0c07-4c8c-aa7e-8a722c34d964,69a6fcb68d2c56aa82e48a6e,SO,72,203,29,14,24,40,25,24,36,34,24,27,10,18,90,21,24,27,29,18,PF,29,27,2
1bc34fe2-8617-4332-a256-8e5af6e08c44,69a6fcb68d2c56aa82e48a6e,FR,71,174,26,4,9,7,14,8,7,2,18,31,20,24,20,13,11,12,8,7,PG,13,12,1
3bdecb5b-3477-4849-ac3a-c82703708e6a,69a6fcb68d2c56aa82e48a6e,SR,70,166,14,9,31,24,27,7,94,90,2,27,23,12,21,16,14,33,58,34,PF,58,34,24
63cb703a-88a8-48ee-8c80-7b215da75bf6,69a6fcb68d2c56aa82e48a6e,SR,72,195,27,79,30,3,18,35,10,81,35,19,13,16,53,25,41,44,37,22,SF,44,41,3
89b6cfb9-1bbe-4371-93a7-bc9a5a7f72ed,69a6fcb68d2c56aa82e48a6e,JR,72,190,13,89,5,77,22,33,29,41,23,14,6,21,3,30,61,36,29,13,SG,61,36,25
b69e9f1d-6106-4340-ba33-7ee936c984d1,69a6fcb68d2c56aa82e48a6e,JR,68,172,4,40,21,25,7,26,49,48,6,21,12,23,4,18,25,24,34,18,PF,34,25,9
bef2a43e-eb8b-43cf-ba32-acd97b766d58,69a6fcb68d2c56aa82e48a6e,SR,69,179,67,89,56,67,20,37,7,41,39,44,44,43,96,42,68,52,33,26,SG,68,52,16
c1e250cf-de90-401f-96b1-2411aa35a60b,69a6fcb68d2c56aa82e48a6e,JR,71,179,82,76,93,101,64,81,22,103,103,48,62,54,5,76,83,92,60,45,SF,92,83,9
cfde1cb6-3824-49fb-a9c7-a167dc24c80e,69a6fcb68d2c56aa82e48a6e,JR,73,195,55,21,33,25,32,31,31,62,6,23,5,15,3,20,23,31,37,27,PF,37,31,6
d29d63fd-b661-4858-bb1b-4b7bdbef0480,69a6fcb68d2c56aa82e48a6e,JR,69,177,1,36,33,33,2,20,21,34,9,41,18,25,35,18,26,23,24,13,SG,26,24,2
db7a7408-50f6-4f53-9e5f-a9dc6b4318c6,69a6fcb68d2c56aa82e48a6e,SR,74,209,89,88,80,90,52,32,25,45,81,50,63,95,54,59,85,74,50,36,SG,85,74,11
e0426346-a77f-4b79-abe7-ede341cb59b2,69a6fcb68d2c56aa82e48a6e,SO,72,196,58,38,91,17,18,40,46,70,39,25,29,24,31,31,33,50,55,40,PF,55,50,5
e69ee0bf-2359-402a-bf49-dc75dffe9cc3,69a6fcb68d2c56aa82e48a6e,SR,78,238,17,27,95,30,4,10,4,75,5,18,31,23,2,17,23,40,47,59,C,59,47,12
f284cec7-13b6-4436-b0f4-5c1018e69f47,69a6fcb68d2c56aa82e48a6e,JR,76,215,48,12,88,29,22,35,54,79,26,5,22,19,54,26,23,46,62,50,PF,62,50,12
f9728d6b-cd66-430a-b053-b208ddc610b8,69a6fcb68d2c56aa82e48a6e,JR,73,201,93,25,43,94,28,36,40,46,78,6,31,37,31,43,55,60,42,33,SF,60,55,5
08d4fb9f-3a6a-41e2-be0e-efd0d4ba25fa,69a6fcb68d2c56aa82e48a6f,SR,73,197,24,14,102,46,22,40,65,97,50,15,26,82,36,36,31,61,69,43,PF,69,61,8
46a287f2-9329-40b9-bb13-7172e95bb22d,69a6fcb68d2c56aa82e48a6f,SO,70,181,98,20,54,33,48,35,65,88,14,17,17,38,74,30,33,49,58,46,PF,58,49,9
48712619-e356-44e0-af02-643efe9e3509,69a6fcb68d2c56aa82e48a6f,SR,75,204,73,30,49,40,22,9,42,56,29,25,21,38,35,22,36,43,45,33,PF,45,43,2
5180f502-3315-4cea-9590-034ff7b5c0ff,69a6fcb68d2c56aa82e48a6f,JR,78,231,98,99,6,47,17,74,51,74,70,5,46,11,68,53,72,64,55,64,SG,72,64,8
5d968be2-fd48-4b75-b0a6-77d959da3c14,69a6fcb68d2c56aa82e48a6f,SO,74,212,76,72,17,8,31,42,15,57,48,58,27,40,50,35,48,47,35,25,SG,48,47,1
6fe19f1b-6123-46a2-98b1-2341cf5f0e39,69a6fcb68d2c56aa82e48a6f,SR,75,217,61,7,36,63,29,45,17,11,47,99,85,42,88,53,37,38,26,19,PG,53,38,15
7045a726-26fc-4ab9-b5d8-a81c681146fc,69a6fcb68d2c56aa82e48a6f,JR,72,205,87,82,69,101,103,92,57,98,25,45,94,64,98,86,82,73,71,47,PG,86,82,4
a485d801-aa0c-4e88-850f-696d782804c0,69a6fcb68d2c56aa82e48a6f,JR,72,210,17,50,14,5,12,13,32,12,9,14,12,16,65,13,26,15,22,11,SG,26,22,4
ab3f86fb-5c52-4426-aaa2-d14ab3ca8792,69a6fcb68d2c56aa82e48a6f,JR,71,188,14,91,12,5,22,18,31,88,8,26,27,24,51,22,44,39,41,22,SG,44,41,3
aee3c026-394b-4a7f-ae29-f232b3935b8f,69a6fcb68d2c56aa82e48a6f,SO,74,172,36,34,27,26,39,6,8,27,2,14,17,36,6,18,29,22,22,15,SG,29,22,7
c56d380f-adee-4b1b-9c54-3f11b519d593,69a6fcb68d2c56aa82e48a6f,FR,70,159,30,13,4,2,14,21,26,27,8,26,29,30,54,19,13,17,20,13,PF,20,19,1
da03811f-7dc1-4d55-9f54-4225e15f8e7b,69a6fcb68d2c56aa82e48a6f,JR,70,185,27,14,17,36,12,13,3,6,17,95,96,24,7,37,26,21,13,8,PG,37,26,11
dabbcc5b-c9dc-4c59-b80d-01de3b165441,69a6fcb68d2c56aa82e48a6f,SR,77,224,21,30,17,62,73,85,24,17,33,34,50,25,14,61,40,29,28,32,PG,61,40,21
f5f67290-661a-4a8b-b489-12b4b4abd6d7,69a6fcb68d2c56aa82e48a6f,SO,74,186,42,24,38,20,15,24,27,9,5,7,10,19,35,17,22,17,23,17,PF,23,22,1
fb22a21c-c3a3-4bb3-8c2c-fd43f9d26d1d,69a6fcb68d2c56aa82e48a6f,SR,71,196,20,29,17,16,26,32,25,19,18,24,25,20,93,26,23,20,20,12,PG,26,23,3
026080aa-9a11-4b93-815d-4fec5bd773ad,69a6fcb68d2c56aa82e48a70,SR,69,171,51,32,89,20,5,23,35,89,28,29,17,43,48,20,29,51,53,40,PF,53,51,2
24050cba-e2f5-44c4-b3db-cb0d1911750c,69a6fcb68d2c56aa82e48a70,SR,77,218,16,20,35,12,19,38,38,30,35,27,28,22,72,28,20,27,36,38,C,38,36,2
32da8197-c4c7-478b-9e3b-a4709ae834a8,69a6fcb68d2c56aa82e48a70,JR,69,177,28,44,10,27,23,26,1,22,23,12,25,27,50,26,33,25,14,9,SG,33,26,7
55eac548-dae8-4ea4-adb4-27b4f8080ef1,69a6fcb68d2c56aa82e48a70,JR,72,193,41,98,51,20,45,48,28,23,50,40,12,89,36,40,61,44,36,21,SG,61,44,17
6734b648-4406-4e8b-8610-4ecf33c54f4c,69a6fcb68d2c56aa82e48a70,JR,74,202,20,104,74,104,96,15,36,37,39,66,24,19,65,45,80,51,42,25,SG,80,51,29
6e95223f-b726-4c93-a27d-2e751b7adb7e,69a6fcb68d2c56aa82e48a70,JR,70,174,50,38,80,33,20,14,63,84,20,36,30,24,48,23,34,49,59,42,PF,59,49,10
ae269980-7be6-414b-a545-4f2a25bd502a,69a6fcb68d2c56aa82e48a70,SR,70,174,28,4,49,92,42,27,48,18,69,32,71,45,48,51,42,45,34,21,PG,51,45,6
b5e02b5d-242f-4c7e-937e-b5577b9f5e05,69a6fcb68d2c56aa82e48a70,FR,71,197,23,18,14,13,11,21,20,20,14,20,19,18,69,17,17,17,17,12,PG,17,17,0
bb6e7f1c-a9cd-4622-81b8-23ee9f8b3102,69a6fcb68d2c56aa82e48a70,SR,75,201,68,24,39,20,32,5,51,81,25,36,12,10,51,16,27,43,50,36,PF,50,43,7
c0a438a0-f592-421f-a86f-e440df08ac64,69a6fcb68d2c56aa82e48a70,FR,76,228,23,83,10,7,22,7,19,89,27,30,33,30,63,23,44,44,45,31,PF,45,44,1
cffe254f-8912-4a45-8455-786c820d8809,69a6fcb68d2c56aa82e48a70,SR,82,266,26,36,97,18,20,17,33,94,13,15,22,12,65,19,26,46,60,78,C,78,60,18
d32e8d59-9a9e-4521-bb07-40aea173ba3d,69a6fcb68d2c56aa82e48a70,SR,75,212,56,23,43,35,24,42,46,62,14,28,34,24,15,32,29,38,45,31,PF,45,38,7
d3ffcb5b-9d74-485b-bedc-f1fcff8a5875,69a6fcb68d2c56aa82e48a70,SO,70,185,7,42,19,6,33,14,11,39,1,28,18,31,79,18,23,20,21,11,SG,23,21,2
f749c69a-64e0-44a0-99bf-d1f1e584a9d4,69a6fcb68d2c56aa82e48a70,FR,70,161,14,28,4,23,11,14,13,26,6,26,14,18,82,15,21,17,15,9,SG,21,17,4
f7669258-010b-4a04-96f3-e3bf2ce24184,69a6fcb68d2c56aa82e48a70,SR,68,160,89,103,77,41,21,40,68,87,87,5,88,36,4,57,76,81,70,48,SF,81,76,5
0656b15d-1738-4fb2-b22b-6df910f3c7f4,69a6fcb68d2c56aa82e48a71,SR,77,231,34,93,29,69,37,60,37,89,37,38,18,31,30,45,66,56,54,48,SG,66,56,10
129b57ca-66d7-446c-a816-ffcf007e9f66,69a6fcb68d2c56aa82e48a71,FR,70,162,33,104,51,90,24,14,15,46,18,39,34,21,94,33,73,47,33,22,SG,73,47,26
13ff36db-32d7-40e0-96e2-251bf815b301,69a6fcb68d2c56aa82e48a71,SR,66,152,19,9,9,9,5,30,14,7,5,6,42,9,8,23,11,10,11,7,PG,23,11,12
1b967c99-4b65-423b-9c63-e322fb099f74,69a6fcb68d2c56aa82e48a71,JR,78,241,47,45,31,44,62,54,33,29,15,3,32,56,50,44,43,32,38,51,C,51,44,7
204afc3e-d065-4afc-8d0b-756fa86649f1,69a6fcb68d2c56aa82e48a71,JR,78,230,72,39,43,16,22,42,56,83,36,23,18,10,49,28,33,48,58,68,C,68,58,10
29e9b3a1-77d1-41ea-859c-de81b9ce6dcc,69a6fcb68d2c56aa82e48a71,FR,77,234,66,5,61,32,25,7,52,78,12,28,9,17,59,14,20,40,57,59,C,59,57,2
3e248491-586b-4f5e-aba8-aeca4ff538b5,69a6fcb68d2c56aa82e48a71,SR,75,212,19,16,24,14,13,18,10,17,10,21,21,22,31,17,16,16,17,10,PG,17,17,0
47c761d3-a3a1-4fd0-8608-808304a2ab4f,69a6fcb68d2c56aa82e48a71,FR,74,208,58,28,87,9,4,25,50,90,43,38,32,37,98,25,27,55,61,43,PF,61,55,6
68d8bd29-89e3-44a3-a328-56c62470548b,69a6fcb68d2c56aa82e48a71,JR,70,188,16,26,14,36,36,30,43,16,22,44,20,42,38,29,28,22,24,13,PG,29,28,1
6a9e2288-b611-4167-8e36-53dfa01dd397,69a6fcb68d2c56aa82e48a71,SO,70,175,44,93,53,90,25,38,16,54,51,45,36,38,72,45,74,58,37,25,SG,74,58,16
77f7d107-4ceb-4a7c-89c9-5bd60a56fe3f,69a6fcb68d2c56aa82e48a71,JR,74,177,36,7,43,29,34,21,39,21,33,13,11,39,78,23,21,28,31,21,PF,31,28,3
b0bb9223-3dec-412d-80f5-d7b6f3832538,69a6fcb68d2c56aa82e48a71,SO,67,164,24,6,4,11,31,11,13,37,20,42,11,28,84,16,13,21,17,12,SF,21,17,4
b36eb0a9-c9f5-4e3f-91dd-a81221f12db7,69a6fcb68d2c56aa82e48a71,JR,67,160,72,65,10,29,21,29,17,49,51,11,10,7,74,26,47,43,27,22,SG,47,43,4
bd7bbac3-2365-429c-a630-408044e445c0,69a6fcb68d2c56aa82e48a71,JR,70,177,11,63,22,68,90,90,42,40,69,9,55,16,35,72,58,47,33,17,PG,72,58,14
d670d4d1-537e-43ff-8833-40d95a423087,69a6fcb68d2c56aa82e48a71,SR,71,193,21,21,17,20,30,22,19,26,32,18,23,16,28,24,22,24,19,12,PG,24,24,0
00f7805a-11e9-485f-a233-367945a32d12,69a6fcb68d2c56aa82e48a72,SO,66,188,1,30,31,42,21,22,1,33,26,2,35,22,74,28,29,28,18,10,SG,29,28,1
034e321c-cc53-4dab-a05a-55f7d9cb94a5,69a6fcb68d2c56aa82e48a72,JR,74,209,8,17,8,7,5,12,6,28,11,9,43,6,39,18,13,16,16,8,PG,18,16,2
4eee544d-647b-4804-9352-0aacac83aaee,69a6fcb68d2c56aa82e48a72,SR,69,178,9,14,48,33,35,32,36,27,20,95,89,25,16,44,24,28,32,18,PG,44,32,12
59dddeb0-dd1d-4a6d-bfc4-e8ff7dbe93bc,69a6fcb68d2c56aa82e48a72,SO,73,203,18,21,12,55,85,83,3,25,13,16,51,25,46,59,33,24,17,9,PG,59,33,26
645da2bb-deae-4b96-9ed4-1414b9cff154,69a6fcb68d2c56aa82e48a72,JR,70,170,29,88,37,73,37,10,40,18,91,72,51,29,8,44,71,54,32,19,SG,71,54,17
6500cb1f-31aa-4df9-8bef-a43de7faa6a8,69a6fcb68d2c56aa82e48a72,FR,74,198,32,9,27,11,26,13,29,24,16,24,21,49,69,19,16,21,27,17,PF,27,21,6
6ba898ce-6ce8-489d-8f75-2f910d47cc76,69a6fcb68d2c56aa82e48a72,SR,75,208,90,44,29,3,54,46,45,50,101,4,29,37,67,44,43,58,43,32,SF,58,44,14
73de24df-6e24-4f18-a2dd-6b8362bb295b,69a6fcb68d2c56aa82e48a72,SR,80,250,39,29,74,2,22,31,46,60,12,17,15,35,89,21,21,35,53,73,C,73,53,20
7724a6e4-0943-4420-b479-42d3a4a7164c,69a6fcb68d2c56aa82e48a72,JR,74,200,40,19,19,43,35,12,26,32,27,20,19,15,8,22,28,29,26,18,SF,29,28,1
82134f75-8499-4985-b8a2-9d48f4e6dd2f,69a6fcb68d2c56aa82e48a72,SO,75,209,63,57,7,30,88,77,19,39,6,47,33,32,62,53,45,30,28,19,PG,53,45,8
bf302dd3-b41b-42f8-9fb3-f9e2d598150b,69a6fcb68d2c56aa82e48a72,JR,70,180,40,35,13,33,50,34,11,49,35,10,35,42,87,37,36,37,25,17,PG,37,37,0
d4c5578a-e2fc-4315-b69e-e565eab9add3,69a6fcb68d2c56aa82e48a72,JR,73,212,73,90,54,38,85,33,88,40,95,76,68,59,15,60,73,66,62,38,SG,73,66,7
d6c034ec-2544-4f89-8b84-6214a2554fae,69a6fcb68d2c56aa82e48a72,FR,70,174,16,20,16,20,16,21,26,17,17,17,23,6,64,19,19,17,18,11,PG,19,19,0
fb71cf4c-e9bf-486f-9945-569998f67a34,69a6fcb68d2c56aa82e48a72,JR,79,237,25,27,23,19,36,30,21,27,13,20,15,16,70,24,23,21,28,54,C,54,28,26
feef3087-a856-4cd7-8ad8-76e2c744ba0d,69a6fcb68d2c56aa82e48a72,SO,72,159,34,21,41,14,40,19,27,21,39,13,3,7,41,19,22,26,25,18,SF,26,25,1
004eb1ad-ad7a-4724-906a-cfecff3cbf1c,69a6fcb68d2c56aa82e48a73,JR,70,163,38,23,98,22,10,27,38,97,40,33,21,38,15,24,26,55,56,41,PF,56,55,1
107ad073-9472-4a7f-b2ee-5f28f9165b8e,69a6fcb68d2c56aa82e48a73,FR,67,164,25,31,13,9,17,8,21,10,4,19,7,16,79,10,20,12,15,10,SG,20,15,5
1a95243f-7e9b-4c67-90e6-5c312ae606b2,69a6fcb68d2c56aa82e48a73,FR,72,168,29,4,30,11,17,14,26,20,11,7,19,26,28,15,11,17,24,16,PF,24,17,7
21bfe91c-c4ff-486e-af50-a0959554ef01,69a6fcb68d2c56aa82e48a73,SR,70,169,66,67,54,37,41,46,58,38,66,51,42,48,16,46,56,53,46,32,SG,56,53,3
28aa91c2-f487-4339-9bbe-fc0d7d59d74a,69a6fcb68d2c56aa82e48a73,SR,74,204,57,26,43,35,25,18,3,3,36,95,75,31,73,38,35,31,20,16,PG,38,35,3
2dc7a2b2-829a-4f08-80c1-804bca2cffe0,69a6fcb68d2c56aa82e48a73,FR,70,163,6,29,31,19,16,23,28,30,11,5,11,6,15,17,20,20,23,14,PF,23,20,3
6695b314-51ec-4a5b-92e9-34974ef0f270,69a6fcb68d2c56aa82e48a73,SR,76,220,8,21,17,37,22,26,9,7,9,43,22,18,80,23,22,14,18,16,PG,23,22,1
6e83c278-b15c-468e-8479-eab8cc0f6ccf,69a6fcb68d2c56aa82e48a73,SR,77,215,37,95,20,40,5,12,38,75,34,25,20,17,3,22,57,48,49,46,SG,57,49,8
751e0743-1588-4476-ae1e-e09c271a5440,69a6fcb68d2c56aa82e48a73,FR,70,161,29,46,17,42,49,60,6,9,22,50,40,23,80,45,40,24,14,9,PG,45,40,5
a7cb102c-34ab-48ce-8665-0b02138e78b2,69a6fcb68d2c56aa82e48a73,SR,71,186,77,23,23,68,37,16,13,14,65,41,31,5,50,33,44,41,18,19,SG,44,41,3
a8899502-6d57-4f64-a421-89f5bfed334c,69a6fcb68d2c56aa82e48a73,SR,75,211,42,5,76,29,32,4,48,66,20,24,8,16,79,14,18,38,48,35,PF,48,38,10
b0a24abe-cb87-483c-8a24-6245c327ebdb,69a6fcb68d2c56aa82e48a73,FR,77,224,96,34,66,7,27,13,68,90,30,8,14,12,36,17,31,52,68,68,PF,68,68,0
bfa9447c-c9bb-4f30-838f-9009ff02c020,69a6fcb68d2c56aa82e48a73,SR,73,197,15,54,9,97,10,37,7,6,96,18,31,43,89,44,61,47,15,6,SG,61,47,14
d1bce108-0f7d-4d0a-9485-67889949a55c,69a6fcb68d2c56aa82e48a73,FR,74,204,14,34,51,17,15,25,94,98,22,16,17,24,54,21,24,44,67,39,PF,67,44,23
d95b834f-5200-4421-b469-55c6682fad8c,69a6fcb68d2c56aa82e48a73,SR,70,178,21,22,14,104,35,10,13,14,98,33,26,12,31,37,50,46,14,9,SG,50,46,4
037c9cf8-0af2-4a4e-8007-21b58a019116,69a6fcb68d2c56aa82e48a74,SO,69,163,7,15,32,39,48,59,38,55,2,32,45,53,100,44,24,28,36,20,PG,44,36,8
05c987bc-adc4-4228-9386-5c2b851194bc,69a6fcb68d2c56aa82e48a74,SR,76,215,4,5,4,1,6,8,2,7,4,6,9,4,31,6,4,5,12,13,C,13,12,1
08936558-385f-46ba-9cb1-74af99f3533e,69a6fcb68d2c56aa82e48a74,JR,77,227,12,9,56,42,3,10,50,69,28,16,16,21,25,16,20,38,51,48,PF,51,48,3
0cd53d8e-bd2c-45f6-8f96-e9bbcd78f6dd,69a6fcb68d2c56aa82e48a74,SO,79,238,60,20,81,11,40,24,61,80,47,35,38,11,25,30,26,51,64,82,C,82,64,18
0ed1d53b-5178-42e8-8aec-8ec0e73f2221,69a6fcb68d2c56aa82e48a74,SR,72,199,52,30,40,46,13,12,37,51,6,38,45,40,45,26,34,35,41,27,PF,41,35,6
26cdd28d-9ed2-40e7-a0a3-f43cdefb0d24,69a6fcb68d2c56aa82e48a74,SO,71,179,13,49,35,25,31,33,24,24,25,13,10,27,64,26,33,26,23,14,SG,33,26,7
493e98b1-99f3-4849-bc59-cdc10aca1a05,69a6fcb68d2c56aa82e48a74,JR,71,190,5,2,2,3,4,5,3,3,6,3,3,4,100,4,3,4,3,2,PG,4,4,0
580d542d-4ec5-4306-ab0c-d7677175ff44,69a6fcb68d2c56aa82e48a74,SO,67,177,18,29,11,32,26,12,29,30,26,35,8,28,12,18,27,25,22,13,SG,27,25,2
6c77d8a3-ff70-4f0a-ba1d-2c0694863dbe,69a6fcb68d2c56aa82e48a74,SO,71,188,54,78,57,72,27,65,28,28,34,95,96,69,61,66,68,50,39,25,SG,68,66,2
846b4c70-9983-4202-9ec3-0d63c3b9dcb1,69a6fcb68d2c56aa82e48a74,SR,68,162,21,19,23,14,16,20,29,19,15,29,23,10,14,18,17,18,21,14,PF,21,18,3
968ec161-03b8-4955-90ce-2059ac53e782,69a6fcb68d2c56aa82e48a74,FR,71,156,17,27,3,11,28,30,32,27,11,19,23,2,33,23,19,17,20,12,PG,23,20,3
ab16c1d2-cd4b-4f0f-96ee-e70b68ec9171,69a6fcb68d2c56aa82e48a74,SO,70,166,74,73,23,39,33,24,15,53,55,15,33,31,4,35,57,51,32,25,SG,57,51,6
abf29f1f-deea-48ca-b95d-78a9567e887d,69a6fcb68d2c56aa82e48a74,SR,71,196,5,1,6,1,4,3,4,6,3,5,2,3,40,3,2,4,4,3,SF,4,4,0
ca382515-e043-47fa-82f2-9571f5589307,69a6fcb68d2c56aa82e48a74,JR,72,198,21,14,23,17,27,17,18,12,22,11,16,18,85,19,17,18,18,11,PG,19,18,1
ff2abcb8-8ffe-45fe-92de-d12068d3171e,69a6fcb68d2c56aa82e48a74,FR,70,170,8,14,16,14,18,21,19,19,17,23,17,21,87,18,14,16,16,9,PG,18,16,2
06dfa633-820c-4a36-8789-0ea0c88dc03d,69a6fcb68d2c56aa82e48a75,JR,82,248,41,49,90,43,33,32,6,98,12,43,49,28,8,36,41,54,56,75,C,75,56,19
173cfd3f-2e7b-4aff-95ce-afdcb0e3a570,69a6fcb68d2c56aa82e48a75,FR,71,173,18,17,19,8,2,14,20,18,2,27,22,21,7,13,13,13,17,11,PF,17,13,4
22660046-e68f-4e43-b0b5-ff6a486e57b0,69a6fcb68d2c56aa82e48a75,SO,70,188,33,28,19,28,28,8,23,20,24,16,18,24,1,19,27,24,20,14,SG,27,24,3
4d175319-3b00-4480-a847-2c1208e3eb08,69a6fcb68d2c56aa82e48a75,SO,72,180,24,26,18,16,38,32,5,11,6,15,9,26,44,22,21,14,14,9,PG,22,21,1
5bade940-a042-40c1-874a-5357cb6d5447,69a6fcb68d2c56aa82e48a75,SR,83,290,57,90,97,68,42,61,90,102,71,91,69,98,64,65,76,83,90,92,C,92,90,2
5f9a7b06-bbc6-43de-857d-a69a9d009562,69a6fcb68d2c56aa82e48a75,SR,68,159,1,3,2,3,2,25,3,2,2,1,1,34,6,10,4,4,4,1,PG,10,4,6
7c54743b-00b2-42ba-b0c2-1f08f31b86eb,69a6fcb68d2c56aa82e48a75,JR,76,211,27,42,94,36,17,27,36,92,50,40,29,49,86,31,38,59,63,47,PF,63,59,4
824c7b86-d4c1-4782-9db7-356c614a8509,69a6fcb68d2c56aa82e48a75,SR,70,182,73,83,14,15,33,34,45,49,50,8,50,35,96,40,55,47,40,27,SG,55,47,8
8609a170-7733-47fe-b1a5-0ac0d14e00ab,69a6fcb68d2c56aa82e48a75,JR,77,217,79,21,53,30,35,3,61,84,7,30,6,18,96,13,27,42,61,62,C,62,61,1
9727b8c9-526d-47be-adf1-18aa5a6c983d,69a6fcb68d2c56aa82e48a75,SO,76,215,17,21,15,15,27,15,18,17,24,24,18,16,6,19,19,19,23,20,PF,23,20,3
a20209b6-5c38-4bea-b24f-6a935c46efcc,69a6fcb68d2c56aa82e48a75,SR,78,229,78,49,73,64,65,62,63,55,83,48,68,55,5,65,61,67,64,70,C,70,67,3
ac80e488-ad64-4c25-a448-848be15b4344,69a6fcb68d2c56aa82e48a75,FR,68,178,3,32,18,32,18,1,29,14,19,14,1,15,32,11,25,18,17,10,SG,25,18,7
b3455ac2-e621-4bf9-aae7-05080a4b180f,69a6fcb68d2c56aa82e48a75,SO,70,158,31,13,33,32,34,11,32,28,19,35,29,21,95,22,22,25,26,19,PF,26,25,1
ccc89530-e6cc-4868-a67f-bc58b45ac91b,69a6fcb68d2c56aa82e48a75,JR,75,219,63,24,75,31,23,22,58,91,15,11,12,11,26,19,27,47,59,43,PF,59,47,12
dab01f15-2197-44e3-9169-07fefa18baf7,69a6fcb68d2c56aa82e48a75,SR,79,244,80,42,52,19,37,36,50,76,21,22,34,15,67,32,36,46,58,79,C,79,58,21
0da4592e-239f-40fb-9987-296df51cd713,69a6fcb68d2c56aa82e48a76,SO,71,175,33,19,16,4,24,32,37,2,18,3,14,14,67,21,16,14,18,13,PG,21,18,3
31efddaa-dfeb-4c09-89a6-bfb377364cbb,69a6fcb68d2c56aa82e48a76,SO,76,211,67,94,29,67,37,67,82,39,104,32,50,45,57,62,78,66,59,43,SG,78,66,12
441bcb07-8127-410f-8f2b-8c3158ea0add,69a6fcb68d2c56aa82e48a76,SO,67,161,32,13,32,14,2,31,5,13,2,5,36,34,21,23,16,16,15,12,PG,23,16,7
46a1881f-24ba-460d-854f-657bd3104123,69a6fcb68d2c56aa82e48a76,JR,78,240,39,1,73,23,8,30,38,72,21,12,19,11,94,20,14,38,51,63,C,63,51,12
4db63d14-dbdc-4894-98de-1c4061fbe782,69a6fcb68d2c56aa82e48a76,SR,70,167,51,35,63,7,32,34,56,94,21,33,9,60,12,25,28,48,58,40,PF,58,48,10
4eee1fa7-7a3a-45c8-bea6-2d390d0f3f05,69a6fcb68d2c56aa82e48a76,JR,68,169,48,31,48,16,78,73,88,102,56,26,71,64,2,63,37,61,70,43,PF,70,63,7
52208a50-1216-450f-b0fe-ad0056b17c20,69a6fcb68d2c56aa82e48a76,FR,70,161,7,5,24,17,2,10,29,2,30,19,29,15,67,16,12,16,16,9,PG,16,16,0
77942268-e90b-454e-b259-7e1d3d6541f9,69a6fcb68d2c56aa82e48a76,FR,67,156,11,7,9,4,7,8,11,7,7,7,7,6,100,7,7,7,8,6,PF,8,7,1
8c67f930-850f-4728-849a-09e7092fc850,69a6fcb68d2c56aa82e48a76,SR,69,156,22,21,29,34,23,38,38,9,9,34,11,32,92,25,23,17,22,15,PG,25,23,2
9aae1a1f-a6dd-4490-a68f-82c46d6a14b2,69a6fcb68d2c56aa82e48a76,SR,71,196,24,20,15,23,14,18,13,15,17,16,13,13,83,16,20,17,13,10,SG,20,17,3
a9938c17-e941-40bc-9ea3-ff9c5c773f9b,69a6fcb68d2c56aa82e48a76,SR,67,160,60,96,34,92,24,33,45,44,46,23,55,39,36,48,78,55,42,27,SG,78,55,23
e0aa9ff9-e963-4f79-ac00-58235b2e6279,69a6fcb68d2c56aa82e48a76,JR,80,247,91,21,69,27,24,31,62,90,7,13,25,14,79,24,28,47,66,87,C,87,66,21
e7c635c8-04fc-4fb1-9d9b-c0cc83db16de,69a6fcb68d2c56aa82e48a76,SO,77,232,57,37,99,18,13,30,57,84,24,53,22,32,87,24,31,51,68,65,PF,68,65,3
f246b215-c67c-4d9a-9d53-517cd36efad4,69a6fcb68d2c56aa82e48a76,SR,67,162,39,87,30,53,13,25,18,54,86,15,5,35,99,31,63,58,32,21,SG,63,58,5
ff16bffa-d2a9-458a-8de0-c18b5ae85710,69a6fcb68d2c56aa82e48a76,JR,75,217,8,19,56,3,30,30,32,56,26,33,21,29,42,24,16,32,38,23,PF,38,32,6
17eea490-1df2-48c1-a46f-ffd6b3a05aff,69a6fcb68d2c56aa82e48a77,SR,70,177,9,4,11,8,4,11,10,9,9,12,7,9,47,8,6,8,8,6,PG,8,8,0
53d37329-4257-416a-8693-5487fef4ec9f,69a6fcb68d2c56aa82e48a77,JR,72,198,30,49,45,10,1,27,34,48,45,22,22,13,40,22,31,38,37,24,SF,38,37,1
546694d4-491e-4ace-befb-8f896b59fec5,69a6fcb68d2c56aa82e48a77,JR,73,190,38,26,99,16,24,43,22,97,42,37,25,66,77,33,28,57,56,38,SF,57,56,1
56ce9c68-2214-4335-9d3f-b2f627762427,69a6fcb68d2c56aa82e48a77,SR,65,145,73,65,10,43,89,93,53,16,45,45,22,7,67,59,54,36,30,23,PG,59,54,5
57071513-5f41-43d1-9099-d61a350f4c97,69a6fcb68d2c56aa82e48a77,SR,70,169,8,6,7,8,10,6,8,7,4,10,9,7,46,7,7,6,7,4,PG,7,7,0
97f47dd2-df96-4b2e-baab-d6f57496730c,69a6fcb68d2c56aa82e48a77,SO,73,183,40,40,41,23,11,21,26,38,8,16,15,1,44,17,28,27,31,22,PF,31,28,3
a96399d1-a74a-4641-abe5-28a1250a786e,69a6fcb68d2c56aa82e48a77,SR,69,168,24,20,18,17,13,19,19,19,17,14,22,18,4,18,19,19,17,12,SG,19,19,0
af3d4305-ec0d-4e00-8e8e-412046cd1dcf,69a6fcb68d2c56aa82e48a77,FR,72,156,30,28,26,24,9,22,12,3,1,20,17,7,18,16,22,13,15,11,SG,22,16,6
b26b94c9-ea6f-4119-a7a6-bf181f3f849c,69a6fcb68d2c56aa82e48a77,SR,72,199,32,9,31,36,20,30,20,32,28,36,34,15,33,28,22,28,26,17,PG,28,28,0
b36f6b13-adff-4ebb-8267-903491580873,69a6fcb68d2c56aa82e48a77,SR,70,172,7,6,4,8,2,4,4,9,8,4,6,4,46,5,6,7,5,4,SF,7,6,1
b9dd8de9-4e68-4d45-89af-049a459c7931,69a6fcb68d2c56aa82e48a77,SR,81,249,43,16,65,32,24,5,41,69,12,26,27,18,29,18,23,38,52,73,C,73,52,21
c7327943-9bcd-47a4-832c-d5e0086baee2,69a6fcb68d2c56aa82e48a77,FR,80,247,33,50,58,90,63,60,22,56,95,69,13,38,28,54,61,63,43,65,C,65,63,2
f7127f6f-7e64-411c-9aae-81e8c6bb3c04,69a6fcb68d2c56aa82e48a77,FR,70,160,23,32,31,32,18,16,28,2,21,7,1,10,55,15,27,18,17,13,SG,27,18,9
fca95735-97f6-49fd-9810-ba47e9205d43,69a6fcb68d2c56aa82e48a77,SR,76,218,50,53,79,9,26,22,59,87,56,5,21,23,52,26,38,57,66,51,PF,66,57,9
fcc3542d-6e46-457e-9096-c8281d70e73c,69a6fcb68d2c56aa82e48a77,JR,72,183,44,39,30,19,21,20,20,14,35,23,33,27,7,26,32,28,24,16,SG,32,28,4
2509ac41-4d55-4e34-a027-f9342d57b812,69a6fcb68d2c56aa82e48a78,FR,76,216,8,33,52,45,17,14,43,26,11,93,97,68,49,42,35,31,45,29,PF,45,42,3
3991127a-6674-4406-9e81-fa3e53c1bc7d,69a6fcb68d2c56aa82e48a78,FR,78,232,21,3,91,27,7,6,16,91,13,30,10,17,30,10,13,42,51,63,C,63,51,12
50259959-40dc-4a0c-8ae7-038ca89be582,69a6fcb68d2c56aa82e48a78,SR,73,199,92,34,48,22,46,32,35,27,96,20,41,4,42,40,42,53,36,30,SF,53,42,11
5801a7bc-605e-41e5-a529-a488528bc7a6,69a6fcb68d2c56aa82e48a78,SO,71,175,20,15,28,15,30,33,22,8,34,30,21,31,37,27,19,21,17,12,PG,27,21,6
5ad836ea-47c8-4ccb-91a0-1f7d5dd5a1b8,69a6fcb68d2c56aa82e48a78,FR,67,174,10,2,29,5,31,14,32,24,17,18,2,28,18,13,8,16,22,14,PF,22,16,6
7af0a731-8c68-4fa7-bcba-fb9eeae5f8ae,69a6fcb68d2c56aa82e48a78,JR,76,231,79,27,44,5,12,13,45,90,11,4,12,24,97,13,23,43,57,49,PF,57,49,8
7f47e5bd-c567-460c-884f-457c8523266f,69a6fcb68d2c56aa82e48a78,SR,71,180,5,5,4,33,8,10,30,7,9,8,7,7,50,11,13,9,13,7,SG,13,13,0
95c69ff8-9d74-414e-8ebb-1275b5185ee7,69a6fcb68d2c56aa82e48a78,SO,72,200,45,30,50,102,26,28,46,15,97,49,42,11,96,45,56,53,34,23,SG,56,53,3
a9eacdd9-de14-49e7-8682-a6805c45edf7,69a6fcb68d2c56aa82e48a78,FR,79,242,22,17,13,14,15,21,15,14,12,26,20,26,48,18,17,15,22,50,C,50,22,28
b3a58cde-b604-4eb6-8e21-9981da769b3e,69a6fcb68d2c56aa82e48a78,SR,69,170,77,92,16,31,31,21,23,58,57,28,3,5,50,25,60,51,33,26,SG,60,51,9
d2e0341a-7449-40f9-a8e2-c92a724e19f9,69a6fcb68d2c56aa82e48a78,JR,76,222,99,38,91,11,15,24,92,96,9,28,24,40,79,21,33,53,83,67,PF,83,67,16
d32315ae-1c3e-4f63-880a-02035a7ec97a,69a6fcb68d2c56aa82e48a78,JR,78,231,37,97,55,18,11,49,20,94,22,44,17,53,62,32,53,53,55,61,C,61,55,6
d45e83ab-9b41-491f-b921-e4657e17025a,69a6fcb68d2c56aa82e48a78,FR,67,155,4,28,31,1,20,23,14,13,8,29,8,16,20,15,15,13,15,9,PG,15,15,0
d8e2fb01-fbec-4b8b-8a44-bef684cbfb49,69a6fcb68d2c56aa82e48a78,FR,74,215,27,37,32,14,24,28,104,88,38,10,39,24,44,30,29,46,67,38,PF,67,46,21
fd105d1d-1a40-437b-8089-a97522010b11,69a6fcb68d2c56aa82e48a78,SO,70,182,2,34,11,22,29,18,41,8,26,25,23,16,49,23,25,17,20,9,SG,25,23,2
1235792f-4813-46e1-9d52-35c8718af9ba,69a6fcb68d2c56aa82e48a79,SO,75,209,22,94,79,95,95,80,42,73,84,51,63,96,88,81,85,76,59,32,SG,85,81,4
19fa8f28-8544-48ef-9b2d-589cd0594d60,69a6fcb68d2c56aa82e48a79,FR,72,164,5,19,24,23,14,30,12,15,12,26,15,10,44,20,17,15,16,8,PG,20,17,3
2d04d247-7e40-47a1-a439-5e4122ff0cb1,69a6fcb68d2c56aa82e48a79,SR,71,184,5,3,7,6,4,9,6,4,4,5,11,6,31,8,5,5,5,3,PG,8,5,3
4a99966e-52f9-430b-aa23-f6073cd0035c,69a6fcb68d2c56aa82e48a79,SO,67,163,5,3,4,25,6,4,4,8,7,5,25,5,16,12,10,9,6,3,PG,12,10,2
4dcca135-8c77-4888-a5eb-e2a730da9697,69a6fcb68d2c56aa82e48a79,JR,75,190,36,45,4,43,26,8,37,15,50,28,52,43,32,33,43,34,27,14,SG,43,34,9
61470709-2a85-435f-84a4-7bfe80dbe373,69a6fcb68d2c56aa82e48a79,FR,71,187,54,104,37,103,61,15,28,21,41,27,26,26,82,41,82,48,30,21,SG,82,48,34
75a28bd0-a2d8-44a1-bfff-ee3fc4de3b69,69a6fcb68d2c56aa82e48a79,JR,77,224,71,63,51,58,38,52,60,52,60,58,53,28,13,51,59,56,57,55,SG,59,57,2
8509a4b8-5f86-4a7a-8ed3-b3246a1de729,69a6fcb68d2c56aa82e48a79,SR,71,194,13,14,19,19,20,9,40,91,81,83,33,37,38,26,24,53,42,24,SF,53,42,11
956ceb8a-a908-4180-8b67-90975fdf8b62,69a6fcb68d2c56aa82e48a79,JR,70,174,61,74,16,14,99,95,26,11,11,8,32,12,44,58,47,24,22,17,PG,58,47,11
a4b40ebe-ee01-4599-8082-2248020310e2,69a6fcb68d2c56aa82e48a79,FR,78,241,40,8,53,25,25,21,38,58,23,20,20,15,89,21,19,35,45,58,C,58,45,13
b40bf68f-f558-48de-a6fd-d6bc77055d4d,69a6fcb68d2c56aa82e48a79,SR,71,197,74,25,42,18,9,7,36,73,7,15,23,25,44,14,25,38,43,34,PF,43,38,5
b6086454-2542-4d9f-a36a-46456c26008c,69a6fcb68d2c56aa82e48a79,JR,68,159,14,19,11,11,9,10,12,13,14,18,11,22,97,12,15,14,12,8,SG,15,14,1
c799de71-51fd-4a28-a096-ca47301cd991,69a6fcb68d2c56aa82e48a79,JR,75,201,55,57,40,64,68,53,34,53,58,39,56,71,44,59,60,56,44,27,SG,60,59,1
e9f7bfc0-2c99-4f22-8877-c8d5e7b5d071,69a6fcb68d2c56aa82e48a79,JR,70,172,42,13,17,16,30,27,26,35,30,21,29,27,57,26,21,28,25,18,SF,28,26,2
f65e767d-25ec-46c2-a415-84f4230ab729,69a6fcb68d2c56aa82e48a79,FR,71,171,24,28,1,3,23,23,10,1,8,16,7,5,85,15,17,8,7,5,SG,17,15,2
0d8a4cb1-c3c6-4ec1-ab8e-de84962a77ca,69a6fcb68d2c56aa82e48a7a,SR,67,170,89,85,4,7,89,90,23,29,18,40,14,26,93,52,53,32,25,22,SG,53,52,1
13af262f-19ba-4c9a-9e1c-9dc6ae336479,69a6fcb68d2c56aa82e48a7a,FR,68,168,16,22,18,14,14,10,7,23,6,18,12,1,75,11,16,15,13,10,SG,16,15,1
32daf2b0-11bb-431e-9988-82c13ea3b765,69a6fcb68d2c56aa82e48a7a,SR,68,159,35,89,16,9,36,7,14,52,88,31,23,44,71,30,55,53,29,18,SG,55,53,2
384bcad4-c068-4657-91ea-98e98f58212b,69a6fcb68d2c56aa82e48a7a,FR,72,204,93,69,17,5,19,14,33,57,54,42,33,62,65,28,49,51,42,30,SF,51,49,2
3d809637-1388-4a9e-a09d-b0b5e3a851ae,69a6fcb68d2c56aa82e48a7a,JR,78,225,73,71,55,56,78,53,54,48,50,69,41,41,23,54,63,54,55,64,C,64,63,1
40c8d54b-9f0c-4543-a084-67abcd0728de,69a6fcb68d2c56aa82e48a7a,SR,70,181,15,23,22,21,23,20,28,28,22,26,14,21,29,19,21,22,22,14,SF,22,22,0
4eb31bfa-0456-4868-96da-ca99150c2d1e,69a6fcb68d2c56aa82e48a7a,FR,77,219,83,20,94,19,33,32,60,96,8,20,23,2,47,24,25,49,70,70,PF,70,70,0
612e132a-8a38-468f-ae6b-66f80b214fe4,69a6fcb68d2c56aa82e48a7a,SR,72,200,10,27,14,59,90,96,8,22,18,41,61,27,100,68,37,25,19,8,PG,68,37,31
62da6dea-b06c-491b-8e46-3c148284911d,69a6fcb68d2c56aa82e48a7a,JR,77,212,82,7,45,31,16,13,48,78,20,16,4,9,21,13,22,42,53,58,C,58,53,5
6a8f69e2-e189-4360-be6a-5350e63a6528,69a6fcb68d2c56aa82e48a7a,JR,75,227,53,21,31,80,101,96,56,60,45,16,76,19,65,77,48,50,47,30,PG,77,50,27
72240308-de01-47dd-9611-5f17355a19ee,69a6fcb68d2c56aa82e48a7a,SO,70,182,43,34,17,25,21,34,31,13,23,11,30,11,43,28,30,23,21,16,SG,30,28,2
83993493-04a1-4337-a3fc-c5c38419e137,69a6fcb68d2c56aa82e48a7a,FR,72,171,8,1,13,2,1,15,12,30,1,1,7,22,51,8,3,12,17,9,PF,17,12,5
9e5ef922-d089-4065-aa6e-18025268bbef,69a6fcb68d2c56aa82e48a7a,JR,70,173,22,13,19,21,18,32,23,14,29,21,9,25,70,21,18,20,17,12,PG,21,20,1
cc16918d-7bad-4f2d-b686-6c5e8f175aac,69a6fcb68d2c56aa82e48a7a,SO,76,214,78,72,69,48,58,58,71,54,62,71,70,67,64,62,65,63,67,51,PF,67,65,2
da2b5166-a6d4-4fce-ba98-48886966ba7e,69a6fcb68d2c56aa82e48a7a,FR,69,175,15,20,12,25,30,1,7,16,12,15,16,32,75,15,21,17,12,7,SG,21,17,4
00cb2d4d-35fe-40b5-bd2f-a5d31551032c,69a6fcb68d2c56aa82e48a7b,SO,81,248,90,65,92,34,61,77,89,99,61,61,49,29,1,59,57,72,84,95,C,95,84,11
06b61d17-88d8-44ea-b9e5-8d42f941d2c9,69a6fcb68d2c56aa82e48a7b,SO,68,163,98,23,15,8,18,26,14,27,92,13,32,13,43,30,33,46,21,23,SF,46,33,13
204abddc-4c0a-4d30-b734-6d3aabdbf2d0,69a6fcb68d2c56aa82e48a7b,SR,73,209,19,92,31,50,47,20,31,101,53,71,25,54,97,37,63,62,51,27,SG,63,62,1
42d91685-3ec4-46ab-99b6-6768293d0670,69a6fcb68d2c56aa82e48a7b,SR,79,247,43,10,48,27,12,21,47,57,26,11,36,12,6,24,21,36,48,69,C,69,48,21
451d9c77-742a-4d8d-b7ff-84a20a577ac6,69a6fcb68d2c56aa82e48a7b,FR,77,222,28,88,30,56,23,46,49,91,23,25,48,18,18,42,59,52,59,50,SG,59,59,0
6fc892f9-3070-44c2-a417-dd9e64c5c2a9,69a6fcb68d2c56aa82e48a7b,SR,72,193,19,6,34,24,31,32,32,21,14,94,85,19,50,41,18,22,29,16,PG,41,29,12
9eee089e-5df7-4e70-af36-9c5c71efb60a,69a6fcb68d2c56aa82e48a7b,SR,78,233,11,49,29,33,6,36,28,8,29,42,37,8,96,30,34,24,27,41,C,41,34,7
acdfb7ab-c4e0-489d-ad32-6d6087b4e4fe,69a6fcb68d2c56aa82e48a7b,JR,72,190,92,89,38,52,51,50,28,97,99,73,78,47,62,64,76,82,56,38,SF,82,76,6
c292af0c-988a-4251-a921-5b378f7a5670,69a6fcb68d2c56aa82e48a7b,FR,68,176,28,28,9,27,12,12,1,29,9,6,13,23,73,15,24,20,14,10,SG,24,20,4
c8a57816-c0bc-4a62-ad8b-b65016271e15,69a6fcb68d2c56aa82e48a7b,SR,71,182,30,9,20,10,38,32,41,23,48,27,11,39,25,26,18,27,25,17,SF,27,26,1
cedd74f1-a3ce-4964-988a-5c6332104fb7,69a6fcb68d2c56aa82e48a7b,SR,70,178,22,10,11,15,17,22,36,17,20,13,13,37,44,18,15,18,21,13,PF,21,18,3
cf4edc33-426b-4204-92e4-b076b88950e8,69a6fcb68d2c56aa82e48a7b,JR,73,212,20,32,28,96,93,102,61,37,70,96,101,32,1,90,57,51,44,22,PG,90,57,33
d865006d-03d5-46f8-acc3-fb51e46ec7b5,69a6fcb68d2c56aa82e48a7b,FR,67,161,31,3,8,13,9,31,18,14,12,11,25,2,35,20,11,13,13,11,PG,20,13,7
d8e030f8-3001-4ff1-bdac-7d99df074211,69a6fcb68d2c56aa82e48a7b,SR,69,166,8,8,10,15,18,11,14,14,8,14,8,8,4,11,10,10,11,7,PG,11,11,0
e7a9bf7b-500a-4ac0-8901-854323bfc6b1,69a6fcb68d2c56aa82e48a7b,FR,67,168,27,12,10,5,1,21,6,14,23,10,1,20,76,11,12,16,10,9,SF,16,12,4
07aa4671-1d3e-4cce-b6b8-6a36e23f2ab6,69a6fcb68d2c56aa82e48a7c,SR,73,199,34,21,10,31,37,31,94,66,31,15,30,12,77,30,27,36,54,31,PF,54,36,18
16ed946d-f7a6-4e57-ba30-8296617338f6,69a6fcb68d2c56aa82e48a7c,SR,67,152,54,99,5,43,57,63,17,5,61,70,56,101,56,62,73,44,23,12,SG,73,62,11
37d25067-47eb-446a-93a7-caf60f8a43ea,69a6fcb68d2c56aa82e48a7c,SO,76,215,44,19,29,19,22,38,45,15,33,6,20,30,60,27,24,26,35,30,PF,35,30,5
3c2e4002-b484-4ab7-8ab2-85dd7618f80a,69a6fcb68d2c56aa82e48a7c,FR,71,167,30,27,32,1,10,11,26,15,23,12,13,13,34,12,18,20,20,15,SF,20,20,0
3f2909ac-8e00-4d3b-875b-e40e66871723,69a6fcb68d2c56aa82e48a7c,FR,71,181,18,93,71,20,55,46,59,74,93,39,30,42,27,48,60,66,56,33,SF,66,60,6
3fba6eaf-81d1-44fb-9601-d0a0fb32aa76,69a6fcb68d2c56aa82e48a7c,JR,75,208,93,31,98,43,15,23,101,95,28,33,25,11,67,25,38,59,79,58,PF,79,59,20
61d3f843-d10f-4225-b835-928952b5a71d,69a6fcb68d2c56aa82e48a7c,FR,67,156,14,21,28,15,12,17,6,8,1,8,18,28,32,15,17,12,12,8,SG,17,15,2
63967f8a-c136-4a56-9dc2-99c79542f843,69a6fcb68d2c56aa82e48a7c,SO,73,162,41,8,12,26,35,25,29,42,13,5,29,6,20,25,19,24,28,19,PF,28,25,3
6f0fc1f1-ef89-467e-87a6-59fcfd662b4b,69a6fcb68d2c56aa82e48a7c,SR,78,224,64,92,66,95,62,32,61,55,19,40,47,28,4,48,76,54,61,67,SG,76,67,9
8e02e4a2-a0da-42d5-b863-f7496fdf4cba,69a6fcb68d2c56aa82e48a7c,SR,78,218,18,33,101,46,40,54,39,88,26,42,9,43,54,35,34,51,62,67,C,67,62,5
c0a0d787-9f40-4b11-a743-c75f31b947f0,69a6fcb68d2c56aa82e48a7c,SO,75,197,20,31,31,24,23,16,9,18,23,26,18,19,10,20,26,23,19,12,SG,26,23,3
c834ab6d-f2b9-4cb3-86c3-fc1eacc494b6,69a6fcb68d2c56aa82e48a7c,SR,69,186,56,51,37,26,27,51,18,29,32,34,51,20,45,41,41,36,27,21,PG,41,41,0
e43a1ac6-0779-497c-bb34-dcbab41c9b00,69a6fcb68d2c56aa82e48a7c,FR,78,227,39,35,32,11,27,24,30,36,19,13,41,26,54,28,27,29,37,51,C,51,37,14
e500c899-ea20-4995-a98a-f22d4764824a,69a6fcb68d2c56aa82e48a7c,FR,77,232,89,43,81,12,36,16,86,99,12,37,26,45,39,23,36,54,80,73,PF,80,73,7
ee301fb1-6b72-444a-9aa4-7d0c161ddde4,69a6fcb68d2c56aa82e48a7c,SO,71,177,19,20,29,49,32,39,95,91,16,34,51,12,74,37,29,42,61,35,PF,61,42,19
0d9fe49f-e0bf-477f-bf18-af2de42f6127,69a6fcb68d2c56aa82e48a7d,JR,76,225,21,26,8,20,16,28,18,18,16,35,43,16,70,27,23,19,24,20,PG,27,24,3
18dc5b9e-95cb-4fee-8aba-44ba176c8663,69a6fcb68d2c56aa82e48a7d,JR,69,166,70,51,4,82,96,94,57,50,17,11,74,38,53,75,60,43,42,27,PG,75,60,15
1d5baacf-af1b-455f-aa3e-dca0188e652a,69a6fcb68d2c56aa82e48a7d,SO,75,217,24,18,19,32,16,34,15,37,33,38,11,25,37,24,24,29,23,14,SF,29,24,5
1eafdef0-7b3b-48ae-be89-46d2ff69c05e,69a6fcb68d2c56aa82e48a7d,JR,70,161,5,28,68,11,28,26,18,80,29,29,13,4,13,21,20,39,38,26,SF,39,38,1
2bfd9054-ae4c-4032-b74e-bff872d98b18,69a6fcb68d2c56aa82e48a7d,FR,70,165,16,102,28,89,31,22,36,21,81,36,77,45,90,55,80,55,32,15,SG,80,55,25
476c2a03-241d-4e24-ac35-754dcea38581,69a6fcb68d2c56aa82e48a7d,FR,70,186,46,43,77,36,4,60,16,70,9,13,13,38,95,30,34,42,41,31,SF,42,41,1
50feed42-27fb-458f-8311-2e9781c35600,69a6fcb68d2c56aa82e48a7d,FR,70,179,88,77,72,78,82,82,74,77,81,86,72,77,100,78,79,78,68,47,SG,79,78,1
538bbb06-14cb-42af-b852-f8aa2c080009,69a6fcb68d2c56aa82e48a7d,JR,71,189,25,8,20,40,65,57,7,12,21,32,49,9,46,46,24,20,13,10,PG,46,24,22
676fe395-1a5f-4169-b2c7-434849b47b62,69a6fcb68d2c56aa82e48a7d,SR,70,170,20,14,19,21,29,28,24,8,27,19,20,25,5,24,19,18,16,11,PG,24,19,5
7cc31c27-6c9a-4d67-903d-7e245e2d5041,69a6fcb68d2c56aa82e48a7d,SR,72,185,36,53,42,30,1,8,15,37,43,57,22,33,31,20,39,39,30,20,SG,39,39,0
801aa65b-a3dd-41cb-bf45-bf3836e8701d,69a6fcb68d2c56aa82e48a7d,FR,71,167,27,27,25,22,15,15,24,11,17,2,3,12,77,13,22,18,17,13,SG,22,18,4
8bc194ee-5778-4773-967f-770c7ec1da1d,69a6fcb68d2c56aa82e48a7d,SR,72,205,44,7,24,4,33,30,1,48,59,45,44,5,82,32,18,37,23,18,SF,37,32,5
9931587e-ced5-4304-a3bc-6157731f586c,69a6fcb68d2c56aa82e48a7d,JR,67,160,7,27,15,17,22,24,30,37,42,36,47,17,15,30,24,30,25,13,PG,30,30,0
e86e43b1-5057-4dd4-bbb7-631d03f4bbdc,69a6fcb68d2c56aa82e48a7d,SR,70,163,4,9,9,9,7,8,9,9,9,12,10,6,42,9,8,8,8,5,PG,9,8,1
f751b821-0d98-4f42-a1af-3c476100d30e,69a6fcb68d2c56aa82e48a7d,FR,78,229,16,93,11,6,28,19,35,91,20,33,14,26,76,22,46,42,50,53,C,53,50,3
09278628-9d6b-4860-827f-338d966eaab0,69a6fcb68d2c56aa82e48a7e,SR,71,190,12,94,54,80,63,32,16,38,40,34,16,8,18,40,67,45,29,18,SG,67,45,22
0e2fd7d9-699a-4cd8-b3e7-d3e3810095fb,69a6fcb68d2c56aa82e48a7e,FR,74,194,28,20,29,28,20,21,12,31,26,25,14,26,23,21,23,27,23,15,SF,27,23,4
1842813a-5787-4225-97fc-8e430d24158c,69a6fcb68d2c56aa82e48a7e,SR,69,160,11,16,27,63,87,71,8,11,43,57,46,6,62,58,34,28,13,9,PG,58,34,24
2d64627c-d358-4e45-be6d-4c66e235a73d,69a6fcb68d2c56aa82e48a7e,SR,80,241,99,81,97,77,32,19,95,95,55,63,61,71,55,47,75,80,90,98,C,98,90,8
3865fe9c-bac6-48bf-8b58-dec46e8d8f11,69a6fcb68d2c56aa82e48a7e,SO,71,188,15,30,30,40,24,29,29,20,19,28,21,33,18,27,29,24,23,14,SG,29,27,2
42762660-3150-425f-bc97-19fe3371f8ac,69a6fcb68d2c56aa82e48a7e,FR,69,178,7,40,5,8,7,4,6,5,5,4,39,4,56,16,22,11,8,3,SG,22,16,6
47cd11b2-c84f-4a37-964d-5095d495f81b,69a6fcb68d2c56aa82e48a7e,SR,67,160,17,20,95,21,9,33,13,84,45,8,4,32,46,21,22,49,43,31,SF,49,43,6
508d66b0-433e-4aaa-8b61-b0fda81d5d96,69a6fcb68d2c56aa82e48a7e,SR,72,200,27,27,103,8,14,18,5,95,6,25,31,4,100,18,19,44,48,34,PF,48,44,4
60d7907c-80b0-4acd-868e-8093f3fc7cd1,69a6fcb68d2c56aa82e48a7e,SO,68,162,39,40,95,89,38,8,40,66,64,12,38,39,5,37,54,63,51,36,SF,63,54,9
6736c1bb-d353-4dbc-afe7-bb9beba269cb,69a6fcb68d2c56aa82e48a7e,FR,72,160,32,24,23,30,11,2,24,1,10,12,27,8,63,15,24,15,18,12,SG,24,18,6
706bc169-6446-4b6f-bf29-539be11e804f,69a6fcb68d2c56aa82e48a7e,SR,70,194,47,19,5,61,9,6,22,61,23,6,53,49,75,28,35,39,31,20,SF,39,35,4
78487beb-c30e-47bc-ab8a-7efb65019faf,69a6fcb68d2c56aa82e48a7e,SR,65,152,74,78,82,91,81,93,79,88,74,76,78,71,52,84,80,80,73,48,PG,84,80,4
b6b4c579-7095-48f6-b2e2-d9e0303b49b7,69a6fcb68d2c56aa82e48a7e,FR,70,180,19,41,42,58,93,86,6,44,16,19,70,31,25,68,44,36,27,17,PG,68,44,24
d19d5985-f1ef-40aa-8aff-124cc4b83857,69a6fcb68d2c56aa82e48a7e,FR,67,162,17,27,15,13,10,31,14,20,14,5,17,32,35,21,20,18,16,10,PG,21,20,1
d211cfae-8a5a-4778-b253-e4a5410453d6,69a6fcb68d2c56aa82e48a7e,SR,73,199,25,15,28,22,31,32,15,23,29,15,15,24,80,25,20,24,21,14,PG,25,24,1
2e8dc3e5-b1dc-4868-8a0e-d64aee0f7092,69a6fcb68d2c56aa82e48a7f,JR,73,187,22,23,24,24,27,29,16,24,22,33,17,22,93,24,23,23,21,13,PG,24,23,1
3092fd84-0c87-4486-94b4-463aff704b23,69a6fcb68d2c56aa82e48a7f,JR,76,228,22,45,24,38,63,48,103,98,29,45,53,35,79,48,40,49,74,47,PF,74,49,25
373573d8-7949-4ebb-9f74-160ce6fbfe7c,69a6fcb68d2c56aa82e48a7f,SO,76,219,18,99,34,28,24,25,15,104,17,3,8,28,6,24,53,50,51,36,SG,53,51,2
5d6270fe-045a-47a5-8a27-7c4e1adf9ba7,69a6fcb68d2c56aa82e48a7f,SR,74,196,21,16,22,33,17,22,17,33,22,28,35,21,83,25,23,26,24,14,SF,26,25,1
6ad70da5-8b2b-4f37-8fcb-b612a727b102,69a6fcb68d2c56aa82e48a7f,FR,71,174,31,11,13,28,17,9,25,21,12,19,3,15,13,11,17,17,18,14,PF,18,17,1
7666e200-771a-4efa-b061-08585e525a3f,69a6fcb68d2c56aa82e48a7f,SO,66,143,9,96,18,80,19,28,4,31,5,21,18,27,10,30,63,32,19,9,SG,63,32,31
8068bc4c-4ffb-4094-9c9a-44b790f2c71f,69a6fcb68d2c56aa82e48a7f,FR,75,204,70,31,88,9,13,61,79,94,1,15,58,28,30,39,27,48,72,50,PF,72,50,22
9f35c31d-36bc-4b6f-8692-1fe724118c13,69a6fcb68d2c56aa82e48a7f,FR,71,187,24,12,30,23,27,25,22,13,17,18,13,35,92,21,18,19,19,13,PG,21,19,2
a3c093cf-d1ea-4f39-ad67-62cedbe39e6c,69a6fcb68d2c56aa82e48a7f,SO,69,164,15,31,11,21,20,19,49,13,38,39,20,26,73,22,26,23,24,13,SG,26,24,2
af70f9a3-48cd-4d3c-8533-38b91972e6c8,69a6fcb68d2c56aa82e48a7f,FR,70,172,19,21,2,13,19,11,25,23,10,15,1,3,46,10,16,14,16,10,SG,16,16,0
bd0358b0-4508-4b01-9579-cbc40db54341,69a6fcb68d2c56aa82e48a7f,JR,71,191,17,19,16,13,24,20,17,23,18,19,11,19,80,17,17,18,17,11,SF,18,17,1
d420ded0-d343-4bdd-bda6-7a9b2aefb343,69a6fcb68d2c56aa82e48a7f,FR,72,178,26,1,15,27,17,19,20,6,22,12,18,13,45,18,14,15,15,10,PG,18,15,3
d4e9508a-0893-4233-b5a4-e16bc4e41954,69a6fcb68d2c56aa82e48a7f,SO,80,232,74,43,90,13,27,66,80,96,17,37,13,56,50,35,34,54,78,91,C,91,78,13
da7e0b89-8203-4546-9653-9ba39449e406,69a6fcb68d2c56aa82e48a7f,JR,72,197,33,46,27,36,41,47,95,98,18,49,22,32,90,35,37,46,66,38,PF,66,46,20
dd50bd51-12db-452e-af36-122a42f899d4,69a6fcb68d2c56aa82e48a7f,JR,74,212,56,48,16,33,80,82,46,13,51,30,6,47,85,51,45,34,30,20,PG,51,45,6
157fb0b5-fe3b-4490-8775-3d9d998d245d,69a6fcb68d2c56aa82e48a80,JR,74,201,99,47,98,57,48,49,101,104,43,67,32,47,86,45,54,71,85,60,PF,85,71,14
27e9d378-543f-4840-952a-8ac5ebc72bc4,69a6fcb68d2c56aa82e48a80,FR,72,162,21,24,11,3,29,29,12,22,9,11,11,2,31,18,15,14,16,10,PG,18,16,2
29800810-396e-43c0-85bf-5d0c224e447a,69a6fcb68d2c56aa82e48a80,FR,66,165,21,13,12,2,21,26,23,25,24,18,18,3,1,19,12,18,18,12,PG,19,18,1
38a1cc3f-69ca-463c-8caf-41d2e1a47c15,69a6fcb68d2c56aa82e48a80,SR,69,165,62,57,31,24,13,44,91,101,44,16,39,10,35,35,43,56,66,43,PF,66,56,10
3f2a1a7c-3246-4f1b-989c-fa306be803da,69a6fcb68d2c56aa82e48a80,FR,72,200,71,94,65,43,64,26,46,60,68,51,9,50,35,38,68,62,52,36,SG,68,62,6
53a17a30-be88-44b5-a373-8a6746db776d,69a6fcb68d2c56aa82e48a80,SR,64,142,1,2,2,1,1,1,2,2,1,21,23,2,68,7,3,3,3,1,PG,7,3,4
7bea0093-a617-46d1-bf1b-a7567326da24,69a6fcb68d2c56aa82e48a80,FR,76,224,73,78,31,21,5,27,5,48,55,21,6,1,28,22,50,46,34,34,SG,50,46,4
7fa31ac7-c19e-4c3d-a8ec-52e2fe92f93e,69a6fcb68d2c56aa82e48a80,FR,73,200,14,15,11,13,16,20,19,15,17,12,15,12,100,17,14,15,16,9,PG,17,16,1
821d2545-abf4-4149-b3d8-33026d218c4c,69a6fcb68d2c56aa82e48a80,FR,69,157,9,28,25,23,27,2,14,3,22,27,5,10,35,12,22,16,11,8,SG,22,16,6
8eee81a0-f896-4605-ae85-e6f6bfb76cca,69a6fcb68d2c56aa82e48a80,JR,67,158,51,88,34,52,82,34,34,75,86,83,70,91,64,63,74,71,49,29,SG,74,71,3
8f14bd21-1e6c-4105-93ae-ad027ddcc356,69a6fcb68d2c56aa82e48a80,SO,71,187,31,13,15,38,38,36,21,14,28,31,13,25,28,28,24,22,16,12,PG,28,24,4
91a74305-a135-4d35-ad7f-6a40be0ffbc9,69a6fcb68d2c56aa82e48a80,SO,73,198,42,35,40,40,77,78,8,5,26,35,55,16,27,58,38,27,20,14,PG,58,38,20
ac42bf06-cd59-4d95-8d36-dd1a630117a0,69a6fcb68d2c56aa82e48a80,FR,72,202,13,16,96,29,42,10,22,89,32,34,40,25,42,27,24,49,50,33,PF,50,49,1
dee1390a-3933-4193-934c-354bfb2cb0c5,69a6fcb68d2c56aa82e48a80,JR,76,218,59,50,37,28,29,33,96,93,26,39,26,26,92,30,40,50,73,53,PF,73,53,20
ea978fb7-db6c-4a28-ac91-35c00bddfee6,69a6fcb68d2c56aa82e48a80,FR,75,211,12,22,21,16,20,19,16,12,18,23,20,19,95,19,19,17,17,9,PG,19,19,0
076dc83f-2ba5-48d0-a9af-742bcf6d3303,69a6fcb68d2c56aa82e48a81,SO,73,193,15,21,36,44,36,13,20,9,28,36,24,29,7,25,28,24,21,12,SG,28,25,3
13e0cab8-a133-44de-b977-604f50cee205,69a6fcb68d2c56aa82e48a81,SR,72,196,8,19,6,67,90,87,31,10,42,28,75,30,6,72,39,28,22,8,PG,72,39,33
2848a0e1-65ac-4e84-b4a6-34a0cf95fcd2,69a6fcb68d2c56aa82e48a81,JR,81,243,63,38,89,40,11,6,43,76,21,10,22,22,26,18,36,49,60,81,C,81,60,21
4461fe2e-eee1-40b5-914f-58a1701b0af4,69a6fcb68d2c56aa82e48a81,SO,67,167,37,42,9,2,27,30,5,20,9,21,19,14,84,22,25,18,13,11,SG,25,22,3
6722fae0-4738-4042-a798-713d69b926ac,69a6fcb68d2c56aa82e48a81,FR,71,182,26,96,67,83,7,9,15,11,12,29,13,14,22,22,65,34,25,18,SG,65,34,31
8374fcb0-a377-4878-8a41-126061801569,69a6fcb68d2c56aa82e48a81,SR,82,250,94,23,96,79,55,53,89,101,64,54,32,81,14,52,53,76,85,97,C,97,85,12
86e595d7-8b03-41e0-9c72-ee09781cc1a5,69a6fcb68d2c56aa82e48a81,SO,72,195,6,15,96,38,37,43,35,91,16,12,12,15,71,28,21,44,53,34,PF,53,44,9
8d04f9ef-ecc5-4c71-b7bc-bd97db54af56,69a6fcb68d2c56aa82e48a81,SO,70,171,19,88,25,104,13,25,16,13,21,36,11,39,21,31,68,35,20,11,SG,68,35,33
94b0872e-f320-4e7c-aec9-1d4b736e557d,69a6fcb68d2c56aa82e48a81,SR,68,159,11,15,22,16,13,24,16,15,19,17,11,10,29,17,15,16,14,10,PG,17,16,1
a6210662-88c7-4ded-b612-ed4cb2c6fa94,69a6fcb68d2c56aa82e48a81,JR,74,195,90,66,48,101,66,65,93,66,90,50,51,52,7,67,78,75,67,45,SG,78,75,3
adc470f6-249b-4295-acf4-a7d52fecaae9,69a6fcb68d2c56aa82e48a81,SO,74,197,42,33,4,20,68,49,58,57,88,94,99,55,56,65,42,54,46,24,PG,65,54,11
c93637f6-7e21-4df7-8b4d-98711c9859d1,69a6fcb68d2c56aa82e48a81,FR,68,168,2,26,12,8,8,18,10,30,27,10,16,18,68,16,17,21,15,8,SF,21,17,4
ca1734e8-b238-4894-a428-c57e93c799b9,69a6fcb68d2c56aa82e48a81,FR,72,156,23,8,7,5,29,28,3,4,8,19,27,10,81,22,11,9,9,6,PG,22,11,11
ea736ee8-48f1-47f9-867e-a47305d59690,69a6fcb68d2c56aa82e48a81,SR,69,177,73,87,12,12,35,25,11,65,52,24,30,27,19,32,55,51,32,24,SG,55,51,4
f6c4a131-8ee2-4ac1-99b3-bb7d6873839d,69a6fcb68d2c56aa82e48a81,SO,69,170,9,22,10,64,84,79,22,18,11,9,53,21,97,59,35,21,18,9,PG,59,35,24
05b62284-c564-44fa-befc-d92cb128bb21,69a6fcb68d2c56aa82e48a82,SR,65,160,82,87,93,69,85,93,80,84,68,75,81,89,94,83,80,80,76,51,PG,83,80,3
1390d90d-aefe-42cf-baf8-c4c94cf1297d,69a6fcb68d2c56aa82e48a82,FR,72,168,11,10,28,21,22,15,6,19,1,12,17,16,39,16,13,14,16,10,PG,16,16,0
2259edad-8131-42bb-8def-1a8e6f77de2d,69a6fcb68d2c56aa82e48a82,SO,70,172,88,45,37,94,29,24,29,21,71,53,18,34,40,36,61,52,29,26,SG,61,52,9
23cd463b-a369-42e6-97d7-14c4ec982e43,69a6fcb68d2c56aa82e48a82,FR,70,159,3,11,1,15,14,11,2,18,16,17,9,18,51,12,12,13,7,4,SF,13,12,1
3a9df8df-c675-4524-820c-c6b109e3d972,69a6fcb68d2c56aa82e48a82,SR,80,251,91,84,97,35,45,39,104,97,30,20,30,41,38,39,60,66,90,98,C,98,90,8
4a002da9-2934-4cb0-9d7a-8a29c6a48899,69a6fcb68d2c56aa82e48a82,SR,72,190,16,93,23,17,12,21,2,97,13,30,32,16,17,25,47,45,39,21,SG,47,45,2
5618408d-4aa6-4dae-8712-511edb0b3f05,69a6fcb68d2c56aa82e48a82,FR,72,179,32,5,3,15,8,28,15,30,9,14,31,14,57,21,13,18,19,12,PG,21,19,2
567bceb6-3d13-4d72-b3a3-88b38368186a,69a6fcb68d2c56aa82e48a82,SR,71,183,12,56,16,49,23,26,19,71,19,33,6,21,89,23,40,37,31,18,SG,40,37,3
58335b29-2f3d-43f9-aa49-82fb7322ef01,69a6fcb68d2c56aa82e48a82,JR,75,206,48,98,73,80,59,53,45,42,36,27,79,98,38,66,79,58,54,31,SG,79,66,13
8775a82c-8550-4c27-84f6-4b6c47582fae,69a6fcb68d2c56aa82e48a82,SR,68,164,33,24,21,19,17,12,23,28,8,32,28,29,10,18,22,22,23,16,PF,23,22,1
99690b65-e19d-48f8-bc27-e04e39a08edc,69a6fcb68d2c56aa82e48a82,SR,71,183,39,64,30,101,93,93,68,77,53,26,97,47,93,87,72,63,57,32,PG,87,72,15
b5c5cd1f-23ff-439e-bf33-c88cd485baf1,69a6fcb68d2c56aa82e48a82,SR,76,216,31,101,37,25,24,48,49,98,11,15,31,12,61,35,54,49,61,42,PF,61,54,7
be03f5a4-6908-4cd8-bbcd-87419b7d82f6,69a6fcb68d2c56aa82e48a82,SO,72,199,5,25,32,67,88,86,6,38,18,28,67,39,70,67,39,32,25,12,PG,67,39,28
c8cdc910-2a9d-40e8-b11d-78fa9c25d73e,69a6fcb68d2c56aa82e48a82,SO,69,162,49,19,46,34,37,18,88,97,36,14,43,39,42,32,31,52,65,42,PF,65,52,13
c93c138f-d10b-4ba3-bb13-193bfba74cc9,69a6fcb68d2c56aa82e48a82,SO,70,174,25,92,30,94,29,34,21,42,17,37,49,40,68,44,70,43,32,18,SG,70,44,26
0c97bc59-364b-4000-8a79-dfeb55ff4243,69a6fcb68d2c56aa82e48a83,JR,77,221,59,69,52,72,78,46,72,71,71,56,53,48,18,59,68,66,66,58,SG,68,66,2
1c69380d-23f2-4d1b-bac1-d399aaaff1ee,69a6fcb68d2c56aa82e48a83,FR,70,168,17,29,23,21,26,29,32,29,5,15,29,24,28,25,23,20,25,15,PG,25,25,0
1f31ac1b-6517-423c-92a2-84c737485bfe,69a6fcb68d2c56aa82e48a83,FR,70,169,10,28,2,14,13,3,6,29,15,25,22,22,53,14,20,19,13,7,SG,20,19,1
37793d64-cd5f-4a46-84c3-8153c304e646,69a6fcb68d2c56aa82e48a83,SR,75,206,9,98,94,87,43,37,29,7,27,17,9,23,56,37,68,39,34,21,SG,68,39,29
5c42309f-3701-4df4-92d8-41b5c5db93fc,69a6fcb68d2c56aa82e48a83,JR,72,183,20,33,23,21,29,24,36,18,18,33,27,20,39,25,26,21,26,15,SG,26,26,0
6a3dd956-91e1-4715-8589-e613e5a7b470,69a6fcb68d2c56aa82e48a83,SR,77,219,47,53,102,75,57,91,68,88,89,73,52,49,59,70,61,77,75,66,SF,77,75,2
71a11649-9360-4127-8a01-129182b710ad,69a6fcb68d2c56aa82e48a83,JR,76,217,21,97,13,35,41,66,32,97,52,8,48,51,41,54,62,59,54,34,SG,62,59,3
99f9da86-c263-416a-b824-18b148a1b6ee,69a6fcb68d2c56aa82e48a83,SR,69,169,43,60,10,32,76,81,22,51,35,13,21,37,2,53,46,39,29,19,PG,53,46,7
9b9bef47-3b96-48d5-b6a7-c845f442968e,69a6fcb68d2c56aa82e48a83,SR,76,221,12,14,13,94,30,33,20,19,101,11,15,36,40,40,44,46,24,20,SF,46,44,2
aa598083-3a65-4e6c-ab6f-756b91a2b3d8,69a6fcb68d2c56aa82e48a83,SR,75,178,2,47,16,31,53,27,31,54,48,62,44,1,32,37,36,37,32,15,PG,37,37,0
b7e17490-a1d3-4ae2-82b0-09c345c91516,69a6fcb68d2c56aa82e48a83,FR,77,224,62,39,84,17,47,35,49,85,31,42,43,9,34,36,34,52,64,62,PF,64,62,2
cf3aad17-defe-40d9-aae2-fb4523776e03,69a6fcb68d2c56aa82e48a83,FR,74,204,62,69,52,55,63,53,61,50,44,41,67,42,66,58,61,53,53,34,SG,61,58,3
d7406701-1799-48ae-a0e3-36fb44bbe45e,69a6fcb68d2c56aa82e48a83,SR,69,179,30,8,18,62,90,93,14,37,3,23,60,7,32,64,30,25,21,15,PG,64,30,34
f0bef2ce-550b-4dc1-bc23-bd01a44e59bd,69a6fcb68d2c56aa82e48a83,SO,73,205,73,22,25,69,5,18,17,33,67,28,24,29,74,28,43,47,27,22,SF,47,43,4
facf3258-87ac-4bac-a098-c22f8d413613,69a6fcb68d2c56aa82e48a83,JR,77,228,32,23,18,15,21,25,14,8,18,37,15,17,13,20,21,17,21,31,C,31,21,10
0a406d56-39fd-4e81-8998-6e83adb0d213,69a6fcb68d2c56aa82e48a84,FR,69,169,1,17,26,25,6,21,9,25,6,3,21,28,42,18,16,17,16,9,PG,18,17,1
13faaa97-5f76-40b5-884b-57079b302857,69a6fcb68d2c56aa82e48a84,SR,77,227,14,14,6,53,36,9,6,14,12,12,8,14,67,18,24,16,16,26,C,26,24,2
143bee41-b602-4973-96fa-6f85527f7cad,69a6fcb68d2c56aa82e48a84,JR,75,210,89,104,78,74,30,15,38,33,98,52,56,46,86,48,85,72,49,36,SG,85,72,13
50863e02-4d0b-4cea-af5c-30e49207fe10,69a6fcb68d2c56aa82e48a84,SO,75,219,13,97,12,81,15,6,55,16,25,29,15,48,22,26,67,34,33,14,SG,67,34,33
5750566c-1670-4174-b9c7-721b44696b7d,69a6fcb68d2c56aa82e48a84,SO,78,226,66,26,44,27,20,23,45,63,10,18,33,34,19,25,29,38,51,63,C,63,51,12
9579d68e-c902-4602-906a-f4531d5f0dda,69a6fcb68d2c56aa82e48a84,JR,71,192,41,40,77,95,4,20,18,56,54,28,18,14,55,29,51,54,37,29,SF,54,51,3
9d20e44e-a70d-4ce4-97d9-fb8407dbd29c,69a6fcb68d2c56aa82e48a84,SO,80,249,104,33,98,27,26,7,94,103,10,14,26,14,40,19,35,56,85,100,C,100,85,15
aa38405e-a68f-4deb-aea7-59df9dd1649b,69a6fcb68d2c56aa82e48a84,SR,71,186,9,21,27,4,19,4,34,43,18,36,50,28,81,21,17,25,30,17,PF,30,25,5
bc0bf92f-1aec-4d99-85f6-83f0d0a13858,69a6fcb68d2c56aa82e48a84,SO,70,164,15,28,32,25,13,43,36,35,26,26,26,18,67,29,24,27,29,18,PG,29,29,0
c374750b-31fc-4c14-b982-8848529b821f,69a6fcb68d2c56aa82e48a84,JR,69,199,2,12,51,13,11,28,8,35,2,13,7,2,75,14,9,18,20,14,PF,20,18,2
c7217373-8db7-449a-81ee-063b1374a9cf,69a6fcb68d2c56aa82e48a84,SR,75,204,44,93,43,77,33,37,63,90,36,46,82,88,62,57,75,66,66,36,SG,75,66,9
dfe8824b-564d-41dc-88a1-b3e481afd6d4,69a6fcb68d2c56aa82e48a84,JR,73,201,8,15,17,11,8,14,12,18,11,16,14,8,87,12,12,13,15,8,PF,15,13,2
ed5b2dbe-6660-4804-8151-dbcbf122e944,69a6fcb68d2c56aa82e48a84,FR,72,194,21,6,102,27,20,17,10,102,7,30,8,18,83,15,14,44,49,35,PF,49,44,5
f0dfa6ba-b173-4cd6-90ee-73e9adf0b7e0,69a6fcb68d2c56aa82e48a84,JR,70,167,12,12,6,9,9,10,10,15,5,7,8,7,53,9,10,10,10,6,SG,10,10,0
f2952102-1360-4efd-b97c-0a66a4c4ed01,69a6fcb68d2c56aa82e48a84,JR,75,205,35,102,41,7,18,36,32,94,5,30,35,41,11,31,51,47,52,30,PF,52,51,1
11642e3d-c713-4b9d-b436-294a54e6d12c,69a6fcb68d2c56aa82e48a85,FR,77,236,72,77,68,87,74,91,95,72,88,91,95,72,44,87,81,79,80,66,PG,87,81,6
28e1924c-b5b5-4130-b53f-d00caa49f568,69a6fcb68d2c56aa82e48a85,SR,71,197,30,6,77,66,6,9,34,50,49,50,18,63,30,23,31,47,40,29,SF,47,40,7
2a296195-b43c-4af0-a937-16e45858c230,69a6fcb68d2c56aa82e48a85,FR,77,218,88,10,93,3,26,44,60,89,6,38,47,39,48,32,20,47,71,70,PF,71,70,1
2a713d48-d2e0-491e-9e08-38cccc1144a2,69a6fcb68d2c56aa82e48a85,SR,73,196,17,13,7,10,9,8,17,15,20,11,10,11,24,10,13,14,15,8,PF,15,14,1
37efbdef-3f56-4182-99ba-0c96cdea1629,69a6fcb68d2c56aa82e48a85,SR,78,237,22,103,44,19,27,45,37,90,7,32,43,45,49,38,55,47,58,59,C,59,58,1
40712c84-9434-4ac4-a45c-e8a2169d450c,69a6fcb68d2c56aa82e48a85,FR,66,157,12,2,27,27,4,28,29,24,32,24,21,14,16,21,14,23,21,14,SF,23,21,2
4bab02d2-2437-4a09-a770-b5bb0e057907,69a6fcb68d2c56aa82e48a85,FR,75,199,70,79,46,7,102,101,62,47,6,56,46,23,90,64,50,37,51,34,PG,64,51,13
6ce67cc2-b3d3-42ef-b81c-e6a14df195aa,69a6fcb68d2c56aa82e48a85,FR,71,171,20,20,19,11,21,15,19,30,28,22,1,27,41,14,18,23,19,13,SF,23,19,4
8e0cdc0d-c4e8-471e-8d12-cf780e6fb2c7,69a6fcb68d2c56aa82e48a85,FR,67,166,7,13,16,7,31,3,10,23,32,2,7,2,3,12,13,19,13,8,SF,19,13,6
aa1f0080-6330-43eb-b78d-6a833e5eeb6c,69a6fcb68d2c56aa82e48a85,SR,76,223,49,48,73,44,58,69,38,58,62,45,52,57,23,58,50,57,55,43,PG,58,57,1
b4356365-1e64-4b76-a90f-96c3ec49709e,69a6fcb68d2c56aa82e48a85,SO,73,202,15,12,94,26,47,30,18,92,23,17,45,47,72,35,22,48,51,33,PF,51,48,3
c0ba333e-5115-4805-9a85-8d0571a5e683,69a6fcb68d2c56aa82e48a85,SR,68,160,9,43,13,11,10,15,11,10,11,11,23,12,40,17,24,15,12,6,SG,24,17,7
c23a4e68-68db-476e-aba1-f131dba0b626,69a6fcb68d2c56aa82e48a85,SR,70,163,38,56,13,21,75,72,39,21,17,27,29,11,1,47,39,24,26,17,PG,47,39,8
d75718c8-d273-429f-9ece-008829beeeb4,69a6fcb68d2c56aa82e48a85,SR,73,208,90,95,84,80,64,74,32,97,95,51,47,93,65,70,87,90,65,45,SF,90,87,3
ebd40da6-89d4-4c87-bc63-2b7d8e22f758,69a6fcb68d2c56aa82e48a85,JR,70,170,13,26,33,55,91,85,22,26,46,27,56,11,69,65,38,34,23,14,PG,65,38,27
120cd768-5ce6-4834-a6eb-633d5647469c,69a6fcb68d2c56aa82e48a86,FR,66,154,22,14,11,9,23,12,42,23,15,20,29,14,5,18,15,17,24,15,PF,24,18,6
1fd8633a-b30b-4c00-be7d-fc7fc3681436,69a6fcb68d2c56aa82e48a86,SO,83,263,2,4,26,5,30,2,1,2,1,4,4,1,72,7,5,5,13,45,C,45,13,32
22bcc5fd-513f-4e86-8421-1047a5c9f0e1,69a6fcb68d2c56aa82e48a86,FR,69,169,30,10,81,12,20,31,69,48,20,29,15,23,6,21,15,32,49,34,PF,49,34,15
4dfc7f94-3e0e-4c78-b9d6-1bfb15265567,69a6fcb68d2c56aa82e48a86,JR,87,273,103,33,96,55,61,58,95,92,22,72,53,22,89,50,46,61,84,98,C,98,84,14
69333258-2544-4f3a-88fb-5695c0659ca4,69a6fcb68d2c56aa82e48a86,JR,70,164,25,23,26,15,21,26,29,17,39,94,98,35,73,44,27,30,26,15,PG,44,30,14
6c44b785-6e71-4893-9935-99694e8628b0,69a6fcb68d2c56aa82e48a86,FR,72,196,73,77,46,39,95,84,36,12,21,22,9,43,43,54,57,34,33,25,SG,57,54,3
736548b4-7637-4e58-b9d0-2b3a01455be8,69a6fcb68d2c56aa82e48a86,SO,69,158,93,21,104,25,35,13,102,89,29,30,17,36,22,22,31,56,77,58,PF,77,58,19
a12db962-512b-4145-8631-e1695aa8b6bc,69a6fcb68d2c56aa82e48a86,FR,75,212,25,26,36,59,84,98,27,37,18,34,69,14,100,69,38,32,32,19,PG,69,38,31
a3c70651-648a-495c-b615-1586776a0482,69a6fcb68d2c56aa82e48a86,FR,72,179,18,11,23,32,19,14,25,22,29,17,16,8,71,18,19,22,22,13,SF,22,22,0
ad836d89-eaeb-4468-b001-510bb030da88,69a6fcb68d2c56aa82e48a86,SO,74,184,38,14,33,30,17,22,30,20,1,28,19,17,61,19,20,19,26,18,PF,26,20,6
adea23fa-1488-4422-a2a6-b066f332d6c5,69a6fcb68d2c56aa82e48a86,SR,69,166,8,3,7,30,6,8,9,9,20,5,5,12,18,10,13,13,7,5,SG,13,13,0
b404ad3b-13d4-4b28-80f0-8cb19a9d4e95,69a6fcb68d2c56aa82e48a86,FR,72,176,28,27,21,20,7,18,11,9,26,3,18,25,39,18,24,20,16,10,SG,24,20,4
ddd53529-1286-4dba-963f-3450cb3b09c8,69a6fcb68d2c56aa82e48a86,SR,79,236,88,13,84,61,39,62,81,91,13,19,48,31,14,46,36,55,76,92,C,92,76,16
ed935f4e-2664-4829-be75-3fc4f09526d3,69a6fcb68d2c56aa82e48a86,SR,79,233,78,2,43,12,13,19,44,67,8,5,27,26,44,18,16,35,51,75,C,75,51,24
f287304e-8a5d-4285-ad22-157c81697113,69a6fcb68d2c56aa82e48a86,SO,73,201,56,36,98,33,22,44,66,101,24,22,13,44,73,29,35,56,70,48,PF,70,56,14
04f406bc-4852-4122-a11e-56387a049b9a,69a6fcb68d2c56aa82e48a87,JR,74,206,44,71,52,73,45,52,71,62,56,71,43,61,10,53,64,59,58,34,SG,64,59,5
10643697-56cf-47b1-a250-5b247e170042,69a6fcb68d2c56aa82e48a87,SO,70,174,3,5,3,26,30,37,33,6,41,32,40,30,48,34,18,19,16,7,PG,34,19,15
19987973-3eea-4df3-9cf5-c68f2e345805,69a6fcb68d2c56aa82e48a87,SO,76,224,54,38,92,17,40,14,27,87,12,8,21,36,27,22,31,48,59,49,PF,59,49,10
1ab28e84-22c4-4aef-b2b8-5f14fa33cfeb,69a6fcb68d2c56aa82e48a87,SO,72,194,102,11,74,24,26,5,77,92,15,12,34,13,15,19,26,50,68,52,PF,68,52,16
3972dad8-4449-4550-b822-c507dd44db87,69a6fcb68d2c56aa82e48a87,SO,81,247,23,18,18,13,19,16,8,15,15,16,14,14,51,16,17,16,20,50,C,50,20,30
4b6dcddf-426b-4301-ba65-1ccc130cf060,69a6fcb68d2c56aa82e48a87,SO,77,226,70,95,78,41,92,52,82,93,86,89,39,91,97,61,75,80,82,68,PF,82,80,2
590d0cb3-64a8-41c0-b815-b2308f101237,69a6fcb68d2c56aa82e48a87,FR,70,174,19,1,22,27,4,32,17,17,4,19,27,17,69,21,12,14,16,11,PG,21,16,5
5a9ed7e2-5514-4d4a-b11f-cf9270619c81,69a6fcb68d2c56aa82e48a87,FR,71,171,17,8,13,26,11,6,9,27,17,12,26,7,58,15,15,19,14,10,SF,19,15,4
71aab5d8-9e76-4568-a4f4-733aea6afdd8,69a6fcb68d2c56aa82e48a87,JR,70,174,5,2,6,6,6,7,5,3,5,9,6,1,97,6,4,4,4,3,PG,6,4,2
83a5cd0a-62fb-4c1f-a37f-bbeba6c5e15f,69a6fcb68d2c56aa82e48a87,SR,77,228,43,11,80,37,9,23,48,73,15,23,26,35,16,22,23,42,58,57,PF,58,57,1
b0691d00-2366-438a-ab68-8c3a143c9d8d,69a6fcb68d2c56aa82e48a87,SR,77,235,64,34,27,98,40,57,29,66,102,46,33,28,25,54,60,67,45,48,SF,67,60,7
bbfe951a-1aae-41b9-b6ea-ef8cbc72a86b,69a6fcb68d2c56aa82e48a87,FR,75,214,51,24,96,18,4,10,56,92,13,5,19,6,12,13,22,46,62,44,PF,62,46,16
d2288f49-b8d4-4ebb-a25c-1bca74ce38f6,69a6fcb68d2c56aa82e48a87,SR,70,179,53,102,37,79,37,38,46,67,104,49,30,47,84,50,82,74,48,30,SG,82,74,8
dab2e4a3-c2f0-4fdf-8f28-17163cdbcdcc,69a6fcb68d2c56aa82e48a87,JR,72,192,44,47,64,61,55,72,47,53,72,48,67,50,86,65,54,59,50,31,PG,65,59,6
fae50097-e7a2-477b-9d54-e22242208d0f,69a6fcb68d2c56aa82e48a87,SR,78,237,83,71,41,35,12,37,45,49,47,18,20,6,88,30,52,48,48,63,C,63,52,11
004a18fd-057f-43ac-aae1-d8e1429cc72e,69a6fcb68d2c56aa82e48a88,JR,74,204,52,54,82,40,24,18,42,77,13,30,22,33,56,24,42,48,55,38,PF,55,48,7
21526aab-ed88-4ffa-9c7c-ffd702027724,69a6fcb68d2c56aa82e48a88,JR,74,206,34,41,35,102,93,103,77,69,53,21,102,18,55,89,61,58,58,32,PG,89,61,28
278bf73e-4955-4982-8dce-9188878562a4,69a6fcb68d2c56aa82e48a88,SR,75,186,51,36,18,59,50,49,45,8,7,33,8,31,31,34,39,22,27,18,SG,39,34,5
3c5f7c7e-340e-4c34-9f3d-d72324647116,69a6fcb68d2c56aa82e48a88,FR,67,167,32,14,7,5,24,14,32,15,3,28,26,19,81,17,14,13,19,13,PF,19,17,2
4a428edd-f990-4de8-b3e0-175b6dfd6865,69a6fcb68d2c56aa82e48a88,SR,80,234,62,55,96,28,104,60,103,95,41,31,37,56,42,55,49,63,87,93,C,93,87,6
5a762760-4ae7-4e55-ad15-fba192646942,69a6fcb68d2c56aa82e48a88,JR,71,186,40,13,18,53,23,21,15,35,14,27,26,24,80,25,27,27,21,16,SG,27,27,0
72fa2f61-6a20-417a-af15-ca35ef14b3b4,69a6fcb68d2c56aa82e48a88,SR,65,150,88,68,17,21,27,24,39,59,43,23,32,3,48,29,49,47,39,30,SG,49,47,2
7ac18ade-8315-4064-b3aa-6260bb000889,69a6fcb68d2c56aa82e48a88,SR,72,200,26,9,7,22,25,25,23,22,25,14,29,21,72,25,18,21,20,12,PG,25,21,4
95973bc5-ad94-42a0-b7d3-87d9bcc9daed,69a6fcb68d2c56aa82e48a88,FR,77,220,14,9,96,34,29,18,11,95,20,20,18,25,57,21,19,46,52,52,PF,52,52,0
961fb0be-8770-4d99-92f6-a1fc3ec4b8bc,69a6fcb68d2c56aa82e48a88,FR,79,246,62,63,30,78,85,91,60,24,22,40,49,24,62,67,61,38,46,66,PG,67,66,1
d3f8c30a-0f86-432b-a989-16570b5a8120,69a6fcb68d2c56aa82e48a88,FR,71,189,21,67,34,7,24,17,41,23,32,9,31,47,49,26,39,31,31,18,SG,39,31,8
d4b2653a-c34d-49ed-9046-f91b5c38ca83,69a6fcb68d2c56aa82e48a88,SR,69,164,58,43,62,42,47,43,43,43,66,54,66,57,38,52,49,54,44,31,SF,54,52,2
dc39ff46-1ddf-441f-8969-7b88d6615bf8,69a6fcb68d2c56aa82e48a88,SR,67,163,37,29,10,47,54,56,49,7,41,38,43,20,66,47,37,27,24,15,PG,47,37,10
df380d19-4250-465c-a084-fce68bfcb36a,69a6fcb68d2c56aa82e48a88,JR,70,173,37,104,40,73,37,76,27,46,29,43,35,101,33,58,75,51,39,22,SG,75,58,17
ff283306-5588-461e-983f-c328fb832da5,69a6fcb68d2c56aa82e48a88,SO,73,173,11,29,18,4,11,12,1,35,13,27,16,4,46,13,17,19,17,10,SF,19,17,2
1539ee20-7ee0-46ba-9124-9ff3d5b3133c,69a6fcb68d2c56aa82e48a89,SR,68,159,63,15,52,29,22,40,48,71,21,15,39,3,6,31,25,41,46,35,PF,46,41,5
1f76df09-adfc-42ac-9d33-78e150ed0525,69a6fcb68d2c56aa82e48a89,FR,69,176,4,2,12,3,8,15,28,10,3,26,15,18,50,11,4,7,15,8,PF,15,11,4
22c535a0-5415-4ef7-be4b-5af0becbf04e,69a6fcb68d2c56aa82e48a89,SR,79,242,32,26,64,25,1,26,40,59,1,16,20,28,100,18,22,32,49,69,C,69,49,20
4982ad50-183c-42dd-8661-1e56e0b4d8b3,69a6fcb68d2c56aa82e48a89,JR,70,175,24,7,11,37,73,70,13,25,4,30,43,44,72,49,23,19,18,11,PG,49,23,26
4dcc5ca9-fa91-4ae8-b6df-ff9b54db94a8,69a6fcb68d2c56aa82e48a89,SR,77,224,90,39,84,15,27,35,97,92,49,52,12,41,13,28,37,61,81,74,PF,81,74,7
675d1b5c-58de-439b-96d6-ba9246ba926f,69a6fcb68d2c56aa82e48a89,SR,77,223,89,79,76,87,73,79,71,84,89,73,91,79,73,83,83,85,78,68,SF,85,83,2
6e00c98c-f40b-4810-824c-0cdbe0687a35,69a6fcb68d2c56aa82e48a89,JR,71,171,23,20,26,16,40,28,33,45,48,28,24,31,33,29,24,35,30,19,SF,35,30,5
70918d07-1846-4f59-87ab-2f3ad33e8e70,69a6fcb68d2c56aa82e48a89,SR,72,185,17,52,49,31,41,17,27,35,47,4,15,27,77,27,39,38,32,19,SG,39,38,1
78d824d3-db6c-43a0-bf3c-27b7b606be05,69a6fcb68d2c56aa82e48a89,SR,78,241,95,83,58,32,63,51,51,80,96,84,57,93,23,61,71,78,68,73,SF,78,73,5
7fea87c3-a2a9-40bb-97d8-7437e9f322e0,69a6fcb68d2c56aa82e48a89,SO,68,161,96,102,9,25,90,97,19,61,44,14,19,61,97,62,70,53,36,28,SG,70,62,8
9029f88f-081b-4a2b-80b7-96cc6e311d91,69a6fcb68d2c56aa82e48a89,SO,75,202,22,98,60,27,24,22,9,98,11,47,35,39,6,30,54,52,48,28,SG,54,52,2
97260a43-cff1-4561-81c4-904a403c9c8e,69a6fcb68d2c56aa82e48a89,SR,77,213,81,86,65,58,68,81,71,82,61,51,63,62,24,70,73,71,74,65,PF,74,73,1
f1680a05-599d-4fe9-ace9-74be00318db4,69a6fcb68d2c56aa82e48a89,SR,67,165,8,15,32,26,33,27,24,8,20,81,72,23,41,38,22,20,20,11,PG,38,22,16
f3b5bee2-dbb8-422e-8844-b6cf6f5fbbc5,69a6fcb68d2c56aa82e48a89,SR,69,172,21,25,32,24,22,23,16,27,14,31,10,33,18,19,23,23,21,14,SG,23,23,0
fd7242c4-0bb3-42c0-9005-92c74ab143e6,69a6fcb68d2c56aa82e48a89,SR,69,177,25,56,30,38,13,21,26,33,32,6,18,43,31,25,41,34,28,17,SG,41,34,7
045f7515-6ef7-4314-bbd9-2e4e1b182d9d,69a6fcb68d2c56aa82e48a8a,JR,72,182,42,20,36,23,44,31,14,45,26,41,39,25,69,33,26,33,30,21,PG,33,33,0
1ea3f8a9-9ce0-403b-96e7-28e27db64d32,69a6fcb68d2c56aa82e48a8a,SR,80,250,40,41,92,20,41,16,17,95,37,35,22,22,68,25,33,55,56,77,C,77,56,21
287e1b6c-a708-4e43-9eac-268424300e47,69a6fcb68d2c56aa82e48a8a,JR,72,192,82,38,101,79,39,39,32,101,61,58,29,25,23,42,54,73,61,47,SF,73,61,12
709a7919-2d21-4ef5-b36d-571055200ed3,69a6fcb68d2c56aa82e48a8a,FR,77,224,41,19,51,25,17,17,44,57,12,33,17,20,6,18,22,33,47,49,C,49,47,2
710d735f-247f-4e79-8402-588aca98543c,69a6fcb68d2c56aa82e48a8a,SO,71,185,37,89,26,22,22,23,30,7,98,38,35,20,80,36,58,46,24,15,SG,58,46,12
7ae02bb3-ed07-48b1-8128-ac1334d8c42b,69a6fcb68d2c56aa82e48a8a,FR,78,234,18,94,28,37,26,45,28,90,54,30,29,60,6,41,60,58,53,55,SG,60,58,2
9eb168de-f934-4e8b-b9d2-45c99de6d90d,69a6fcb68d2c56aa82e48a8a,SO,68,172,19,5,33,1,21,8,37,28,10,32,28,40,67,16,10,19,28,18,PF,28,19,9
9f7526d3-5073-4828-9202-88e743e0622d,69a6fcb68d2c56aa82e48a8a,SO,68,179,13,13,11,16,14,15,10,15,14,13,11,16,3,14,14,14,11,7,PG,14,14,0
bd8b3f7a-af23-4bd4-9436-55db2a782ff5,69a6fcb68d2c56aa82e48a8a,JR,72,196,10,56,94,50,67,16,90,81,67,11,63,17,36,46,50,62,71,41,PF,71,62,9
be66e221-9961-4675-a817-7fa4134504dd,69a6fcb68d2c56aa82e48a8a,FR,77,219,76,32,57,37,9,23,58,79,22,17,9,22,34,19,34,47,60,60,PF,60,60,0
c8a47e73-3d7d-4f6b-ab8d-6bddc05d573a,69a6fcb68d2c56aa82e48a8a,SR,67,156,22,28,24,40,12,16,92,73,35,22,22,19,89,22,30,40,54,32,PF,54,40,14
dc4a0042-9dab-4b5a-b62f-d5fc366e1019,69a6fcb68d2c56aa82e48a8a,FR,66,172,9,12,13,16,14,20,19,22,11,30,12,8,71,15,12,14,15,9,PG,15,15,0
de4045d5-5996-4d99-8d42-f63b3ec1e104,69a6fcb68d2c56aa82e48a8a,SR,73,216,29,101,53,89,19,38,34,23,51,14,58,24,59,49,76,50,37,21,SG,76,50,26
f28c6d96-5d1a-4381-8a93-d44cccbe740d,69a6fcb68d2c56aa82e48a8a,SR,72,199,21,98,40,102,27,54,13,10,16,26,22,61,63,46,74,37,25,13,SG,74,46,28
f79b096d-5f98-4f21-aa81-3dc7242d799a,69a6fcb68d2c56aa82e48a8a,FR,77,233,76,63,63,21,44,36,32,55,56,21,41,44,99,41,50,54,52,54,SF,54,54,0
20818325-ad30-4a4c-a68c-4f2a1636f5da,69a6fcb68d2c56aa82e48a8b,FR,70,176,31,69,65,32,52,59,60,70,45,53,49,58,33,52,51,54,56,34,PF,56,54,2
290598f9-0309-4492-acb8-539e6915277d,69a6fcb68d2c56aa82e48a8b,FR,67,158,26,8,32,17,17,17,9,21,16,5,2,7,40,12,13,18,15,13,SF,18,15,3
4a53a081-5a2f-4a55-a11a-d2383c16d298,69a6fcb68d2c56aa82e48a8b,JR,75,216,56,99,35,55,52,35,37,82,97,42,43,74,15,53,77,75,53,32,SG,77,75,2
5f115f83-4a13-430d-9e78-3de72ac83738,69a6fcb68d2c56aa82e48a8b,FR,66,157,9,18,13,17,24,19,22,34,22,27,30,36,16,23,19,23,22,12,PG,23,23,0
6b042b3a-022e-4a05-979b-c36ff3ae448f,69a6fcb68d2c56aa82e48a8b,JR,75,209,91,12,94,37,22,6,88,88,15,41,6,29,95,14,28,51,72,54,PF,72,54,18
70bac827-a766-4c78-82cf-63e93e10ab2b,69a6fcb68d2c56aa82e48a8b,FR,76,229,53,32,76,10,27,17,39,73,27,14,1,6,24,15,25,42,53,46,PF,53,46,7
7b0b8b82-f33d-4077-a920-863038ac3345,69a6fcb68d2c56aa82e48a8b,SR,75,205,91,83,86,87,71,80,76,92,89,65,72,71,29,78,84,87,77,52,SF,87,84,3
88e04d4c-8b4d-471a-999a-075c01ba95c7,69a6fcb68d2c56aa82e48a8b,FR,75,220,40,47,31,37,11,24,37,98,103,88,33,11,73,34,45,68,49,31,SF,68,49,19
8cc24c8f-d39b-4621-b176-e97a63428577,69a6fcb68d2c56aa82e48a8b,FR,72,155,23,10,4,5,20,17,27,22,18,23,18,23,67,17,12,16,20,11,PF,20,17,3
8d7b26dc-cdac-42ed-b959-90b482492c1c,69a6fcb68d2c56aa82e48a8b,SR,75,209,59,24,84,41,42,31,50,59,6,14,33,60,84,33,33,42,54,38,PF,54,42,12
a881a4fc-f7f2-4fd6-a8e9-bf32d824b698,69a6fcb68d2c56aa82e48a8b,JR,71,184,45,27,94,28,20,14,41,101,71,37,73,30,89,38,36,68,60,42,SF,68,60,8
c1857ea2-94be-4a49-a341-5deea5024990,69a6fcb68d2c56aa82e48a8b,JR,76,221,97,11,60,11,30,24,65,92,17,24,28,37,82,24,23,48,68,57,PF,68,57,11
e047c347-a850-4a0b-9407-74b293b1b674,69a6fcb68d2c56aa82e48a8b,JR,76,231,3,6,37,31,76,13,33,52,32,15,30,18,71,30,20,31,39,29,PF,39,31,8
e1a1ef44-a3f9-4417-a20d-df021dc35c1b,69a6fcb68d2c56aa82e48a8b,SR,73,205,15,17,9,10,12,14,12,13,12,9,7,5,76,11,13,12,13,7,SG,13,13,0
e95cbe44-00aa-417a-b66f-fd4d2de30de8,69a6fcb68d2c56aa82e48a8b,SO,72,160,30,3,29,18,6,24,16,15,22,24,25,36,72,20,14,20,20,14,PG,20,20,0
372b8962-f964-4d5f-8326-6a8b76b6952f,69a6fcb68d2c56aa82e48a8c,JR,77,217,53,29,38,37,33,60,35,63,14,50,17,10,39,34,31,36,45,48,C,48,45,3
3dd9ebff-bed8-4e2e-8f53-33fc57fd5b6c,69a6fcb68d2c56aa82e48a8c,FR,67,170,28,6,12,18,25,26,16,4,11,19,26,21,48,22,14,13,12,9,PG,22,14,8
5739a756-f5e9-4088-b760-2ed703e34891,69a6fcb68d2c56aa82e48a8c,JR,74,203,79,99,61,61,81,70,60,86,67,86,63,73,18,70,80,75,67,43,SG,80,75,5
5852558a-f3f0-475f-b4fc-5ad18cd4255a,69a6fcb68d2c56aa82e48a8c,SR,81,248,22,25,17,20,19,33,16,21,39,16,17,15,6,25,24,25,24,51,C,51,25,26
5985c7c1-1a0f-4a6e-9396-effb6e0cc1ac,69a6fcb68d2c56aa82e48a8c,FR,75,208,35,13,88,19,42,23,59,90,49,21,21,58,35,29,24,54,62,41,PF,62,54,8
5e80788a-d754-440c-8f1f-ea0c082caa53,69a6fcb68d2c56aa82e48a8c,SO,70,171,43,91,79,77,47,57,101,75,43,58,21,95,33,51,72,64,73,45,PF,73,72,1
6048b8ca-4c4e-4c7f-960c-23879a8a161f,69a6fcb68d2c56aa82e48a8c,FR,70,169,13,21,20,17,30,28,25,24,3,22,12,13,75,20,17,15,19,12,PG,20,19,1
6ae82ca6-913f-4a13-ab6e-d5f26cd5ecc8,69a6fcb68d2c56aa82e48a8c,SR,74,203,103,95,51,65,33,99,96,101,103,57,36,49,98,68,81,87,78,53,SF,87,81,6
77399e0e-3a65-405b-a943-e8f5423c8fe9,69a6fcb68d2c56aa82e48a8c,SR,66,164,1,1,35,2,1,22,2,1,2,1,1,1,82,8,1,5,6,6,PG,8,6,2
8617ead8-fda3-45f6-834a-b5794c312cbe,69a6fcb68d2c56aa82e48a8c,SO,77,226,9,17,11,48,12,9,19,11,11,34,14,11,12,15,23,15,20,28,C,28,23,5
9619a30d-2281-4782-a282-d2f4a7408a81,69a6fcb68d2c56aa82e48a8c,FR,68,180,65,38,51,22,24,38,51,78,18,16,19,11,67,26,32,43,49,37,PF,49,43,6
9a8ab601-62e6-4cc7-b206-9b65f976482d,69a6fcb68d2c56aa82e48a8c,JR,70,170,24,13,22,12,19,19,28,33,22,28,20,20,73,19,16,23,24,16,PF,24,23,1
a04c328c-6cdc-4cfd-9e16-3df9c1a26b5a,69a6fcb68d2c56aa82e48a8c,SR,67,152,53,50,3,19,84,80,23,3,25,9,15,24,90,48,39,21,15,12,PG,48,39,9
a05ef2e7-fc0d-43ef-9a50-12f44f68a909,69a6fcb68d2c56aa82e48a8c,FR,68,173,23,20,7,22,28,11,1,17,4,32,22,2,85,17,19,14,9,7,SG,19,17,2
acc757da-6655-45fd-8b95-8ab30e7b44b4,69a6fcb68d2c56aa82e48a8c,FR,78,233,23,20,19,9,36,28,18,17,18,30,30,33,48,27,19,19,25,42,C,42,27,15
0a41b863-a38d-440e-8690-1db4f0e5ccb9,69a6fcb68d2c56aa82e48a8d,SR,77,239,68,84,84,77,75,71,67,88,65,64,70,78,27,72,77,77,77,66,SG,77,77,0
348a9cb0-31f0-42c0-ad14-163928e3fa8c,69a6fcb68d2c56aa82e48a8d,JR,72,184,30,8,23,23,16,40,51,49,28,40,6,50,32,24,18,30,38,23,PF,38,30,8
364f6bb1-3110-4754-8980-9529077c64c0,69a6fcb68d2c56aa82e48a8d,FR,69,166,15,27,29,60,96,79,41,35,1,35,51,14,31,59,35,25,31,18,PG,59,35,24
3c02c379-acac-489a-bfa5-9334b8780fb4,69a6fcb68d2c56aa82e48a8d,SO,71,172,28,98,28,101,62,39,22,47,46,21,40,51,21,53,79,53,33,19,SG,79,53,26
3eab5e6c-965f-461e-ba28-dd43dba5db45,69a6fcb68d2c56aa82e48a8d,JR,69,173,29,19,19,33,27,23,31,10,34,31,26,33,21,27,26,24,20,13,PG,27,26,1
4fd11b60-06a5-41f8-a226-01d4be159639,69a6fcb68d2c56aa82e48a8d,FR,74,217,37,46,93,46,59,27,44,102,22,24,56,33,42,42,43,58,64,41,PF,64,58,6
52b7a26a-3a29-472a-923d-966446aa55d4,69a6fcb68d2c56aa82e48a8d,SR,68,163,15,15,13,19,16,20,11,14,11,13,15,9,38,16,15,14,11,8,PG,16,15,1
5302209a-3c00-4da1-aa6f-29048f19435d,69a6fcb68d2c56aa82e48a8d,FR,66,156,18,17,29,31,2,6,25,25,2,23,10,5,15,9,17,17,21,15,PF,21,17,4
559f3d03-5f83-47ce-ab75-d3db13e99ded,69a6fcb68d2c56aa82e48a8d,SO,68,157,54,33,41,9,7,10,35,54,31,27,22,14,40,16,26,37,36,28,SF,37,36,1
5fd32e81-d046-4924-9b0a-ee1af5bacfdd,69a6fcb68d2c56aa82e48a8d,SR,76,222,92,45,88,45,51,68,91,88,31,43,64,17,77,55,48,61,81,64,PF,81,64,17
6b616e9c-0e10-4f72-9ea4-ec59d509147a,69a6fcb68d2c56aa82e48a8d,JR,72,194,58,46,22,33,86,74,12,22,31,30,8,30,11,47,42,31,22,17,PG,47,42,5
b2cc70ab-10de-4bba-8a52-c51fc80671c9,69a6fcb68d2c56aa82e48a8d,SR,67,146,6,17,8,6,10,10,8,7,14,6,7,12,87,10,12,10,7,4,SG,12,10,2
baff3249-d0bd-44e1-9347-0c1130700076,69a6fcb68d2c56aa82e48a8d,SO,78,235,55,18,57,11,39,22,42,68,24,18,39,33,35,28,23,41,53,63,C,63,53,10
edb6e1a2-67a7-42f8-ac6a-48610138424c,69a6fcb68d2c56aa82e48a8d,FR,72,155,1,32,15,8,28,26,21,23,19,27,13,30,10,21,20,18,21,9,PG,21,21,0
f974ecb6-8dff-4580-bde2-3401c3e3248e,69a6fcb68d2c56aa82e48a8d,SO,78,238,25,90,21,6,17,31,72,101,37,61,20,8,55,26,46,50,65,63,PF,65,63,2
061225d1-5d31-48d9-bb01-dc55f704a4b4,69a6fcb68d2c56aa82e48a8e,FR,81,245,48,5,37,28,8,21,40,66,13,24,32,10,73,20,18,34,46,69,C,69,46,23
1e252eaa-f2bb-48df-bf24-b2997524e95c,69a6fcb68d2c56aa82e48a8e,JR,67,148,17,10,23,42,15,24,93,89,9,24,39,33,39,26,21,37,59,33,PF,59,37,22
20644945-1dc2-44c3-889c-6625f257c831,69a6fcb68d2c56aa82e48a8e,SO,68,157,12,18,99,33,31,26,15,78,9,21,10,31,18,22,21,40,42,31,PF,42,40,2
248acb3f-f11d-4b4e-9d60-18185d1d2322,69a6fcb68d2c56aa82e48a8e,SR,70,167,67,50,42,27,15,7,42,62,24,1,8,45,23,16,39,43,43,32,SF,43,43,0
3cf05902-0c12-46f2-b2e3-7c43f84db17c,69a6fcb68d2c56aa82e48a8e,SR,65,154,11,7,11,18,11,14,12,18,12,9,16,11,77,14,12,14,12,8,PG,14,14,0
5b70fa16-0f77-4a1f-8bb7-53c73d7efe3d,69a6fcb68d2c56aa82e48a8e,FR,67,160,27,15,26,6,5,32,19,21,16,7,16,30,1,19,14,19,19,14,PG,19,19,0
6e23def8-4e2a-4fd4-9598-f6c69365f329,69a6fcb68d2c56aa82e48a8e,FR,71,171,29,36,24,30,27,34,32,13,21,16,13,27,67,26,30,22,22,15,SG,30,26,4
7638d47e-3c41-4d24-bd79-5f3c69c29e92,69a6fcb68d2c56aa82e48a8e,JR,80,249,24,27,92,7,5,11,27,102,10,23,18,14,13,12,18,45,59,77,C,77,59,18
9a43ac04-7c22-4ba7-84ea-7e2237b32c99,69a6fcb68d2c56aa82e48a8e,JR,68,173,36,45,12,32,12,25,7,25,2,26,3,8,31,16,31,20,15,12,SG,31,20,11
a2cfef44-b437-4601-84ca-e67278e2a95f,69a6fcb68d2c56aa82e48a8e,JR,67,151,70,73,72,64,44,64,58,63,72,47,54,71,95,60,68,68,57,39,SG,68,68,0
aa069bc8-c274-4955-8726-6bce25a51809,69a6fcb68d2c56aa82e48a8e,JR,70,172,18,9,14,10,11,22,11,22,15,12,14,16,91,16,11,16,14,10,PG,16,16,0
dad3b9d9-5d74-40bd-b481-898c484628c5,69a6fcb68d2c56aa82e48a8e,FR,71,190,96,99,40,59,98,94,26,33,55,21,53,39,40,74,79,56,36,29,SG,79,74,5
e12ced47-caa1-462f-b388-4bc84a4fb31e,69a6fcb68d2c56aa82e48a8e,JR,67,180,45,48,31,35,29,35,21,22,17,17,15,34,44,28,38,28,24,18,SG,38,28,10
f2790eb9-cf1e-42ef-92bd-523904ad4313,69a6fcb68d2c56aa82e48a8e,JR,71,188,21,78,11,62,27,23,19,14,27,30,29,7,3,31,55,29,18,10,SG,55,31,24
ffc45a3c-5284-4a36-98dd-6c9d9efb85c9,69a6fcb68d2c56aa82e48a8e,SR,75,214,9,82,28,13,26,5,18,78,28,6,24,18,76,20,43,42,38,20,SG,43,42,1
6171aff0-04a8-4672-817b-34ebef5b8089,69a6fcb68d2c56aa82e48a8f,FR,72,165,13,6,6,12,18,21,28,25,5,3,9,15,18,14,9,12,20,11,PF,20,14,6
6a5bca6b-e64c-4e88-8be2-0625d5eca851,69a6fcb68d2c56aa82e48a8f,SR,77,224,39,102,12,29,9,40,45,90,46,25,71,38,83,46,62,58,58,48,SG,62,58,4
7e0ca976-6807-4cb8-ab63-431c126d7a5b,69a6fcb68d2c56aa82e48a8f,FR,79,231,76,68,71,55,62,51,61,70,54,55,74,65,12,61,64,65,68,82,C,82,68,14
83779ec3-e7f7-4f36-993a-a76fcea8e836,69a6fcb68d2c56aa82e48a8f,JR,78,225,89,43,86,20,50,62,73,88,55,63,7,18,63,38,40,61,72,80,C,80,72,8
a1b80359-13c8-456a-8212-1555818b8d49,69a6fcb68d2c56aa82e48a8f,SR,72,196,20,28,37,98,52,13,53,37,98,32,16,14,76,37,52,54,37,22,SF,54,52,2
cb42f470-b1cd-48de-9348-bb4270970c76,69a6fcb68d2c56aa82e48a8f,FR,68,164,27,3,21,7,13,9,7,9,5,11,21,23,57,12,9,12,11,10,PG,12,12,0
d753471e-657b-4db2-aa9d-772d55464617,69a6fcb68d2c56aa82e48a8f,SR,71,202,8,7,48,20,57,39,47,66,40,23,36,29,8,37,19,38,42,25,PF,42,38,4
e6304109-8ad4-47cc-9eda-fb3703e09f06,69a6fcb68d2c56aa82e48a8f,JR,72,194,25,103,15,88,34,5,31,18,18,10,25,18,53,30,71,34,27,13,SG,71,34,37
e7affb27-e2e3-4494-aa16-bc7e5c7df863,69a6fcb68d2c56aa82e48a8f,SR,74,206,72,76,79,67,74,95,35,101,96,90,61,60,14,78,74,85,64,43,SF,85,78,7
e7ea17d1-1622-4dc3-8333-ffb44cacb3b3,69a6fcb68d2c56aa82e48a8f,JR,75,214,89,3,99,23,43,15,95,90,68,12,53,26,22,35,29,65,77,56,PF,77,65,12
ea13c49a-c13c-41df-ad65-14cc051d8f12,69a6fcb68d2c56aa82e48a8f,SR,75,211,59,45,31,44,93,85,99,96,55,34,58,79,59,70,52,62,73,43,PF,73,70,3
ec2b5e07-9403-4522-b4a8-5902b577a2f5,69a6fcb68d2c56aa82e48a8f,FR,71,164,26,23,22,21,20,32,11,7,25,2,26,1,27,25,22,19,12,10,PG,25,22,3
efcbc0d9-f8b1-4530-975f-3f1a893185cc,69a6fcb68d2c56aa82e48a8f,JR,78,228,33,25,58,41,90,36,74,82,7,39,16,6,81,35,30,39,63,67,C,67,63,4
f48f35cb-e731-465f-9b68-13d841217d85,69a6fcb68d2c56aa82e48a8f,SR,73,198,17,14,24,12,25,23,20,24,23,21,10,31,22,19,16,20,22,13,PF,22,20,2
fc10ac54-8d59-4a2f-be14-6570728a9e47,69a6fcb68d2c56aa82e48a8f,SO,68,172,34,25,4,44,31,43,27,25,8,39,30,27,49,33,30,22,21,14,PG,33,30,3
04aeb7f7-8cea-47db-afee-b7ae1446af5c,69a6fcb68d2c56aa82e48a90,JR,68,169,67,25,42,54,46,25,50,45,29,94,102,21,91,50,42,43,43,31,PG,50,43,7
16c7d754-2cd8-45aa-a622-a8eda48d0bcf,69a6fcb68d2c56aa82e48a90,JR,74,214,30,103,58,28,27,17,62,91,17,46,35,40,56,30,58,53,63,36,PF,63,58,5
19c37502-e3a5-4bf1-b620-25251462468d,69a6fcb68d2c56aa82e48a90,SO,76,215,12,95,31,40,29,2,19,92,4,42,12,23,17,18,53,44,48,33,SG,53,48,5
1d086451-1ac1-44f7-ba09-462ae7837451,69a6fcb68d2c56aa82e48a90,FR,72,179,7,26,28,14,26,28,3,10,26,18,7,31,49,21,20,18,14,7,PG,21,20,1
1f7097cf-7dd1-4100-9a50-00ba3f284865,69a6fcb68d2c56aa82e48a90,SO,72,201,26,10,13,22,35,18,35,31,18,33,28,36,57,24,19,23,28,16,PF,28,24,4
2130b940-0de5-4bed-9af7-86d4ac727a9b,69a6fcb68d2c56aa82e48a90,SO,72,156,22,23,13,36,3,4,34,12,18,12,29,40,17,17,26,20,23,12,SG,26,23,3
3e427818-520b-4016-989f-434d756f29f4,69a6fcb68d2c56aa82e48a90,SR,73,196,50,23,62,26,44,18,47,72,28,39,52,19,72,32,29,45,51,35,PF,51,45,6
41b30e46-704f-4dfb-a8ed-d6713c148bb1,69a6fcb68d2c56aa82e48a90,SR,76,216,23,20,29,25,18,15,22,26,33,26,26,20,70,22,23,27,29,25,PF,29,27,2
7d3be55d-20ec-4d90-8556-286c7dced190,69a6fcb68d2c56aa82e48a90,JR,67,160,49,41,68,64,16,40,43,44,55,17,38,22,93,39,47,50,42,31,SF,50,47,3
7e72d4cf-2b46-485c-a68f-2213d8151880,69a6fcb68d2c56aa82e48a90,JR,86,278,86,40,68,46,34,47,59,98,9,27,23,29,19,34,41,53,69,87,C,87,69,18
8a4671ab-d370-4ba8-9205-733d603a602b,69a6fcb68d2c56aa82e48a90,FR,68,160,8,4,13,31,30,17,16,27,7,12,11,28,55,18,14,16,16,10,PG,18,16,2
928fe211-5cc9-45fc-ad27-9eec5ecd7938,69a6fcb68d2c56aa82e48a90,SO,73,189,95,11,94,46,41,35,88,92,46,59,3,23,87,28,33,60,73,55,PF,73,60,13
97e2cd56-c58c-40ba-8f2f-bce9d44c2fb2,69a6fcb68d2c56aa82e48a90,FR,70,165,38,40,22,54,26,49,15,49,42,30,12,39,33,35,41,41,26,19,SG,41,41,0
b107a28f-c9d4-439d-be3b-957ca40bba7d,69a6fcb68d2c56aa82e48a90,JR,80,236,58,54,89,67,84,78,81,86,86,81,85,68,13,79,65,77,80,87,C,87,80,7
cf0fff24-2ffe-4f1a-beed-2e7eb29a6a3f,69a6fcb68d2c56aa82e48a90,SO,74,203,50,19,77,21,19,28,51,65,27,9,18,12,50,22,23,41,51,36,PF,51,41,10
22261336-917a-48e7-81f0-0018c94e914f,69a6fcb68d2c56aa82e48a91,FR,67,158,12,19,13,10,8,14,11,14,12,7,5,11,87,10,14,13,11,8,SG,14,13,1
2c67751b-7138-47c7-847f-6124c6c559ed,69a6fcb68d2c56aa82e48a91,SO,78,243,65,26,84,42,20,15,62,92,30,8,33,33,36,26,35,56,70,75,C,75,70,5
4179be60-980b-4982-972a-6686e4c39948,69a6fcb68d2c56aa82e48a91,JR,71,163,74,28,41,19,24,26,50,48,21,35,6,15,16,19,28,34,39,32,PF,39,34,5
44777cd5-fe9f-43dc-b053-8c9f33e05b39,69a6fcb68d2c56aa82e48a91,SR,77,224,42,15,89,59,94,26,90,95,48,24,14,36,9,39,37,59,77,67,PF,77,67,10
4aec11d1-69e3-4f1c-b07c-4e84ac132c7b,69a6fcb68d2c56aa82e48a91,SR,68,183,32,42,42,28,56,41,19,12,56,26,40,5,62,41,38,34,21,16,PG,41,38,3
551f2064-8813-4f47-8882-df9877688846,69a6fcb68d2c56aa82e48a91,JR,76,206,91,64,88,29,27,31,97,96,58,32,26,12,65,32,51,68,83,66,PF,83,68,15
58a836d8-cee0-49a1-82c2-a0d57597fdc7,69a6fcb68d2c56aa82e48a91,FR,69,179,4,19,14,93,14,20,30,39,97,20,41,25,19,40,45,50,25,13,SF,50,45,5
6607b5aa-d5f2-4563-b7ec-55d230460082,69a6fcb68d2c56aa82e48a91,SR,67,155,59,17,13,33,33,22,64,42,32,29,53,18,58,33,29,34,39,27,PF,39,34,5
9017807c-da83-49dc-a893-70466a9721d4,69a6fcb68d2c56aa82e48a91,SR,78,236,93,40,53,34,9,28,58,74,33,16,19,36,97,25,40,51,61,72,C,72,61,11
9090dfac-2071-4c6b-ad84-e864f913c4cc,69a6fcb68d2c56aa82e48a91,SR,72,205,93,91,34,56,49,15,23,90,67,57,10,60,95,34,72,70,50,36,SG,72,70,2
a75ea402-935d-46aa-8408-8fb0311bec74,69a6fcb68d2c56aa82e48a91,SR,71,183,50,38,27,16,11,23,45,45,5,45,31,58,58,23,30,30,38,25,PF,38,30,8
c2cfa475-31a9-4030-a235-fb84fc644b81,69a6fcb68d2c56aa82e48a91,FR,72,155,15,21,5,1,19,10,23,19,26,22,13,13,84,14,15,17,18,9,PF,18,17,1
d4b3f3e7-9831-47c5-af23-0e6cc64cedaf,69a6fcb68d2c56aa82e48a91,SR,69,173,18,27,31,16,24,24,22,26,18,15,13,12,75,19,21,21,21,15,SG,21,21,0
e792d3a8-0d76-44ca-863d-4d8228c4d3d2,69a6fcb68d2c56aa82e48a91,SR,79,250,49,96,9,82,22,69,48,99,12,69,68,76,77,59,73,59,62,71,SG,73,71,2
ea0ea76c-3039-4035-8beb-b36c21cec1c6,69a6fcb68d2c56aa82e48a91,JR,75,210,21,45,88,6,15,30,84,76,11,36,42,46,19,28,28,42,68,40,PF,68,42,26
2e3f6f7c-c5a5-45a3-931f-86208c22b7d6,69a6fcb68d2c56aa82e48a92,SR,71,184,1,1,1,1,1,1,1,1,1,19,1,28,79,2,2,2,2,1,PG,2,2,0
31ad62b2-837d-4ff8-a3ea-2a85f586ecd8,69a6fcb68d2c56aa82e48a92,FR,71,184,11,95,39,19,22,28,22,68,97,27,22,65,89,37,59,62,39,21,SF,62,59,3
433513aa-28ad-4707-8a07-de7b7f1f03c5,69a6fcb68d2c56aa82e48a92,SR,76,214,54,54,72,60,42,60,64,43,60,49,58,69,74,57,56,56,60,45,PF,60,57,3
453b151b-2bd6-44d9-b123-78fd3cbb087d,69a6fcb68d2c56aa82e48a92,FR,69,176,45,29,57,5,20,26,34,41,29,10,23,36,28,23,24,34,36,27,PF,36,34,2
5e8e5f00-d023-430f-9cbc-5ac5a1b41ccd,69a6fcb68d2c56aa82e48a92,FR,69,158,22,14,11,9,7,17,19,31,6,6,11,18,19,12,12,16,18,12,PF,18,16,2
5f5bf83a-1458-45ef-b9b5-deadba1bb84c,69a6fcb68d2c56aa82e48a92,FR,75,205,16,10,13,11,14,14,19,9,16,16,19,15,77,15,12,13,15,9,PG,15,15,0
6dad7a9e-655e-4eb5-80b4-4147e26ff598,69a6fcb68d2c56aa82e48a92,FR,69,168,28,31,20,11,30,32,5,16,3,10,14,28,57,22,22,16,14,10,PG,22,22,0
a1987a14-2d31-478e-809d-d3eef1efb8ed,69a6fcb68d2c56aa82e48a92,JR,80,244,38,53,78,17,22,3,20,82,62,18,17,21,100,20,38,56,52,73,C,73,56,17
a74e0f87-2e21-4980-b436-1eb2a0da2c6d,69a6fcb68d2c56aa82e48a92,SR,68,162,12,20,14,16,14,11,13,15,19,19,18,15,20,15,17,16,13,8,SG,17,16,1
ac36aaf8-0285-4010-a79e-6faeaf4d69a9,69a6fcb68d2c56aa82e48a92,JR,68,158,66,96,83,99,101,99,69,56,60,48,90,56,75,91,88,71,63,41,PG,91,88,3
d4ec3f67-4b09-433e-a5ab-4291b6d94fff,69a6fcb68d2c56aa82e48a92,FR,66,163,25,1,13,8,5,24,9,20,12,10,14,16,60,14,8,14,12,10,PG,14,14,0
dc6c2b53-70e5-4b2d-a53e-ff64dc89c78e,69a6fcb68d2c56aa82e48a92,SR,73,197,60,34,48,18,26,8,36,57,17,13,31,19,61,20,30,37,42,30,PF,42,37,5
dcd8ebfd-91bd-4717-a7bf-1adcc3240b11,69a6fcb68d2c56aa82e48a92,SO,75,216,28,8,30,13,37,38,33,32,13,26,32,20,35,29,15,22,29,18,PG,29,29,0
e880be7d-22e5-4817-a0e2-7533407b8cac,69a6fcb68d2c56aa82e48a92,SO,73,194,73,3,91,10,27,10,80,89,3,13,2,10,72,10,13,41,67,50,PF,67,50,17
fddc7f29-40db-40fa-a537-0e007068d925,69a6fcb68d2c56aa82e48a92,JR,71,188,49,25,88,16,3,8,50,76,4,8,9,10,6,9,20,39,52,39,PF,52,39,13
1368af0d-fd1b-4ab1-bf23-ef65540c03d6,69a6fcb68d2c56aa82e48a93,FR,72,198,32,103,86,19,91,78,28,88,71,30,51,91,80,68,68,71,60,35,SF,71,68,3
317271cb-b0f6-401d-af22-76f81b973378,69a6fcb68d2c56aa82e48a93,SO,70,173,9,23,81,15,30,25,27,95,22,19,34,28,85,27,21,45,49,32,PF,49,45,4
491cd4d1-94e4-4468-9b1e-3c224ad3f985,69a6fcb68d2c56aa82e48a93,SR,68,177,37,37,17,2,55,20,15,29,43,43,19,33,67,27,29,30,21,15,SF,30,29,1
681181a7-b26e-4507-b87a-4b33b67a2aee,69a6fcb68d2c56aa82e48a93,SO,71,189,16,104,45,18,20,21,40,98,6,27,33,9,72,26,51,46,51,30,SG,51,51,0
70886e67-f6f8-4d77-9d47-b7b4e8374cbd,69a6fcb68d2c56aa82e48a93,SR,72,193,91,31,73,30,56,42,61,88,40,30,12,12,44,33,37,56,61,47,PF,61,56,5
7d253471-bb62-4ecd-a40d-8efa1f5793ea,69a6fcb68d2c56aa82e48a93,FR,66,174,18,19,28,24,18,27,7,32,16,22,2,15,22,17,19,22,17,13,SF,22,19,3
8cfab682-df53-409f-ae89-2b30dff88bed,69a6fcb68d2c56aa82e48a93,FR,71,169,19,20,27,3,24,12,30,6,11,9,8,29,18,13,15,13,18,12,PF,18,15,3
8f792ead-3123-46b0-941a-cf7e8c26b61f,69a6fcb68d2c56aa82e48a93,SR,71,180,61,81,96,77,80,66,93,65,60,77,68,71,69,70,75,70,73,47,SG,75,73,2
92307139-b938-4f7f-9d16-c9d6ed4e99e2,69a6fcb68d2c56aa82e48a93,SR,73,202,29,18,95,14,39,25,81,96,24,26,7,24,55,21,20,47,69,45,PF,69,47,22
92958720-4ca3-4967-aedb-264804c1602d,69a6fcb68d2c56aa82e48a93,SR,69,163,13,10,36,46,90,86,39,40,9,32,49,26,92,59,26,27,32,19,PG,59,32,27
b585c29f-a1c5-479a-81a1-87f8cbc89b72,69a6fcb68d2c56aa82e48a93,JR,68,156,11,17,9,6,8,12,6,8,9,7,9,7,8,10,12,9,7,5,SG,12,10,2
bbeb6435-29c0-4f3e-905b-cd22b7d0a724,69a6fcb68d2c56aa82e48a93,JR,72,196,10,55,42,42,67,76,46,5,34,21,51,18,31,57,44,28,31,15,PG,57,44,13
cbd8d9fd-734a-4453-a124-7b84c05a9a3e,69a6fcb68d2c56aa82e48a93,JR,69,168,18,27,26,14,22,31,26,11,24,14,27,22,90,26,22,20,19,12,PG,26,22,4
e45ea7d3-95ab-41d1-9fc3-d7334fe4c0f3,69a6fcb68d2c56aa82e48a93,SR,83,261,88,50,92,20,47,67,97,101,60,32,23,54,32,46,46,69,86,97,C,97,86,11
f4216dc5-b5ff-421f-a85c-993ce3e6c489,69a6fcb68d2c56aa82e48a93,SO,68,157,6,101,31,85,27,23,11,15,8,27,5,31,85,28,66,30,19,9,SG,66,30,36
27256037-a124-4e40-adda-08864a2f1764,69a6fcb68d2c56aa82e48a94,FR,68,159,29,28,2,31,13,14,5,23,15,27,28,32,36,21,27,22,13,9,SG,27,22,5
5dcc424a-f3c1-4028-84a9-1d7ac8a12d64,69a6fcb68d2c56aa82e48a94,FR,81,246,44,99,44,32,15,15,29,102,19,37,3,11,14,18,55,53,56,73,C,73,56,17
6c285d12-381d-4cdc-88b4-c93f532a77c0,69a6fcb68d2c56aa82e48a94,FR,71,166,17,22,22,13,28,8,3,28,10,4,19,22,85,16,18,19,15,10,SF,19,18,1
6fb06f28-c3c1-4b89-9300-c5e9ef06eb4b,69a6fcb68d2c56aa82e48a94,SO,67,167,34,98,26,93,15,24,58,39,54,63,25,24,58,37,74,51,40,24,SG,74,51,23
79428b8b-a16c-4592-ba1e-127c27cee201,69a6fcb68d2c56aa82e48a94,JR,80,247,61,5,75,18,45,11,46,78,13,37,54,24,6,28,20,43,59,79,C,79,59,20
7dc75b9a-2f12-44d1-a1cf-8297908a785e,69a6fcb68d2c56aa82e48a94,FR,72,155,1,24,30,10,16,1,20,17,2,2,30,20,83,14,16,14,21,10,PF,21,16,5
a68551c0-350a-4ffd-836d-8d9d71f2f3a8,69a6fcb68d2c56aa82e48a94,SR,69,154,103,98,43,77,88,103,55,85,38,63,26,58,14,70,81,67,58,43,SG,81,70,11
dc990111-3169-4a62-9c78-c8b8d5ed4d63,69a6fcb68d2c56aa82e48a94,SR,78,240,104,44,96,40,19,50,103,102,40,7,60,38,8,45,48,69,91,91,PF,91,91,0
df2a6fe8-e6a3-48b7-918b-13a96f8e6c3f,69a6fcb68d2c56aa82e48a94,JR,70,179,8,102,43,65,40,60,43,71,34,67,56,49,79,55,68,53,48,25,SG,68,55,13
df3e5252-a339-4573-bf2c-198d9386fc8c,69a6fcb68d2c56aa82e48a94,SR,70,178,38,92,101,93,41,26,55,33,49,9,34,19,53,42,73,56,49,34,SG,73,56,17
e2475005-887e-4b95-acac-5699f73c30fd,69a6fcb68d2c56aa82e48a94,JR,70,176,49,34,29,5,10,50,95,102,53,29,13,35,50,29,28,53,65,41,PF,65,53,12
e4a88ae7-6cc2-4608-9e49-268fc07d48e0,69a6fcb68d2c56aa82e48a94,SR,71,188,94,95,90,96,50,79,44,93,62,74,44,82,72,67,86,83,66,48,SG,86,83,3
ef6afe0a-a966-4193-99e7-0d5d4186eb9a,69a6fcb68d2c56aa82e48a94,FR,71,191,1,1,1,22,1,1,1,1,38,1,1,1,27,7,10,12,1,1,SF,12,10,2
f4adc0ff-748c-4537-8a9b-795de7ffd946,69a6fcb68d2c56aa82e48a94,SO,70,172,101,45,50,39,76,68,96,98,73,58,99,29,100,71,55,73,74,52,PF,74,73,1
f650be23-ae5f-4d85-be6c-8655b263880c,69a6fcb68d2c56aa82e48a94,SR,69,164,20,12,14,19,24,16,22,23,22,19,19,21,37,19,17,20,18,12,SF,20,19,1
20110801-9b1f-4841-b966-8f790cbc33ad,69a6fcb68d2c56aa82e48a95,JR,67,153,1,1,21,1,1,1,1,26,1,1,1,1,100,1,1,9,10,7,PF,10,9,1
2824946b-3c0a-440f-a5a1-b40f99c4b6de,69a6fcb68d2c56aa82e48a95,FR,71,186,34,6,10,45,84,78,49,8,36,47,64,18,47,61,29,25,24,15,PG,61,29,32
351d39e8-3fab-4884-80b7-0368147e5d26,69a6fcb68d2c56aa82e48a95,SR,73,201,52,99,38,96,27,28,46,43,46,11,44,26,82,44,78,54,44,27,SG,78,54,24
37d10f77-3114-43d5-8f0e-52c174d2921d,69a6fcb68d2c56aa82e48a95,SR,72,209,51,19,4,9,1,44,20,27,40,35,15,53,50,26,22,28,23,15,SF,28,26,2
530be278-0752-4682-bcf7-135ad2ccf762,69a6fcb68d2c56aa82e48a95,SO,74,159,30,1,42,9,24,23,29,27,7,15,24,32,17,20,10,20,29,19,PF,29,20,9
5f0df2f9-b9e2-4051-b921-177a44ce61da,69a6fcb68d2c56aa82e48a95,SR,73,202,47,20,48,36,47,46,29,42,35,104,94,57,58,55,35,42,40,25,PG,55,42,13
7a7a0545-b948-4c25-9148-617a2a4219ec,69a6fcb68d2c56aa82e48a95,FR,75,219,52,5,75,21,42,19,58,80,34,38,11,14,82,21,19,45,55,40,PF,55,45,10
a50a36b9-0a3d-4c76-8a3b-3065a1c1ca5a,69a6fcb68d2c56aa82e48a95,JR,78,237,17,30,11,27,22,23,11,30,15,20,30,27,63,25,26,23,25,40,C,40,26,14
b303dc3b-8fd8-46ce-ad02-8eceac8f6a9c,69a6fcb68d2c56aa82e48a95,SO,68,162,45,10,103,46,31,12,9,94,18,51,16,18,21,20,25,50,46,38,SF,50,46,4
c0d19cff-b401-4592-b5f0-65739deb4b00,69a6fcb68d2c56aa82e48a95,JR,70,169,35,24,33,12,20,39,37,20,9,30,29,38,69,27,21,21,27,19,PG,27,27,0
c4289775-b8f2-4cfb-9d2e-3ecd1255ead4,69a6fcb68d2c56aa82e48a95,SR,72,202,16,96,34,88,18,13,30,19,33,8,26,6,35,30,68,38,29,15,SG,68,38,30
ca68bc28-ad61-46e1-87c7-645657acc36d,69a6fcb68d2c56aa82e48a95,FR,73,197,34,24,28,39,35,17,17,30,11,34,25,20,63,24,28,25,24,16,SG,28,25,3
cf42a940-dab0-4e8f-88f2-e5eb627e0541,69a6fcb68d2c56aa82e48a95,FR,69,162,8,23,3,20,18,13,3,20,7,3,22,5,33,16,18,14,9,5,SG,18,16,2
eb017649-1d78-4429-aa08-af6958dccacd,69a6fcb68d2c56aa82e48a95,SR,71,181,37,40,98,32,47,20,90,96,27,33,45,12,7,33,36,54,72,48,PF,72,54,18
fecffa6a-b961-4ec1-9eed-8c3523a6e431,69a6fcb68d2c56aa82e48a95,JR,70,181,15,42,34,45,56,56,35,14,34,12,47,33,64,49,40,30,26,15,PG,49,40,9
2bd2683f-0f0a-48ed-a88a-c9e84fa0fae3,69a6fcb68d2c56aa82e48a96,SR,71,182,31,37,44,90,11,25,22,26,95,40,38,11,2,40,53,53,26,18,SG,53,53,0
2d67874e-9d9d-4779-b564-ebc354ec8992,69a6fcb68d2c56aa82e48a96,SO,77,214,24,101,21,47,38,59,24,17,103,53,43,26,53,56,70,53,32,33,SG,70,56,14
42942809-5b2f-4d02-b313-8bd31f8aecfa,69a6fcb68d2c56aa82e48a96,SO,69,173,37,89,39,15,13,13,14,14,16,13,11,98,68,21,51,31,25,16,SG,51,31,20
5016e53e-5e41-4e87-8bc9-b83c8b503eb1,69a6fcb68d2c56aa82e48a96,JR,77,226,79,14,70,49,47,14,67,97,39,32,7,24,9,24,34,57,69,67,PF,69,67,2
77460567-b5cb-475e-b7a7-a3e5c94dd351,69a6fcb68d2c56aa82e48a96,SO,77,215,65,53,93,37,37,40,46,81,22,5,2,31,51,28,43,52,63,63,PF,63,63,0
79c61af8-e1b1-4eec-9816-fed9eacf10f0,69a6fcb68d2c56aa82e48a96,SR,80,235,25,30,12,12,39,33,33,13,32,12,22,31,52,29,25,22,28,52,C,52,29,23
80887082-5bbf-455f-9d02-aa11322a883a,69a6fcb68d2c56aa82e48a96,SO,72,179,20,27,10,16,36,14,2,23,38,10,32,30,14,26,26,26,16,8,PG,26,26,0
9281fdd9-ca2d-4ae2-a424-7c2cc9c62d2e,69a6fcb68d2c56aa82e48a96,FR,70,158,23,21,27,28,31,28,19,21,22,11,31,25,18,28,24,23,20,14,PG,28,24,4
9b5b71d7-11a4-47d1-8c64-f3ae935371be,69a6fcb68d2c56aa82e48a96,JR,72,196,65,72,89,72,62,89,72,81,61,85,73,91,22,76,71,74,73,46,PG,76,74,2
ae2e29d9-0373-4248-8de7-26f205f4d469,69a6fcb68d2c56aa82e48a96,SO,70,172,28,5,10,53,57,83,17,4,18,10,42,18,84,52,26,18,12,9,PG,52,26,26
b2454a8d-5f43-4aa4-a4fa-530f3ecf3083,69a6fcb68d2c56aa82e48a96,JR,69,173,16,23,21,25,29,15,14,19,26,12,40,27,47,26,24,23,17,10,PG,26,24,2
cdee5e56-a6bd-4936-b9c9-9facd82e1299,69a6fcb68d2c56aa82e48a96,SR,71,203,62,21,54,40,13,19,51,3,19,45,23,29,86,22,30,26,31,25,PF,31,30,1
f0826244-031c-40e8-9d77-7c4a0d8560e4,69a6fcb68d2c56aa82e48a96,JR,73,199,9,94,33,57,27,34,38,29,36,30,39,23,9,39,61,39,34,16,SG,61,39,22
f93ecd17-269d-4373-ae98-93a3726f0dd6,69a6fcb68d2c56aa82e48a96,JR,76,218,11,18,11,23,23,16,15,20,21,18,14,17,98,18,19,18,22,19,PF,22,19,3
fa80c671-5cf1-4b17-b2ae-26987f63d47f,69a6fcb68d2c56aa82e48a96,SR,70,175,75,16,45,30,21,29,50,81,7,28,16,15,52,21,25,40,48,38,PF,48,40,8
2219397a-ca09-4485-aaf5-329129b85d70,69a6fcb68d2c56aa82e48a97,SO,70,177,31,86,42,62,93,92,62,39,51,95,103,36,70,85,70,52,47,26,PG,85,70,15
3324ce3e-6968-4e6a-98a8-4e967a199816,69a6fcb68d2c56aa82e48a97,JR,66,146,51,19,15,9,14,12,14,15,12,12,47,11,7,21,20,19,17,14,PG,21,20,1
34f3cf3b-3cf3-419a-82c2-d2dfde2b4726,69a6fcb68d2c56aa82e48a97,JR,72,192,95,91,41,48,43,58,47,95,97,75,45,44,3,56,74,80,60,42,SF,80,74,6
34fb4139-e719-4ab2-ab5f-11470ebac5f2,69a6fcb68d2c56aa82e48a97,FR,69,163,4,30,23,32,22,8,8,21,14,28,19,27,49,18,25,20,15,8,SG,25,20,5
41e9689d-b2e3-4fbb-9fd4-109b911112ff,69a6fcb68d2c56aa82e48a97,JR,71,190,78,90,85,56,52,31,16,65,54,50,6,42,40,36,68,63,45,37,SG,68,63,5
5774a3f1-7ca0-4d8c-9790-9c7b09329790,69a6fcb68d2c56aa82e48a97,FR,71,180,3,21,42,60,89,81,40,12,23,30,59,6,85,62,34,25,26,15,PG,62,34,28
647c619b-a26f-4582-a27a-379d8882765b,69a6fcb68d2c56aa82e48a97,SR,70,168,29,6,93,37,23,26,32,99,17,47,14,39,22,22,20,48,53,38,PF,53,48,5
6577300a-f665-4a67-88a4-db778a94baf8,69a6fcb68d2c56aa82e48a97,SR,71,179,13,97,16,78,31,37,25,25,42,21,37,18,77,43,68,40,24,12,SG,68,43,25
8fe45036-318e-47cd-9398-413bff797815,69a6fcb68d2c56aa82e48a97,JR,72,192,7,5,7,4,7,7,23,6,28,4,5,7,63,8,7,11,13,6,PF,13,11,2
9d988200-dcb7-4acc-831c-b1619327e8aa,69a6fcb68d2c56aa82e48a97,SO,76,212,24,69,39,103,104,99,70,36,56,35,101,47,42,92,74,54,55,35,PG,92,74,18
9de72cce-41ff-4155-af73-4fec70c3963a,69a6fcb68d2c56aa82e48a97,SR,73,188,91,18,61,47,9,55,74,78,61,39,30,64,99,40,39,61,64,46,PF,64,61,3
9e940d1c-0873-4d2d-95e6-219b831fe57f,69a6fcb68d2c56aa82e48a97,JR,69,162,53,26,18,99,88,90,42,22,49,17,80,61,4,79,57,44,32,20,PG,79,57,22
d314c266-d804-41e3-8e3e-ffb60802f2c9,69a6fcb68d2c56aa82e48a97,FR,71,182,103,102,16,36,42,37,33,71,82,25,9,65,16,40,74,68,44,33,SG,74,68,6
f67d976b-19aa-4c5d-b56a-c4b4c7188331,69a6fcb68d2c56aa82e48a97,JR,68,172,17,49,15,29,1,42,23,11,12,2,12,16,8,23,31,18,17,10,SG,31,23,8
fe78f6f2-0933-4cd1-963a-fc9df4dbc64f,69a6fcb68d2c56aa82e48a97,FR,68,157,25,5,22,16,32,29,24,18,13,27,26,30,3,25,14,17,19,13,PG,25,19,6
04a57f7a-a27a-4473-8768-8436398d7ab8,69a6fcb68d2c56aa82e48a98,JR,65,147,18,35,14,17,28,38,21,24,19,18,14,26,28,26,25,21,19,12,PG,26,25,1
0d18eb17-7e1a-44f1-84bd-475d59cc3811,69a6fcb68d2c56aa82e48a98,JR,70,183,30,15,50,37,20,24,7,30,22,98,97,25,97,42,28,32,25,18,PG,42,32,10
0d6c7d83-bcb8-43ac-85b3-8f038260c4e5,69a6fcb68d2c56aa82e48a98,SR,77,214,31,96,23,31,11,29,18,97,43,6,22,3,69,28,55,54,48,45,SG,55,54,1
1fbba68e-154a-4745-bc55-6aa280773961,69a6fcb68d2c56aa82e48a98,FR,71,186,28,96,25,54,31,65,92,48,95,69,30,79,87,55,71,62,55,29,SG,71,62,9
2186a04f-88ee-4811-801a-150b1e2a2ffa,69a6fcb68d2c56aa82e48a98,FR,66,162,2,19,8,29,22,20,7,17,26,16,24,22,80,23,21,19,11,5,PG,23,21,2
42360331-ae1b-4b61-ba8b-93f6e40990dd,69a6fcb68d2c56aa82e48a98,FR,69,157,2,21,9,8,22,3,13,14,6,2,7,13,23,9,13,10,11,6,SG,13,11,2
50c06c98-d59f-41f2-ba5f-b6b3d6343310,69a6fcb68d2c56aa82e48a98,SR,72,204,20,29,29,9,8,44,24,15,58,3,28,22,62,31,25,29,23,13,PG,31,29,2
55db9054-d182-4f8e-95a7-560ad5bcce8d,69a6fcb68d2c56aa82e48a98,SO,68,167,7,91,15,25,8,5,20,6,89,16,22,31,38,26,55,40,17,7,SG,55,40,15
5f26e2a2-ebff-4310-a3f7-ff0c93d9775d,69a6fcb68d2c56aa82e48a98,SO,68,167,23,30,9,60,80,89,44,48,47,38,51,44,14,66,43,41,34,19,PG,66,43,23
7df1e841-3da6-4bd6-b844-15bafa6dbebb,69a6fcb68d2c56aa82e48a98,SO,68,162,31,33,6,37,34,24,19,37,16,2,24,39,47,27,32,27,22,14,SG,32,27,5
908e9fbf-08cc-4cbd-aa49-e03497ed1bfb,69a6fcb68d2c56aa82e48a98,SO,70,183,49,28,62,99,12,44,18,44,102,24,32,34,2,46,55,64,33,26,SF,64,55,9
ca32eb7f-8b27-40fc-accb-735e21bfac47,69a6fcb68d2c56aa82e48a98,JR,66,153,33,32,3,54,70,71,17,18,4,3,44,14,53,51,36,21,16,11,PG,51,36,15
d3d843da-33de-4482-b64d-31c17dce81b5,69a6fcb68d2c56aa82e48a98,JR,73,195,30,91,24,53,27,51,13,18,12,16,7,6,20,32,56,28,21,13,SG,56,32,24
d8860b84-a0e1-4e80-82dd-77dd9772b2c5,69a6fcb68d2c56aa82e48a98,FR,72,196,12,17,18,15,20,12,20,18,19,12,16,13,77,16,16,17,19,10,PF,19,17,2
f0225773-ab4e-44a8-9736-960bb81a4e44,69a6fcb68d2c56aa82e48a98,JR,70,174,14,10,13,13,10,16,11,10,15,10,18,13,5,15,12,13,10,7,PG,15,13,2
01eead75-7da1-43e1-b8cf-c2f9583004ce,69a6fcb68d2c56aa82e48a99,JR,71,195,14,13,13,44,62,63,12,32,24,22,42,8,36,47,26,25,17,11,PG,47,26,21
0eb48727-2d8d-419a-b975-a0f4b5f1d6a7,69a6fcb68d2c56aa82e48a99,FR,71,176,13,2,23,23,2,8,22,19,20,3,10,10,75,10,11,17,17,12,SF,17,17,0
21478f62-be63-4452-a13b-f8bde82a4329,69a6fcb68d2c56aa82e48a99,FR,66,160,19,32,11,1,15,23,19,7,26,18,29,9,50,21,20,16,14,8,PG,21,20,1
269f6b24-bfd9-40a8-8a01-9267f33cea3f,69a6fcb68d2c56aa82e48a99,SO,78,237,26,94,103,96,41,57,30,19,46,16,69,14,68,60,75,52,47,57,SG,75,60,15
2a9031f4-ade6-4b9a-aba2-1811576fc9b9,69a6fcb68d2c56aa82e48a99,SR,72,187,22,43,77,3,15,7,29,75,30,32,12,7,16,13,25,42,46,30,PF,46,42,4
6f30d5c2-5c04-4ec2-9ee5-c6313433a296,69a6fcb68d2c56aa82e48a99,JR,74,202,54,51,91,21,56,59,55,93,54,24,41,78,75,50,45,64,67,44,PF,67,64,3
76f885fc-f381-43f1-8b4a-b3f9eff67ea2,69a6fcb68d2c56aa82e48a99,SR,69,174,21,24,22,14,18,17,27,14,20,22,26,28,69,20,21,19,20,13,SG,21,20,1
ace85e02-901b-47dd-9d6d-3a210c045abf,69a6fcb68d2c56aa82e48a99,JR,75,204,31,38,86,35,10,41,37,72,48,44,26,34,7,32,35,52,51,34,SF,52,51,1
ae8c7ba1-d1d7-41d4-871d-10490c73ef80,69a6fcb68d2c56aa82e48a99,JR,72,201,27,26,19,51,75,71,9,7,26,8,40,10,59,52,35,23,15,9,PG,52,35,17
c230104f-c15a-4fd5-b17e-47ac02de92d6,69a6fcb68d2c56aa82e48a99,SR,74,200,18,76,10,16,9,33,17,87,17,41,46,6,8,30,41,41,38,20,SG,41,41,0
c6cb4ea0-40e4-45bd-97b4-ecf4167e6490,69a6fcb68d2c56aa82e48a99,SR,77,176,34,10,44,21,60,30,11,37,15,53,56,7,47,36,20,27,32,39,C,39,36,3
c8f4313e-f59a-4371-bdb6-b8995341bc51,69a6fcb68d2c56aa82e48a99,FR,69,172,22,57,21,50,73,77,7,29,19,56,46,39,92,57,47,31,21,12,PG,57,47,10
e0d0a7d4-b770-41f2-b1ed-043c22f3785b,69a6fcb68d2c56aa82e48a99,SO,72,194,33,71,89,98,9,64,17,63,46,18,10,42,31,43,64,59,44,30,SG,64,59,5
f53eb6ee-65d9-4675-a71b-f76c968e1d00,69a6fcb68d2c56aa82e48a99,FR,75,211,36,25,70,22,30,4,32,62,16,10,25,21,55,18,25,37,43,30,PF,43,37,6
fa08dfb4-1296-4d35-8d90-888ef8de8b8b,69a6fcb68d2c56aa82e48a99,SR,72,200,53,70,45,55,58,70,76,46,74,61,72,45,89,66,63,58,56,33,PG,66,63,3
1e454085-1c08-4d02-9a7e-54ddae787fad,69a6fcb68d2c56aa82e48a9a,FR,74,201,43,36,60,51,25,24,45,40,28,25,20,40,13,28,38,39,42,28,PF,42,39,3
33d054e9-1f4d-4d69-9f95-762247aa7646,69a6fcb68d2c56aa82e48a9a,SO,69,167,13,16,25,30,8,34,21,26,41,13,7,19,86,22,21,26,19,13,SF,26,22,4
34793917-da3e-46a5-bd9e-8874c6801f5a,69a6fcb68d2c56aa82e48a9a,SO,71,183,52,46,43,97,68,15,70,86,92,77,27,45,35,45,64,72,57,38,SF,72,64,8
596237fb-d5d8-45c3-a410-a5b93449bbb3,69a6fcb68d2c56aa82e48a9a,SO,74,196,55,31,21,14,45,51,92,96,14,21,18,33,88,33,28,42,64,40,PF,64,42,22
714c5613-f2f2-4665-984c-5045c7a3ee5f,69a6fcb68d2c56aa82e48a9a,SO,73,178,7,34,41,9,31,4,23,1,11,30,27,38,37,18,22,15,21,11,SG,22,21,1
891ce7d0-cb4e-443e-b45a-8bbafa5553d7,69a6fcb68d2c56aa82e48a9a,JR,70,167,21,27,25,10,14,41,31,19,40,97,95,41,62,47,27,30,27,14,PG,47,30,17
99d6970d-026b-4d75-8c9b-4629d77385f0,69a6fcb68d2c56aa82e48a9a,FR,73,203,66,20,104,97,10,30,11,91,94,38,15,63,67,38,53,79,52,41,SF,79,53,26
ac87df21-237a-44f1-ae93-8f9cd1d69821,69a6fcb68d2c56aa82e48a9a,FR,69,161,70,87,9,3,35,31,38,59,51,1,35,33,5,35,53,48,39,26,SG,53,48,5
ad160723-994b-4aef-aedd-c20ffc08bd2c,69a6fcb68d2c56aa82e48a9a,SR,80,239,82,103,56,32,16,16,36,65,91,53,77,85,94,48,75,74,60,76,C,76,75,1
b2082997-a995-417f-8269-d781312da56e,69a6fcb68d2c56aa82e48a9a,JR,68,157,10,19,12,13,12,11,15,14,16,13,15,15,33,13,16,14,13,8,SG,16,14,2
c296d749-ce28-46e3-96be-9575f73c2e75,69a6fcb68d2c56aa82e48a9a,FR,71,174,2,3,2,6,2,4,2,3,4,7,2,4,90,3,4,3,2,1,SG,4,3,1
cdbbf26e-8273-4573-ae77-a1735170a45b,69a6fcb68d2c56aa82e48a9a,FR,70,175,4,29,26,29,30,9,8,25,5,5,17,15,59,17,23,18,16,9,SG,23,18,5
f2aecc8b-772e-4126-abfa-7cd940b52f61,69a6fcb68d2c56aa82e48a9a,SR,75,214,52,89,32,25,26,35,31,89,42,23,44,23,4,38,56,56,49,31,SG,56,56,0
fcb16f95-187b-4b86-9ace-e07da47cb576,69a6fcb68d2c56aa82e48a9a,SO,79,231,64,13,93,41,27,5,70,87,38,9,26,2,90,21,28,54,69,87,C,87,69,18
ff0bdd57-e83b-4af9-9f4d-676af55663c6,69a6fcb68d2c56aa82e48a9a,FR,72,187,42,46,99,24,66,10,93,97,14,63,31,46,83,29,37,53,78,50,PF,78,53,25
199ece5c-9953-4b2b-a64c-2894f5e87aca,69a6fcb68d2c56aa82e48a9b,SR,83,254,22,5,45,21,48,40,45,60,36,52,40,17,5,36,18,36,47,66,C,66,47,19
3926dc60-7bef-404e-953c-7542679b2555,69a6fcb68d2c56aa82e48a9b,FR,66,172,20,26,4,18,23,6,6,4,29,2,31,2,25,19,23,17,7,5,SG,23,19,4
3bcddc92-25d4-4cb4-b575-39ef2def8c45,69a6fcb68d2c56aa82e48a9b,SO,74,176,27,37,27,20,17,9,29,8,33,17,29,40,67,22,30,25,24,14,SG,30,25,5
3dd1dcf3-89cc-4efe-bc92-9ac04bfb5cc4,69a6fcb68d2c56aa82e48a9b,SO,80,242,26,26,34,7,6,30,28,41,49,25,30,30,65,26,23,35,37,59,C,59,37,22
414f2ca4-83b3-4e9e-831a-023772015e4d,69a6fcb68d2c56aa82e48a9b,FR,69,163,12,14,9,11,42,13,103,92,41,37,27,38,71,25,19,41,60,32,PF,60,41,19
5ab9eff7-7249-4b9f-93b1-a2c2b86d1766,69a6fcb68d2c56aa82e48a9b,SR,76,209,27,31,16,35,41,24,30,40,11,29,16,29,14,25,29,26,34,27,PF,34,29,5
6c4ca069-aa3e-413c-80fc-ab596324d423,69a6fcb68d2c56aa82e48a9b,FR,73,204,11,8,13,7,7,12,12,8,11,4,11,9,20,10,8,10,12,7,PF,12,10,2
6df1ff8c-b076-44cf-9f27-78ca3f77dc60,69a6fcb68d2c56aa82e48a9b,SR,69,167,33,43,44,58,92,84,27,32,40,17,61,41,81,68,49,41,32,20,PG,68,49,19
88513db8-1ed4-4ee1-be05-97fa704b4c4f,69a6fcb68d2c56aa82e48a9b,FR,73,198,11,20,96,82,24,19,11,48,71,32,57,54,62,43,43,56,39,25,SF,56,43,13
8ba89dfb-3895-4ec7-9add-fb383e900d86,69a6fcb68d2c56aa82e48a9b,SR,82,233,93,67,89,20,33,22,96,103,10,9,71,17,61,36,48,60,88,97,C,97,88,9
a79ffb93-adea-4b43-8e31-8955cfa7005c,69a6fcb68d2c56aa82e48a9b,FR,70,176,7,9,13,12,22,10,5,29,5,32,27,1,89,15,10,14,13,8,PG,15,14,1
d667ca5f-a254-44e6-9961-a08e3448491e,69a6fcb68d2c56aa82e48a9b,FR,72,208,6,20,36,7,12,10,24,49,33,27,37,31,10,21,18,31,32,17,PF,32,31,1
dd1fa23f-d911-425d-b9af-ce26a4d539fe,69a6fcb68d2c56aa82e48a9b,JR,72,192,19,88,97,103,43,67,56,20,50,17,67,45,17,65,76,54,50,29,SG,76,65,11
ec3218e9-3b3c-491b-923d-e61cf54ba64c,69a6fcb68d2c56aa82e48a9b,SR,69,159,31,15,17,19,14,10,16,17,11,16,44,18,93,21,19,18,17,12,PG,21,19,2
efbd2a8a-5095-4854-92ad-318a5312accd,69a6fcb68d2c56aa82e48a9b,SR,68,168,26,15,35,15,20,30,17,12,18,35,19,13,67,21,17,18,17,14,PG,21,18,3
0de0c31c-dd5d-463f-8a02-3ed49d535242,69a6fcb68d2c56aa82e48a9c,FR,69,163,1,12,1,14,23,6,26,5,16,22,6,20,18,11,12,9,11,5,SG,12,11,1
1d0f80a2-8877-49d5-9b3f-9ab81786126f,69a6fcb68d2c56aa82e48a9c,JR,78,235,18,28,7,15,33,27,28,25,24,34,30,9,34,26,23,21,27,42,C,42,27,15
3d51b39a-e730-4235-b8e3-3f0f518ec374,69a6fcb68d2c56aa82e48a9c,SO,69,179,42,39,44,101,58,38,74,13,103,56,70,25,51,61,63,56,41,26,SG,63,61,2
6ab7b8d1-4656-4e1f-87ff-0b9348c76e68,69a6fcb68d2c56aa82e48a9c,FR,72,176,5,22,31,2,9,16,18,14,1,20,6,10,64,10,11,11,18,10,PF,18,11,7
73ac55f7-0aab-4cb2-b986-a6ad7e0b5c5c,69a6fcb68d2c56aa82e48a9c,FR,70,163,24,15,32,32,28,37,52,27,8,13,12,13,84,24,20,20,30,20,PF,30,24,6
90bb8393-0bb5-4a3d-868d-df82a42d854b,69a6fcb68d2c56aa82e48a9c,SR,67,171,25,97,20,90,26,31,4,6,23,24,22,31,19,36,70,33,14,8,SG,70,36,34
910d9986-81bd-4e1e-8dfe-be7dbae9ee5d,69a6fcb68d2c56aa82e48a9c,JR,77,227,11,7,8,12,12,9,42,13,35,15,7,9,5,12,12,17,26,31,C,31,26,5
927f5420-9f8c-48c2-880a-089bd7ea52b0,69a6fcb68d2c56aa82e48a9c,SO,75,220,17,45,95,26,81,16,16,91,59,45,46,22,18,40,40,59,51,33,SF,59,51,8
9d4d8df2-0b3c-4f8f-b385-8c2623ca6a35,69a6fcb68d2c56aa82e48a9c,JR,77,233,45,92,32,9,42,40,47,92,21,48,54,31,78,41,52,50,60,52,PF,60,52,8
c2799eb8-61c8-4f61-a2b9-ea04d9122e92,69a6fcb68d2c56aa82e48a9c,FR,80,235,53,40,62,29,38,26,60,76,59,33,20,29,11,31,39,55,61,78,C,78,61,17
c2fedbbb-c6b3-4ce1-895a-cc6aa0aade00,69a6fcb68d2c56aa82e48a9c,SR,73,209,57,34,16,57,19,7,42,35,17,27,9,52,25,19,39,32,34,22,SG,39,34,5
e3860993-51cb-4b64-be58-76d0e9f155d9,69a6fcb68d2c56aa82e48a9c,JR,79,241,24,91,31,75,55,53,34,59,27,15,69,90,25,61,71,52,51,62,SG,71,62,9
e7f97204-5dd6-4253-823e-d931284576f3,69a6fcb68d2c56aa82e48a9c,SO,71,179,50,38,40,12,26,19,46,48,29,26,25,3,44,22,29,35,38,28,PF,38,35,3
e94dbcc8-3e2d-4aed-8fb1-d118c92baf02,69a6fcb68d2c56aa82e48a9c,SR,77,224,59,28,64,60,50,30,50,60,46,38,66,64,62,48,46,54,58,55,PF,58,55,3
f6e3defd-8052-4ff6-a6e8-faba631b4f37,69a6fcb68d2c56aa82e48a9c,SR,74,207,67,23,8,37,43,31,41,35,8,90,89,43,16,46,35,31,36,23,PG,46,36,10
093e862f-5990-4e68-97ee-5de1a7e53492,69a6fcb68d2c56aa82e48a9d,FR,67,164,16,5,5,1,7,9,5,21,29,6,24,21,51,14,9,17,11,7,SF,17,14,3
0bbfd130-704d-4c04-80a0-80f4f1b075f3,69a6fcb68d2c56aa82e48a9d,SR,73,182,89,21,91,7,30,24,94,94,42,9,16,18,80,23,26,56,75,55,PF,75,56,19
3da7f382-de60-4557-a2f8-b69ccf9c4270,69a6fcb68d2c56aa82e48a9d,JR,73,197,13,51,13,12,27,10,22,15,38,21,7,19,18,17,31,23,19,9,SG,31,23,8
3e3fd55f-693a-4be0-a751-62ba01e92830,69a6fcb68d2c56aa82e48a9d,JR,69,169,18,95,37,104,17,24,39,13,27,31,8,35,15,31,72,38,28,16,SG,72,38,34
6dcb12d3-a032-4b68-9c38-57d8b8693da3,69a6fcb68d2c56aa82e48a9d,SO,78,235,57,16,101,24,18,42,64,97,36,10,9,18,28,25,24,54,71,78,C,78,71,7
7618286d-6355-4b09-b94d-b0ce863373b5,69a6fcb68d2c56aa82e48a9d,FR,66,165,6,20,4,3,2,16,25,2,14,29,28,7,60,15,13,9,12,6,PG,15,13,2
76d6be27-aeee-40ee-8f6d-9928975579f8,69a6fcb68d2c56aa82e48a9d,SR,68,170,31,19,38,11,18,27,11,13,12,13,24,25,39,21,18,19,17,14,PG,21,19,2
79fb7137-9e9e-4c56-9f5b-876e195aa205,69a6fcb68d2c56aa82e48a9d,FR,74,205,11,11,18,11,7,17,12,8,10,11,7,8,100,11,10,10,13,7,PF,13,11,2
91eb79ff-0c15-4fab-9374-c7e57fb761ab,69a6fcb68d2c56aa82e48a9d,JR,73,210,16,34,14,60,94,101,46,32,38,7,63,5,63,72,42,33,32,16,PG,72,42,30
adf2852d-d662-4593-9905-7b0f0a8424fa,69a6fcb68d2c56aa82e48a9d,JR,76,233,16,13,15,14,21,18,17,13,22,14,8,15,62,16,15,16,21,19,PF,21,19,2
cf5060b0-4be8-414e-ac5f-526b5e718eb3,69a6fcb68d2c56aa82e48a9d,SO,76,218,54,13,93,15,9,59,77,65,26,10,16,32,9,29,20,43,67,53,PF,67,53,14
d15ee3c6-2f5d-49eb-adab-5fe28366f908,69a6fcb68d2c56aa82e48a9d,FR,68,164,12,11,4,7,31,16,30,27,26,22,29,10,38,21,13,19,19,11,PG,21,19,2
ebd71773-7efd-4af4-940d-2b0c0ce4843c,69a6fcb68d2c56aa82e48a9d,SO,82,240,85,28,90,102,47,82,56,102,97,55,29,67,49,64,62,85,74,90,C,90,85,5
ed352bed-cdf3-4532-b0b0-c8961ad09792,69a6fcb68d2c56aa82e48a9d,JR,68,165,12,16,30,64,93,79,27,26,14,22,62,34,51,63,34,27,25,14,PG,63,34,29
fee1964d-0831-497b-b710-2f5cffeb2ffb,69a6fcb68d2c56aa82e48a9d,SR,76,221,47,48,39,45,1,35,32,48,36,39,36,29,86,32,42,42,43,35,PF,43,42,1
006ce8b9-ab5c-4d16-b9c7-dcb04fb06987,69a6fcb68d2c56aa82e48a9e,FR,70,167,20,38,32,21,40,11,14,38,15,30,30,34,94,24,29,28,25,16,SG,29,28,1
133d6ca1-7f6f-4340-a2c4-535723eaeac6,69a6fcb68d2c56aa82e48a9e,SO,75,217,35,40,96,28,21,45,28,90,21,30,51,8,59,37,33,51,54,37,PF,54,51,3
395497c9-9e3c-4c9c-84d8-a5f77a5a0eab,69a6fcb68d2c56aa82e48a9e,SR,72,201,76,26,47,34,18,3,55,81,33,46,42,27,44,23,34,50,55,39,PF,55,50,5
405b3e19-6179-4e7b-b395-57716c31621f,69a6fcb68d2c56aa82e48a9e,SR,84,265,26,82,88,82,57,77,30,101,75,78,65,64,31,71,73,78,67,77,SF,78,77,1
4bf080f4-4dc8-43b9-aea3-dcdc1638c921,69a6fcb68d2c56aa82e48a9e,SR,70,174,39,28,14,60,95,91,30,42,25,15,71,23,69,70,42,36,30,19,PG,70,42,28
530b0eb0-a72c-4f1f-be9b-a04bbdfde8a9,69a6fcb68d2c56aa82e48a9e,SO,75,207,20,32,18,23,18,48,11,15,12,15,18,41,41,29,26,19,18,10,PG,29,26,3
621b2b47-8bb6-4d3a-82e7-78c7e8a555c5,69a6fcb68d2c56aa82e48a9e,SR,76,218,93,95,79,83,57,43,63,93,90,33,62,93,25,64,88,88,79,59,SG,88,88,0
72c39c18-414f-4c19-a038-34612fb48e15,69a6fcb68d2c56aa82e48a9e,SR,67,159,21,11,18,19,14,22,15,15,19,20,21,17,87,19,16,17,14,10,PG,19,17,2
75969794-6bff-455d-a0df-d36605022cab,69a6fcb68d2c56aa82e48a9e,SR,69,198,15,31,8,62,58,45,28,48,16,13,60,20,80,48,38,32,28,15,PG,48,38,10
76818026-a949-44a0-a44e-964e4023f151,69a6fcb68d2c56aa82e48a9e,SO,71,179,19,15,5,33,24,35,20,2,2,22,31,8,72,26,19,10,11,7,PG,26,19,7
7d6ae7d7-7a4f-4fac-be9f-629c36383c62,69a6fcb68d2c56aa82e48a9e,FR,71,155,15,5,30,14,10,16,23,22,28,6,20,26,43,17,13,21,20,14,SF,21,20,1
8011ccae-c161-4f65-b2d5-caa390720018,69a6fcb68d2c56aa82e48a9e,SR,70,171,22,19,29,24,26,10,10,31,34,31,33,36,81,24,24,29,21,14,SF,29,24,5
c35ba958-7a62-4707-ad6f-7f42326e9e8f,69a6fcb68d2c56aa82e48a9e,JR,77,213,63,66,89,67,74,66,62,67,71,63,61,89,1,68,68,70,70,62,SF,70,70,0
d8b96f2a-24c9-40c7-a296-b1a77a89f5d2,69a6fcb68d2c56aa82e48a9e,FR,77,231,80,43,50,68,63,24,97,89,20,40,24,66,61,37,52,56,77,67,PF,77,67,10
fca06cbe-36f3-4a2d-9471-d666b785fbb4,69a6fcb68d2c56aa82e48a9e,SR,68,172,12,32,36,102,12,30,12,16,103,42,37,13,28,43,53,50,18,11,SG,53,50,3
03e910d5-891a-46b9-ae5d-edd918a3e4c2,69a6fcb68d2c56aa82e48a9f,SO,70,179,16,11,13,15,17,11,10,13,21,20,12,16,99,14,14,15,11,8,SF,15,14,1
05772f7d-802d-4542-a5e6-458d29d797c9,69a6fcb68d2c56aa82e48a9f,SR,68,160,32,24,25,13,25,30,34,28,28,25,32,12,30,27,22,26,26,18,PG,27,26,1
116977ee-120b-49c1-9d96-16473471d9c4,69a6fcb68d2c56aa82e48a9f,SO,67,179,16,42,31,9,31,24,10,1,28,26,9,24,31,21,27,19,12,9,SG,27,21,6
2dba508e-924f-4bfc-8f72-f313c5854bc4,69a6fcb68d2c56aa82e48a9f,FR,71,181,84,14,14,96,44,42,44,19,84,42,25,42,25,46,52,50,28,24,SG,52,50,2
47288212-d781-4e96-ac50-c063897d2d84,69a6fcb68d2c56aa82e48a9f,SO,71,184,37,102,90,95,27,9,16,35,31,39,31,33,57,34,76,52,37,27,SG,76,52,24
52a53cc0-0440-4ea7-8da1-7c6c9240e207,69a6fcb68d2c56aa82e48a9f,SO,73,187,41,17,29,22,15,17,20,37,41,29,10,41,79,19,24,33,28,19,SF,33,28,5
6179855a-7ab9-447f-b810-424bc4b615fe,69a6fcb68d2c56aa82e48a9f,JR,70,178,4,12,27,60,80,73,50,53,7,9,54,13,37,55,28,29,36,20,PG,55,36,19
619fa3ac-7e04-42a8-b5a9-2dd98027f74f,69a6fcb68d2c56aa82e48a9f,FR,80,245,86,28,59,29,13,45,55,96,41,40,18,7,29,29,33,56,64,84,C,84,64,20
8ebf69cc-3783-450c-afd1-8ee65551f991,69a6fcb68d2c56aa82e48a9f,FR,71,179,24,28,31,15,33,14,26,11,16,18,16,10,22,18,22,18,19,14,SG,22,19,3
9823c831-e4d9-4099-bfb6-acd94bc5f5d2,69a6fcb68d2c56aa82e48a9f,SO,73,194,26,30,42,27,50,12,32,66,28,19,4,22,23,20,28,37,39,25,PF,39,37,2
b17d3d8b-7567-4d42-81d5-fbd610a8e266,69a6fcb68d2c56aa82e48a9f,FR,71,201,13,94,15,101,12,17,35,15,31,35,22,8,36,31,69,35,23,12,SG,69,35,34
c147b01e-39ef-431c-bdfa-0713465a7eec,69a6fcb68d2c56aa82e48a9f,FR,79,236,16,19,97,29,41,16,32,97,29,8,26,14,10,25,23,50,60,76,C,76,60,16
d30a7e97-3f12-4a54-8fbe-3e8b07da01d3,69a6fcb68d2c56aa82e48a9f,FR,70,175,12,18,17,25,19,18,18,23,16,17,20,13,62,19,19,19,17,10,PG,19,19,0
e94dc0f7-63c3-46a2-8efe-1101dac88cbb,69a6fcb68d2c56aa82e48a9f,FR,71,164,20,8,28,18,18,8,14,2,2,7,2,16,58,9,12,9,11,10,SG,12,11,1
f38398ef-aaba-434f-add2-09fa0f53b643,69a6fcb68d2c56aa82e48a9f,SO,69,156,20,20,42,17,35,42,38,13,15,24,14,33,63,27,20,19,25,17,PG,27,25,2
015a82e0-2159-4929-8639-4c57888e1ada,69a6fcb68d2c56aa82e48aa0,SR,75,218,91,95,48,72,66,12,47,92,98,57,36,93,34,49,85,85,63,42,SG,85,85,0
01d667a3-1510-4e1a-80e9-207a03343313,69a6fcb68d2c56aa82e48aa0,SR,75,213,89,93,49,6,36,36,51,90,87,45,39,5,44,40,60,70,59,42,SF,70,60,10
132e3e4c-7382-4910-828c-cfdab315c27d,69a6fcb68d2c56aa82e48aa0,SO,66,156,91,93,50,13,91,102,33,40,34,24,69,13,89,72,62,47,41,32,PG,72,62,10
402202da-02b9-4389-a11e-2b5ddba86281,69a6fcb68d2c56aa82e48aa0,JR,70,174,23,26,13,39,34,26,31,11,33,17,17,36,34,27,30,24,19,12,SG,30,27,3
62d41fbb-0b36-448f-ad8d-9dd59eda5d43,69a6fcb68d2c56aa82e48aa0,JR,73,211,15,8,80,29,14,19,25,89,3,28,23,17,48,18,15,38,47,31,PF,47,38,9
69e96de2-645e-401c-961f-9cfd37672dea,69a6fcb68d2c56aa82e48aa0,SO,73,202,34,13,36,22,31,22,16,30,26,14,31,27,87,26,21,27,25,17,SF,27,26,1
8786780a-3d48-42f2-8856-ef14c13ff406,69a6fcb68d2c56aa82e48aa0,FR,69,175,22,22,27,2,30,3,18,31,28,17,23,1,42,15,17,23,21,15,SF,23,21,2
8a80a98e-3137-4198-b292-6c6d738006c4,69a6fcb68d2c56aa82e48aa0,SR,69,172,28,97,41,80,13,33,11,39,13,21,38,3,63,36,66,40,28,18,SG,66,40,26
8d409ea5-c7f4-4d5c-bbbc-a1d98f072b5a,69a6fcb68d2c56aa82e48aa0,JR,72,191,21,17,21,12,35,32,24,21,34,23,27,37,7,29,20,24,23,13,PG,29,24,5
a0c4a68a-742f-4813-8478-82590e1b007c,69a6fcb68d2c56aa82e48aa0,FR,67,160,13,15,21,4,10,18,20,7,27,7,31,23,45,20,14,16,15,9,PG,20,16,4
c9507c60-6a8e-47ce-87bc-2552a074b1ea,69a6fcb68d2c56aa82e48aa0,SR,75,212,6,32,97,15,12,2,8,80,30,8,28,19,98,16,23,45,44,29,SF,45,44,1
d041ead2-864b-41a3-81f4-42db974017cb,69a6fcb68d2c56aa82e48aa0,SO,67,164,40,56,4,95,96,92,45,16,67,2,90,37,98,85,68,47,29,16,PG,85,68,17
d7af08e8-e635-4a37-ad34-781f45539475,69a6fcb68d2c56aa82e48aa0,SR,71,189,34,41,64,13,25,45,26,36,69,97,102,21,50,54,37,48,36,24,PG,54,48,6
eb545e64-8c38-4206-8a0c-2f35be2cc55e,69a6fcb68d2c56aa82e48aa0,FR,67,159,15,32,22,13,15,31,3,9,22,30,14,1,14,20,21,17,10,7,SG,21,20,1
f81c9093-5f3a-4a70-9c48-0ece70f722c5,69a6fcb68d2c56aa82e48aa0,SO,73,205,34,9,35,32,33,12,34,15,18,35,19,29,3,20,21,22,26,18,PF,26,22,4
1f38955b-577a-40ad-b04e-a8842f145ca0,69a6fcb68d2c56aa82e48aa1,JR,72,195,33,17,19,11,32,21,25,22,31,17,26,41,10,25,21,25,24,15,PG,25,25,0
37dba0d6-d76a-43f9-a9e9-74751990158b,69a6fcb68d2c56aa82e48aa1,FR,70,183,46,104,45,103,25,33,44,15,18,51,23,25,4,38,77,40,34,22,SG,77,40,37
3ff332a4-3f04-4347-a90a-7eaafc993b0a,69a6fcb68d2c56aa82e48aa1,FR,71,164,5,25,28,18,9,4,13,9,29,18,31,12,26,17,20,19,14,8,SG,20,19,1
4ab43dbb-3dd0-4cbe-a3e8-fc322b0c8d12,69a6fcb68d2c56aa82e48aa1,SR,70,173,14,32,8,16,35,28,29,33,27,37,24,13,1,26,24,24,22,13,PG,26,24,2
4b955fe7-e1c3-473d-b09a-480d01d540a4,69a6fcb68d2c56aa82e48aa1,JR,75,207,96,14,29,47,47,30,88,90,8,37,9,13,74,25,31,44,62,45,PF,62,45,17
5e6cd559-1414-4b38-bdc7-edd096994653,69a6fcb68d2c56aa82e48aa1,SO,74,185,8,28,42,40,35,15,9,37,40,27,13,35,51,24,30,33,25,14,SF,33,30,3
6c814f62-b7bf-458d-8abf-df2a5a4be882,69a6fcb68d2c56aa82e48aa1,FR,78,234,53,16,95,9,15,18,73,94,32,9,51,36,96,27,22,53,75,77,C,77,75,2
70fdbecf-c398-4467-a663-2d7949054ff8,69a6fcb68d2c56aa82e48aa1,JR,69,165,17,18,17,14,11,12,14,16,16,17,14,23,26,14,16,16,14,10,SG,16,16,0
80d73592-c1c7-4086-9512-c49b7ba9ee62,69a6fcb68d2c56aa82e48aa1,SR,67,160,55,30,65,8,38,12,45,67,17,34,25,34,52,21,26,40,47,35,PF,47,40,7
8528990a-792c-46b9-81fa-f145f7aa1a56,69a6fcb68d2c56aa82e48aa1,SO,71,186,35,90,14,89,39,60,46,66,39,26,28,68,89,52,72,54,43,24,SG,72,54,18
a08a6f1b-48e3-42cd-94c5-7d4b26da3218,69a6fcb68d2c56aa82e48aa1,JR,72,186,52,101,31,98,38,41,82,63,33,58,39,33,4,48,79,56,59,34,SG,79,59,20
bab70390-98f6-4ea0-bc46-8ef7bfe87277,69a6fcb68d2c56aa82e48aa1,SO,71,165,14,19,26,38,3,6,14,28,29,7,34,27,72,20,25,27,20,12,SF,27,25,2
cc14efb5-3d6a-4e50-b647-56953f9dcde4,69a6fcb68d2c56aa82e48aa1,SR,67,163,10,5,9,15,8,5,6,9,10,9,10,11,51,8,9,10,7,5,SF,10,9,1
d379bfd7-db83-4ff4-be56-98d6a0171095,69a6fcb68d2c56aa82e48aa1,FR,75,207,23,97,43,21,24,24,10,96,42,64,8,16,53,25,53,54,43,26,SF,54,53,1
e16527c0-b87f-4dce-adbd-2970fe4190e8,69a6fcb68d2c56aa82e48aa1,SR,68,160,19,21,18,23,40,18,25,10,29,8,23,12,39,24,23,20,16,11,PG,24,23,1
13c3d195-56a3-404b-87da-06d95a175106,69a6fcb68d2c56aa82e48aa2,SR,72,197,31,101,14,97,27,42,24,30,5,18,24,12,73,38,71,35,28,15,SG,71,38,33
27ff6207-a4bd-4361-8e87-9a665a5d3489,69a6fcb68d2c56aa82e48aa2,JR,70,173,88,10,17,98,25,8,32,16,82,37,30,17,99,33,49,48,23,23,SG,49,48,1
397b0263-8caa-4c03-805d-7166dfffe62a,69a6fcb68d2c56aa82e48aa2,JR,69,186,45,4,42,20,22,51,48,39,7,6,41,40,27,34,17,27,37,26,PF,37,34,3
54b3fb58-427e-434d-a8ef-62292181b532,69a6fcb68d2c56aa82e48aa2,SO,71,179,99,67,41,101,60,18,68,51,98,41,81,25,54,59,80,73,53,39,SG,80,73,7
6f61f7d5-caab-47cb-8cdf-3c7520d74916,69a6fcb68d2c56aa82e48aa2,SR,72,188,103,104,13,44,102,96,9,25,48,20,12,31,77,63,75,47,26,22,SG,75,63,12
72f4288c-328c-4ce1-be86-edbd3c5aa946,69a6fcb68d2c56aa82e48aa2,JR,68,165,34,34,26,17,24,40,17,11,4,49,44,45,2,33,27,19,20,13,PG,33,27,6
8e8f3c60-4945-45a3-827e-99b25741a621,69a6fcb68d2c56aa82e48aa2,SR,76,219,101,103,15,45,34,26,9,90,103,11,18,10,26,38,76,76,47,42,SG,76,76,0
9636fb65-7b23-48b0-929f-5f03804163f0,69a6fcb68d2c56aa82e48aa2,SR,69,165,23,76,37,56,59,71,35,91,93,98,21,90,19,59,64,71,49,28,SF,71,64,7
a448ccd5-5d2a-4fe0-99b8-3f6c61acf771,69a6fcb68d2c56aa82e48aa2,SO,74,203,26,31,12,34,13,16,37,32,39,33,30,16,3,24,30,30,29,16,SG,30,30,0
b0bf2088-5155-43a0-ba58-fcbe82b7e005,69a6fcb68d2c56aa82e48aa2,SR,73,200,88,96,19,16,33,24,42,89,93,15,9,34,53,32,64,70,52,36,SF,70,64,6
bf01048d-bd4c-4c72-93a0-e044256a2f87,69a6fcb68d2c56aa82e48aa2,SO,73,182,13,3,23,42,7,26,37,32,42,41,32,1,34,25,19,28,28,16,SF,28,28,0
e584bb24-a984-4eb4-bbe3-388fe51f81b0,69a6fcb68d2c56aa82e48aa2,JR,78,239,64,16,78,36,35,21,47,93,6,45,35,16,95,26,27,47,63,72,C,72,63,9
ec6a4caa-32d3-4aee-9fa1-15bd16b3aa7d,69a6fcb68d2c56aa82e48aa2,SR,76,223,67,16,44,3,3,50,37,65,20,13,5,43,31,22,18,37,48,42,PF,48,42,6
fbaf4501-8146-4227-849f-bb2793d31ce0,69a6fcb68d2c56aa82e48aa2,SR,75,206,55,38,82,27,28,31,52,64,40,6,41,7,52,33,35,49,53,38,PF,53,49,4
fde82db0-2495-4e7f-b000-86f4d44ba60c,69a6fcb68d2c56aa82e48aa2,JR,72,198,48,28,65,23,26,28,57,88,15,15,6,11,87,20,25,43,56,39,PF,56,43,13
0a14549c-b2ed-44be-9c2d-96f0b16f8da6,69a6fcb68d2c56aa82e48aa3,JR,69,182,34,33,41,3,13,38,9,46,28,36,42,15,67,29,24,32,27,20,SF,32,29,3
2aa7c3f0-5b97-4b9a-b628-360e4a754c1f,69a6fcb68d2c56aa82e48aa3,SR,75,205,90,98,17,29,73,63,19,96,98,70,29,32,36,56,72,75,47,33,SF,75,72,3
2f672ce7-a6cf-4795-b578-924186101185,69a6fcb68d2c56aa82e48aa3,JR,68,161,29,29,16,31,20,24,19,23,24,17,34,18,96,27,28,25,19,13,SG,28,27,1
35cafac7-a7ca-44f5-a941-061a82985ffa,69a6fcb68d2c56aa82e48aa3,JR,72,184,64,64,67,72,78,82,71,72,77,71,61,96,28,74,69,72,66,41,PG,74,72,2
3cd475a2-6f50-445c-84a0-29edee5aaa74,69a6fcb68d2c56aa82e48aa3,SR,73,186,68,27,33,14,31,6,47,69,18,9,15,11,48,15,26,37,45,33,PF,45,37,8
4080e840-1c3c-4085-85e8-f39c4856538e,69a6fcb68d2c56aa82e48aa3,FR,72,186,15,14,10,15,10,16,5,10,12,13,8,10,69,12,13,12,10,6,SG,13,12,1
43529561-272f-4312-89be-6e6fe88b2f26,69a6fcb68d2c56aa82e48aa3,JR,72,191,67,88,6,8,19,16,30,60,42,20,9,4,69,20,50,43,36,24,SG,50,43,7
44fa3298-8941-4af4-8297-3dae50e007e9,69a6fcb68d2c56aa82e48aa3,SO,80,246,91,15,94,32,43,32,99,104,12,36,8,36,72,25,29,54,85,98,C,98,85,13
4ac098a6-8d22-4354-b419-55fddb0011fa,69a6fcb68d2c56aa82e48aa3,JR,70,181,14,52,44,41,13,24,29,4,50,38,6,35,62,24,40,31,22,14,SG,40,31,9
53b515ee-66c1-4ba3-915f-4f48e3d914d8,69a6fcb68d2c56aa82e48aa3,SR,67,158,4,7,3,4,12,5,5,2,5,5,3,3,73,5,6,4,3,2,SG,6,5,1
7dd2712a-440b-4792-a4b3-963dee859c65,69a6fcb68d2c56aa82e48aa3,JR,76,216,92,79,71,85,86,90,85,79,67,89,74,91,56,82,81,77,80,59,PG,82,81,1
81a16691-c9cb-407a-8279-09d216234147,69a6fcb68d2c56aa82e48aa3,JR,73,196,95,58,68,6,6,58,87,89,52,18,56,69,94,44,46,64,75,51,PF,75,64,11
b398a257-e421-404f-9c5b-52eee502eea3,69a6fcb68d2c56aa82e48aa3,SR,69,170,13,103,12,31,15,26,13,26,97,34,36,31,75,39,64,50,21,10,SG,64,50,14
c407bd36-2d1b-40b7-aa4e-ed1857a8752a,69a6fcb68d2c56aa82e48aa3,FR,70,160,26,43,44,32,33,47,89,102,20,15,59,36,58,43,36,50,67,39,PF,67,50,17
fee51c98-2b6d-4a9d-860c-271b92d3f1c0,69a6fcb68d2c56aa82e48aa3,FR,68,171,10,15,28,20,16,16,4,3,26,14,12,24,50,17,17,16,9,7,PG,17,17,0
0075a182-10a6-4a26-8135-fb12d0d13767,69a6fcb68d2c56aa82e48aa4,SR,72,194,45,36,103,36,54,33,30,102,19,53,48,51,89,40,37,57,61,42,PF,61,57,4
00a9d393-c03b-4ac2-b357-1dd57e7223f2,69a6fcb68d2c56aa82e48aa4,SR,70,182,8,20,5,9,6,9,7,43,8,7,6,6,37,8,13,18,16,9,SF,18,16,2
247f99b7-6fb1-4ca0-a9fc-261bbf1aba45,69a6fcb68d2c56aa82e48aa4,SR,69,170,32,15,103,12,10,17,15,91,16,14,17,26,47,16,16,45,47,36,PF,47,45,2
33b8e78c-1188-4038-a5f9-8f2c61cbc38b,69a6fcb68d2c56aa82e48aa4,JR,75,209,15,14,43,16,33,35,19,28,25,37,12,35,99,25,18,24,25,16,PG,25,25,0
37bc3043-356a-4baf-8a9f-0dfddb7fe93b,69a6fcb68d2c56aa82e48aa4,SR,69,171,89,18,49,20,30,22,20,38,94,19,20,55,29,31,36,54,32,29,SF,54,36,18
45888d7a-392c-4284-9691-a6ca3d76d57c,69a6fcb68d2c56aa82e48aa4,JR,69,168,18,93,15,27,29,9,13,32,8,20,12,92,15,23,53,31,25,12,SG,53,31,22
5b937e4a-db4e-43ba-a6f4-122445a3daac,69a6fcb68d2c56aa82e48aa4,JR,78,235,35,23,89,52,26,29,39,94,14,28,14,23,47,25,30,49,61,69,C,69,61,8
61c995ff-ecce-4a85-a639-d0ff524277b2,69a6fcb68d2c56aa82e48aa4,FR,69,167,91,96,71,92,56,41,26,30,55,17,24,58,21,49,83,60,39,33,SG,83,60,23
67afba13-5338-4f51-bf63-d8abd706f775,69a6fcb68d2c56aa82e48aa4,FR,68,165,13,16,16,23,23,24,5,7,12,28,15,6,16,19,17,13,8,6,PG,19,17,2
7963bc1d-8408-4a40-8c0d-4db557b3ee7b,69a6fcb68d2c56aa82e48aa4,FR,69,177,2,11,7,25,28,9,9,20,24,26,6,23,89,15,16,17,11,6,SF,17,16,1
84379cd3-b786-4c53-80aa-320afa99f463,69a6fcb68d2c56aa82e48aa4,FR,68,155,13,25,5,9,28,26,22,29,8,8,29,5,2,22,17,16,18,10,PG,22,18,4
adaa0534-7ab4-4d13-aa8d-aa76531f7210,69a6fcb68d2c56aa82e48aa4,SR,80,249,51,60,97,74,68,39,60,102,20,52,52,73,9,51,59,65,77,86,C,86,77,9
b10d7fbc-ceda-4f22-97a5-9abf9056a1a6,69a6fcb68d2c56aa82e48aa4,SR,70,172,61,30,63,38,22,40,1,104,99,97,59,4,75,45,42,73,43,34,SF,73,45,28
cb3f5463-c9e9-447d-9a96-bd8c9ec6952b,69a6fcb68d2c56aa82e48aa4,SR,70,180,48,27,59,12,20,32,48,68,15,16,3,31,68,19,23,37,46,33,PF,46,37,9
e0ffe879-6d83-43ce-8cd6-5e221e85e9dc,69a6fcb68d2c56aa82e48aa4,SR,71,184,53,88,35,102,16,41,72,36,56,11,72,41,14,55,78,56,49,29,SG,78,56,22
0b89e8c9-6750-4705-b3c0-0c260809dd17,69a6fcb68d2c56aa82e48aa5,FR,72,176,28,31,26,27,7,16,21,29,29,2,1,11,83,14,26,26,24,16,SG,26,26,0
1a2483f0-2516-46d8-9b7d-4c995739e1ec,69a6fcb68d2c56aa82e48aa5,SR,81,248,44,90,15,21,42,32,7,95,41,25,33,35,22,37,55,54,46,64,C,64,55,9
1c0329d1-6d72-47b5-84f0-6813a89b702e,69a6fcb68d2c56aa82e48aa5,FR,76,226,85,13,95,9,16,20,76,93,43,37,57,56,10,31,27,60,78,62,PF,78,62,16
209696a3-39ae-4d8f-96d3-3d50d4617719,69a6fcb68d2c56aa82e48aa5,SO,74,194,38,23,55,25,97,20,54,82,4,20,5,23,52,27,26,37,52,34,PF,52,37,15
2996719f-0ed9-4c4e-8f47-ba4db3f93bb4,69a6fcb68d2c56aa82e48aa5,SR,73,198,85,88,26,27,25,42,41,64,62,49,8,30,48,33,60,56,45,32,SG,60,56,4
7916b279-93c8-4f06-a1e6-d61b2af8d864,69a6fcb68d2c56aa82e48aa5,SR,74,213,53,25,66,62,5,24,48,56,14,62,41,28,35,28,36,42,48,33,PF,48,42,6
81b40df7-1240-4308-8ae7-de69c321f127,69a6fcb68d2c56aa82e48aa5,FR,69,165,15,24,35,91,25,29,25,13,102,39,21,9,52,39,47,47,19,13,SG,47,47,0
95efdcd1-3576-4f89-9677-70ca540e5860,69a6fcb68d2c56aa82e48aa5,SO,71,192,7,48,25,23,20,29,33,27,24,7,40,23,2,30,32,26,26,14,SG,32,30,2
ac7a5fd3-be95-4fc9-8122-8c3d5e65cec2,69a6fcb68d2c56aa82e48aa5,SR,79,237,29,6,65,42,80,15,60,90,27,7,9,8,6,26,23,44,60,77,C,77,60,17
b88a85e4-6d3e-4c56-8760-8f950d3dfd0b,69a6fcb68d2c56aa82e48aa5,JR,71,185,20,22,21,21,34,24,14,25,20,24,30,25,55,26,22,22,18,12,PG,26,22,4
bddbec74-4ae8-43e5-b8ab-489aba49b7de,69a6fcb68d2c56aa82e48aa5,FR,67,162,23,31,15,2,15,13,27,14,5,32,9,12,23,11,18,13,18,12,SG,18,18,0
c2baff44-7be8-4e8e-8891-34de7e92e842,69a6fcb68d2c56aa82e48aa5,FR,68,159,23,6,5,27,1,31,2,5,31,2,8,22,87,19,16,17,6,5,PG,19,17,2
cff552f2-531b-4e24-a4ca-7fc263dfcb12,69a6fcb68d2c56aa82e48aa5,SR,71,184,14,18,51,7,21,11,17,30,14,16,22,12,64,16,14,22,24,17,PF,24,22,2
d904676d-6d96-4864-bba0-654435fef964,69a6fcb68d2c56aa82e48aa5,FR,74,215,35,88,18,101,14,53,57,27,47,45,52,75,94,54,76,49,42,21,SG,76,54,22
fa595015-9020-4443-8dcd-b9ab9bf963ce,69a6fcb68d2c56aa82e48aa5,JR,66,162,12,8,17,10,9,8,13,15,8,8,14,9,42,10,9,12,12,9,SF,12,12,0
1ebca8ad-0178-4a94-a191-588d7691edb2,69a6fcb68d2c56aa82e48aa6,SO,78,234,54,91,86,76,27,46,37,10,12,16,69,44,81,51,69,42,47,58,SG,69,58,11
219d8f26-45d7-47c6-a5e8-eebab1c8c9be,69a6fcb68d2c56aa82e48aa6,SO,74,183,3,22,15,39,13,19,14,1,2,25,15,28,20,18,22,11,13,5,SG,22,18,4
29584033-7a85-43e1-bbae-7c12dc74e3af,69a6fcb68d2c56aa82e48aa6,JR,71,179,48,38,61,28,35,14,42,63,2,54,53,6,33,28,32,37,45,32,PF,45,37,8
3ab674ad-4a74-42ce-977b-9ec71a678cd8,69a6fcb68d2c56aa82e48aa6,FR,67,163,6,6,9,10,9,10,15,6,10,8,8,12,55,9,8,8,9,5,PG,9,9,0
41e464a6-1d56-47b2-9f8b-6b3248c28ad1,69a6fcb68d2c56aa82e48aa6,FR,80,249,15,20,19,19,16,16,24,21,14,6,12,17,92,15,18,18,26,52,C,52,26,26
501157c9-1c7b-4b55-9ea9-9754441fb315,69a6fcb68d2c56aa82e48aa6,SO,78,235,46,52,61,56,39,38,51,49,63,66,66,33,31,50,53,54,54,61,C,61,54,7
6a5f2d02-cc08-4f48-80cf-a13aad03fe67,69a6fcb68d2c56aa82e48aa6,JR,77,220,46,22,66,7,39,34,49,67,18,14,41,36,99,32,23,39,56,54,PF,56,54,2
88230d5b-ffaa-4b66-963e-b9f070b25b41,69a6fcb68d2c56aa82e48aa6,SR,69,166,44,96,45,101,19,45,51,26,37,39,44,15,54,47,76,47,38,25,SG,76,47,29
a8947725-2708-4817-be10-1cc0eaf0bb4e,69a6fcb68d2c56aa82e48aa6,FR,69,179,22,32,4,27,7,3,14,7,13,5,3,9,35,9,24,14,10,7,SG,24,14,10
b9449448-2d3f-40c8-a83f-72b48d75fc1e,69a6fcb68d2c56aa82e48aa6,SR,73,201,35,16,42,24,8,31,28,46,51,103,103,59,88,48,30,44,39,23,PG,48,44,4
d13605bc-86e9-454a-9398-d6963856f2be,69a6fcb68d2c56aa82e48aa6,SO,73,206,30,91,20,30,27,12,26,27,89,31,8,9,51,27,58,47,27,15,SG,58,47,11
e9daaa66-2f11-4a20-abd9-554e81b96587,69a6fcb68d2c56aa82e48aa6,SO,72,192,53,11,85,3,18,10,42,60,30,4,32,34,5,19,18,41,49,36,PF,49,41,8
fcbea8eb-8471-4cb9-a5ff-36bafce4bd27,69a6fcb68d2c56aa82e48aa6,FR,73,207,91,80,13,17,97,104,40,40,2,42,35,24,13,62,53,34,38,28,PG,62,53,9
fd805c26-7263-4dd5-8ade-374a7d58e36d,69a6fcb68d2c56aa82e48aa6,SR,70,197,3,29,58,35,56,42,17,59,10,25,1,26,56,28,26,31,32,21,PF,32,31,1
feb1404f-b2bc-4db6-b1e4-bbea49bdfe76,69a6fcb68d2c56aa82e48aa6,SO,70,178,44,92,26,103,27,27,48,28,53,21,55,36,10,48,78,51,37,22,SG,78,51,27
00aa24fb-e8a0-449d-8211-4138840a59b0,69a6fcb68d2c56aa82e48aa7,SR,76,222,26,26,77,104,29,25,39,67,92,46,5,41,67,36,52,65,52,41,SF,65,52,13
2f4daca2-d409-40a7-a16a-cb2ab6cee692,69a6fcb68d2c56aa82e48aa7,SR,71,192,39,35,35,4,8,60,6,23,16,61,32,22,13,32,24,24,19,15,PG,32,24,8
49f3fb52-3d24-43fe-b1b3-b627b55393d3,69a6fcb68d2c56aa82e48aa7,SO,73,167,9,30,19,32,26,12,31,35,3,14,10,32,74,17,25,21,27,14,PF,27,25,2
4a48aae9-ff76-4057-97b5-71e53cd3eff8,69a6fcb68d2c56aa82e48aa7,SR,67,163,37,24,15,31,42,10,92,66,8,37,20,40,28,21,27,32,52,32,PF,52,32,20
5022d13a-8722-4a75-ba00-644bcb125f9d,69a6fcb68d2c56aa82e48aa7,JR,73,195,22,16,90,18,47,53,34,96,62,29,20,42,67,39,25,57,55,36,SF,57,55,2
521f70fd-aa2a-4a76-95ae-69cec39543d6,69a6fcb68d2c56aa82e48aa7,SO,73,182,29,2,36,8,13,13,24,7,13,19,8,9,75,10,8,13,19,14,PF,19,14,5
8d66902f-52e8-490f-aba7-8b2c2632d577,69a6fcb68d2c56aa82e48aa7,JR,70,165,7,6,29,7,13,7,6,29,3,7,15,9,9,10,7,14,15,11,PF,15,14,1
b8201604-240d-47e8-a9e7-f53e102c9606,69a6fcb68d2c56aa82e48aa7,SR,71,186,8,21,39,39,64,24,32,27,37,95,102,25,19,52,32,33,30,16,PG,52,33,19
bc4eab6a-d307-4efc-b865-5d9169e510b3,69a6fcb68d2c56aa82e48aa7,FR,81,245,16,20,15,16,20,18,14,18,13,21,12,22,18,16,18,16,22,49,C,49,22,27
c03375d3-3efb-48ab-8e8c-0bf1472b5f69,69a6fcb68d2c56aa82e48aa7,JR,79,247,3,22,64,59,93,55,63,86,62,12,61,49,19,61,40,57,64,72,C,72,64,8
c9d8fb5b-fa3a-4891-aa3e-1f267342f79c,69a6fcb68d2c56aa82e48aa7,SO,73,203,49,48,72,50,32,28,47,63,41,8,29,6,6,32,44,50,50,35,SF,50,50,0
cb02c71c-90cf-4e0b-b2fe-d1fc7b31c58b,69a6fcb68d2c56aa82e48aa7,SO,69,180,54,19,25,47,70,61,23,29,7,17,50,53,96,50,34,29,27,20,PG,50,34,16
d743aa09-688e-42cd-9d83-fdb4bfdc3a0e,69a6fcb68d2c56aa82e48aa7,SO,75,206,94,17,74,41,50,59,60,90,17,37,32,13,63,41,33,52,62,48,PF,62,52,10
ede51c62-74d9-4d34-b5c2-eb17d3f8ea1e,69a6fcb68d2c56aa82e48aa7,SO,66,151,66,77,26,25,8,16,14,40,54,16,16,21,36,23,51,45,27,22,SG,51,45,6
f508875d-06da-4897-93ae-e8eec50d965f,69a6fcb68d2c56aa82e48aa7,FR,78,244,97,78,56,73,90,94,12,10,36,6,59,35,26,73,72,47,35,56,PG,73,72,1
110569eb-bcc0-4b3b-81bb-7b133af76761,69a6fcb68d2c56aa82e48aa8,SR,74,202,22,27,20,21,13,21,19,21,25,23,28,36,16,23,25,24,22,12,SG,25,24,1
22fb6e6f-22b6-4cf3-b676-b10b2cdf33a9,69a6fcb68d2c56aa82e48aa8,SO,70,168,17,12,15,15,11,12,15,10,20,15,13,10,37,13,14,15,12,9,SF,15,14,1
2770aa38-8db7-42bf-be2e-db6d101cb751,69a6fcb68d2c56aa82e48aa8,FR,71,185,16,18,11,20,20,16,15,18,17,16,24,15,66,19,18,17,14,9,PG,19,18,1
3911b850-e697-4fd9-9619-14c975900777,69a6fcb68d2c56aa82e48aa8,FR,71,158,8,26,16,9,29,28,26,11,26,5,19,11,11,23,19,17,16,9,PG,23,19,4
40e499e4-80c4-4737-a5f4-15cfcfbb3b43,69a6fcb68d2c56aa82e48aa8,SR,70,166,17,101,18,25,14,38,17,17,31,37,38,98,68,39,59,35,25,10,SG,59,39,20
4c07623b-4d08-4c70-9da7-8c58f492db5e,69a6fcb68d2c56aa82e48aa8,SR,75,216,18,14,45,19,72,15,38,73,3,25,16,27,63,24,18,31,43,26,PF,43,31,12
6c466b7f-8c52-4584-90ca-d6f7dc3e0cf1,69a6fcb68d2c56aa82e48aa8,SR,70,181,9,61,13,46,46,59,5,43,18,53,20,13,15,40,43,30,19,10,SG,43,40,3
6ccf6abb-b114-482e-8093-e9883cdbf52f,69a6fcb68d2c56aa82e48aa8,FR,67,145,11,96,13,16,33,28,50,42,94,7,48,22,22,42,58,51,36,17,SG,58,51,7
768e8280-037b-42ec-86ef-c645bd2ea57a,69a6fcb68d2c56aa82e48aa8,SR,78,244,23,104,27,56,82,21,38,42,26,91,42,96,20,47,71,45,47,50,SG,71,50,21
9a956044-eadd-4fa6-95dc-6d5f7942d36a,69a6fcb68d2c56aa82e48aa8,FR,75,209,39,22,99,91,35,47,16,89,59,36,40,58,78,48,48,67,52,36,SF,67,52,15
aeeaccba-6b7d-42d2-8118-bddaef5a510d,69a6fcb68d2c56aa82e48aa8,SR,69,174,17,27,21,18,22,16,32,20,20,30,30,19,3,22,23,21,22,14,SG,23,22,1
b11e3fa1-82b3-450a-b027-e9ee6e70b512,69a6fcb68d2c56aa82e48aa8,SO,77,222,85,20,88,34,45,22,72,97,18,20,46,44,68,33,34,56,76,71,PF,76,71,5
bbcab1e8-b81b-4887-98a3-74c99cb5d684,69a6fcb68d2c56aa82e48aa8,SO,73,190,10,7,8,13,8,15,12,10,14,10,9,8,48,11,10,11,12,6,PF,12,11,1
e7d1360f-c395-44d1-8e62-7dcda78229bf,69a6fcb68d2c56aa82e48aa8,FR,66,162,32,4,9,27,10,5,27,23,21,17,10,15,49,11,15,19,18,14,SF,19,18,1
edb5d672-939a-40a5-bff4-38b898d447f1,69a6fcb68d2c56aa82e48aa8,JR,74,202,58,67,60,63,64,73,54,68,51,75,66,62,59,66,63,61,57,36,PG,66,63,3
1979974e-b14c-41c7-bfd5-42a7c6666ed6,69a6fcb68d2c56aa82e48aa9,JR,73,190,25,20,97,103,16,35,25,90,85,44,24,8,74,39,47,70,51,36,SF,70,51,19
3164e4d1-7120-4ff5-955c-9c8f2fc07b46,69a6fcb68d2c56aa82e48aa9,SO,76,219,37,36,17,33,57,61,28,29,9,7,11,24,15,37,32,24,31,27,PG,37,32,5
33d04683-f7da-4dd3-a7f0-d8a6d2553661,69a6fcb68d2c56aa82e48aa9,SR,74,208,99,98,56,66,71,30,39,89,102,26,37,50,4,53,84,84,59,42,SG,84,84,0
45fbb4f8-b9cc-48d5-83fb-693803de08cb,69a6fcb68d2c56aa82e48aa9,SO,78,237,76,12,49,34,10,12,54,85,13,24,27,9,49,18,25,43,59,70,C,70,59,11
49a1de59-0a1d-428d-ab39-7b80a8e3dd14,69a6fcb68d2c56aa82e48aa9,JR,65,150,40,33,26,33,52,60,34,19,18,36,47,43,18,46,34,27,27,18,PG,46,34,12
4a504905-1023-4af4-8274-bd7c7af9f800,69a6fcb68d2c56aa82e48aa9,FR,70,166,34,11,44,29,8,48,38,36,17,17,13,50,77,26,20,28,32,23,PF,32,28,4
4ca26504-9f58-478e-bcfa-bb6d78237075,69a6fcb68d2c56aa82e48aa9,JR,81,248,88,36,66,45,15,39,52,89,27,18,6,15,74,25,39,54,62,84,C,84,62,22
5e5d1e12-386f-4421-ba3b-b7e0c91693fc,69a6fcb68d2c56aa82e48aa9,SR,71,187,52,7,68,6,3,32,41,93,22,27,4,29,7,16,14,44,50,38,PF,50,44,6
7fc152e3-512f-42d7-b07d-f327e08866cb,69a6fcb68d2c56aa82e48aa9,SR,72,193,15,57,14,46,40,25,59,11,37,42,32,41,33,35,45,29,32,15,SG,45,35,10
8a4e2170-0b69-494b-945a-8613e2c82c00,69a6fcb68d2c56aa82e48aa9,JR,69,168,20,54,92,53,39,61,102,103,43,26,10,57,44,42,46,62,77,48,PF,77,62,15
b51ca46a-809f-4f5e-a743-87dbf5a2e572,69a6fcb68d2c56aa82e48aa9,FR,71,177,28,28,28,30,10,2,13,5,15,25,22,14,85,14,25,18,14,11,SG,25,18,7
bb4e5997-647c-457f-97de-ec87918891f5,69a6fcb68d2c56aa82e48aa9,JR,70,188,20,25,28,20,17,18,23,26,20,25,27,13,4,21,22,23,22,15,SF,23,22,1
bd0b5552-40ee-496e-83d8-4f3a9da22ff4,69a6fcb68d2c56aa82e48aa9,SO,69,158,1,6,2,1,14,1,20,32,28,13,20,23,80,12,8,18,17,8,SF,18,17,1
c57fc7d4-a407-4277-93e7-0f4eb39f0f62,69a6fcb68d2c56aa82e48aa9,SR,85,281,76,5,52,15,6,13,55,89,28,14,8,1,51,11,17,44,59,81,C,81,59,22
d7ccb601-1fd9-4cc0-881a-69854d8ab0a4,69a6fcb68d2c56aa82e48aa9,SR,73,207,52,48,14,15,93,85,28,17,24,2,4,19,22,48,36,24,23,17,PG,48,36,12
1692d30f-8a85-4496-b5aa-7cd649c77ab0,69a6fcb68d2c56aa82e48aaa,JR,82,254,27,10,28,7,6,52,24,56,10,23,20,26,19,25,12,26,37,60,C,60,37,23
1ed4c757-3578-41d7-ad54-bd4c62cc2746,69a6fcb68d2c56aa82e48aaa,SO,66,181,26,39,15,40,7,34,6,34,23,25,18,1,43,24,32,27,17,12,SG,32,27,5
2a5eb2f8-2b4e-42d1-a40a-5858060e495d,69a6fcb68d2c56aa82e48aaa,SR,73,211,17,30,103,52,38,48,89,92,13,53,29,11,60,36,32,48,72,45,PF,72,48,24
323e4e13-7045-4ef8-956f-78158bd4a5b8,69a6fcb68d2c56aa82e48aaa,SO,71,176,25,7,41,13,14,17,30,3,14,27,6,24,56,13,12,14,19,15,PF,19,15,4
50e8ef54-e81a-444c-b034-91d228a1d705,69a6fcb68d2c56aa82e48aaa,SR,73,186,61,40,75,97,75,69,60,95,90,73,83,92,35,78,68,82,69,44,SF,82,78,4
5da753b0-4aef-4498-be25-ce9f810de69b,69a6fcb68d2c56aa82e48aaa,JR,73,205,69,52,3,70,23,32,26,52,52,30,11,34,23,32,54,48,32,22,SG,54,48,6
6bfc783f-ee7e-48be-9a99-3585680e285e,69a6fcb68d2c56aa82e48aaa,JR,68,155,60,45,27,40,32,10,89,71,58,35,22,37,94,27,44,52,57,37,PF,57,52,5
703f55bc-a80e-402f-9cc0-f2dbe2384fee,69a6fcb68d2c56aa82e48aaa,JR,75,211,9,72,36,28,19,33,19,81,40,4,59,38,13,40,46,50,43,22,SF,50,46,4
8d2b7cb8-7157-44f6-8efe-8c1492142271,69a6fcb68d2c56aa82e48aaa,SR,72,188,16,63,48,12,38,10,64,98,94,95,34,44,7,33,45,66,61,34,SF,66,61,5
a4587bfc-395f-45e7-80f0-1dc73efefe3f,69a6fcb68d2c56aa82e48aaa,FR,74,208,59,75,80,81,70,78,61,77,81,62,54,90,45,72,75,76,66,42,SF,76,75,1
acd33c1d-19af-4606-8487-14ac7f506c39,69a6fcb68d2c56aa82e48aaa,SO,83,257,77,95,95,64,73,56,48,101,87,70,53,57,82,64,80,86,76,88,C,88,86,2
da1abcf1-74be-4366-9e8a-aad244dc2d1e,69a6fcb68d2c56aa82e48aaa,FR,71,156,10,7,23,6,18,8,22,14,4,31,18,6,6,11,8,10,16,10,PF,16,11,5
e57c2b0d-78b3-4c67-83ae-fad0a7e23e20,69a6fcb68d2c56aa82e48aaa,JR,70,166,29,34,11,73,104,98,35,17,7,8,72,10,35,73,45,25,24,14,PG,73,45,28
f69ef899-42e0-4044-94ed-ffa83e9a1d35,69a6fcb68d2c56aa82e48aaa,SR,71,177,27,26,43,98,27,35,33,19,103,12,4,34,37,39,51,52,26,18,SF,52,51,1
fc5be6c6-8910-4625-9432-dcfe043384d6,69a6fcb68d2c56aa82e48aaa,SR,77,220,81,12,61,21,13,29,64,94,12,32,22,8,18,20,22,46,66,65,PF,66,65,1
0d95200e-bcc2-4703-b40f-12bd5165ac58,69a6fcb68d2c56aa82e48aab,SO,72,165,33,16,22,34,14,15,29,22,5,6,36,42,38,22,23,21,26,16,PF,26,23,3
15726d94-f555-4142-9d47-e31b7b89f58f,69a6fcb68d2c56aa82e48aab,FR,69,156,26,31,26,19,18,7,17,28,7,25,9,11,83,12,22,20,20,15,SG,22,20,2
198150a2-92d5-43c4-9351-9a510e2f49c3,69a6fcb68d2c56aa82e48aab,FR,80,240,15,29,23,23,11,17,31,17,24,18,12,19,66,17,23,21,28,53,C,53,28,25
2e6ac1e6-76d5-404c-8b37-607d94bb9321,69a6fcb68d2c56aa82e48aab,SR,69,169,32,17,37,31,24,22,37,17,14,12,32,13,73,24,23,22,26,18,PF,26,24,2
36950d6e-b893-4c5e-9d27-381a449a560c,69a6fcb68d2c56aa82e48aab,SR,71,193,82,79,38,88,91,104,19,60,30,49,81,60,17,84,76,58,42,30,PG,84,76,8
6097027e-c7c9-4130-94c1-07930c46fdbe,69a6fcb68d2c56aa82e48aab,SR,71,178,63,18,39,17,46,35,47,61,33,21,28,50,98,33,27,41,43,32,PF,43,41,2
7e2b653f-803d-4f7d-9386-6acfeb60f9c6,69a6fcb68d2c56aa82e48aab,SR,69,165,82,59,60,64,5,24,85,92,19,39,39,37,88,31,54,58,68,48,PF,68,58,10
8cd9782b-0518-4748-bc8d-e71587c16ccc,69a6fcb68d2c56aa82e48aab,FR,71,176,59,6,92,5,9,9,47,101,34,30,42,14,93,19,16,53,59,45,PF,59,53,6
98b11e2e-e687-41c9-ae9e-84f091fa8c54,69a6fcb68d2c56aa82e48aab,JR,71,189,38,42,37,13,12,35,18,37,21,31,28,18,14,26,29,30,26,20,SF,30,29,1
ba7ff007-c4d8-4f1b-867e-36ae0873d55d,69a6fcb68d2c56aa82e48aab,SO,75,210,43,41,51,13,24,23,41,43,19,10,13,44,70,21,30,33,40,27,PF,40,33,7
dd4e1af8-afc0-40a8-aa70-6264928c8345,69a6fcb68d2c56aa82e48aab,FR,71,177,21,13,27,19,20,28,23,17,31,20,11,29,39,21,18,22,19,13,SF,22,21,1
f2f7f8ee-a04a-4591-8c43-607059306787,69a6fcb68d2c56aa82e48aab,SR,66,167,17,14,28,90,18,23,36,13,103,11,18,42,22,36,44,47,23,14,SF,47,44,3
f4999ce9-a5b4-4af2-aaea-7cd7a00fabdf,69a6fcb68d2c56aa82e48aab,SO,67,158,35,62,73,71,61,63,74,47,65,49,61,65,29,63,62,58,56,34,PG,63,62,1
f4da7285-0daf-4ed2-89dc-36a134b58eb6,69a6fcb68d2c56aa82e48aab,SR,72,195,102,16,33,40,43,16,36,39,88,15,15,43,32,31,40,54,37,32,SF,54,40,14
ffd7daf5-f027-4765-9b76-d1ee228f65b8,69a6fcb68d2c56aa82e48aab,JR,72,198,44,91,54,102,32,24,49,29,32,24,16,18,58,35,73,46,41,26,SG,73,46,27
23de9d72-2914-48f5-9324-243eb8ad2e02,69a6fcb68d2c56aa82e48aac,SR,66,160,20,18,25,26,23,13,18,25,24,17,29,11,47,21,21,23,19,13,SF,23,21,2
2732068e-b341-4833-bccc-60ccd2b44b36,69a6fcb68d2c56aa82e48aac,SR,77,219,69,74,89,41,15,65,66,90,20,52,57,31,98,47,54,59,75,67,PF,75,67,8
481c59a1-55d5-4e75-aec5-7c55132d143a,69a6fcb68d2c56aa82e48aac,SR,76,193,45,37,12,3,31,47,59,60,50,25,17,29,67,32,29,40,48,36,PF,48,40,8
56571987-0ce5-4703-beb9-982681817f0a,69a6fcb68d2c56aa82e48aac,JR,82,247,58,34,98,61,65,22,20,103,61,58,26,17,19,38,46,68,61,82,C,82,68,14
66a97255-af6b-4064-8529-5f07b6731f3b,69a6fcb68d2c56aa82e48aac,SR,69,174,15,10,7,12,10,4,10,14,8,13,12,8,60,9,11,11,10,7,SG,11,11,0
69409bf0-6c37-49fb-a120-c152bcfdb3a0,69a6fcb68d2c56aa82e48aac,SO,77,229,49,26,91,30,13,19,54,75,27,29,20,15,85,20,28,47,62,60,PF,62,60,2
868bce64-24b5-4cc2-ad71-f7fd2c880c4c,69a6fcb68d2c56aa82e48aac,SR,68,176,15,3,16,24,31,60,5,52,18,23,40,21,2,38,15,26,21,13,PG,38,26,12
97b6f113-ecb8-483b-873c-dfb2ad8166a1,69a6fcb68d2c56aa82e48aac,FR,69,163,19,28,19,27,28,31,18,30,17,6,11,32,18,24,25,23,20,13,SG,25,24,1
9e274abe-09cf-48e8-bbd3-f46310a434be,69a6fcb68d2c56aa82e48aac,SR,79,241,20,28,18,19,23,28,33,10,26,28,23,21,52,25,24,20,27,52,C,52,27,25
a6138f67-b2d5-4c85-8e65-67174ee747eb,69a6fcb68d2c56aa82e48aac,SR,72,194,3,31,76,10,18,31,10,92,24,42,44,29,95,29,22,45,45,27,SF,45,45,0
b2f6d95d-7f30-433e-8216-2a3f2f66d8c3,69a6fcb68d2c56aa82e48aac,SO,78,233,48,8,55,5,6,20,38,57,21,16,47,28,18,23,15,35,48,60,C,60,48,12
bf413a31-95fa-4789-86d3-dc2993e23bd6,69a6fcb68d2c56aa82e48aac,SR,68,167,30,13,19,23,23,19,37,24,20,15,16,19,88,19,19,21,24,16,PF,24,21,3
c1b3df4b-617b-4090-8db6-f6cfd2af882f,69a6fcb68d2c56aa82e48aac,JR,79,250,96,47,98,5,16,10,95,90,48,41,24,21,7,20,38,61,83,97,C,97,83,14
dc60797e-bfd9-4532-a11a-34f6b3dbf738,69a6fcb68d2c56aa82e48aac,SO,73,209,22,95,51,97,15,45,29,47,44,49,39,45,89,47,74,53,41,22,SG,74,53,21
e546f549-90a8-443b-bd0b-79e9fa4c3d9f,69a6fcb68d2c56aa82e48aac,FR,72,184,26,26,20,22,15,20,31,14,27,27,17,27,14,20,24,22,23,14,SG,24,23,1
0aacb890-2e5d-4725-a687-5a7380c4343b,69a6fcb68d2c56aa82e48aad,JR,73,208,18,56,41,30,58,69,99,99,72,49,14,40,99,48,44,60,70,39,PF,70,60,10
2a901fbd-0d4d-46c5-b471-e3b1998ec184,69a6fcb68d2c56aa82e48aad,JR,73,203,49,29,76,12,17,7,50,79,6,3,4,23,92,10,22,39,54,38,PF,54,39,15
32b2dd5c-a4ba-45fb-812e-16a08bb24288,69a6fcb68d2c56aa82e48aad,JR,85,284,13,3,98,17,25,13,31,98,14,17,26,34,40,19,12,44,60,76,C,76,60,16
4bbbd1aa-b95d-4dcb-a759-67437e1dd250,69a6fcb68d2c56aa82e48aad,FR,68,161,23,12,30,8,27,28,18,29,23,5,9,8,16,19,14,21,20,15,SF,21,20,1
58cc47fd-322d-43fe-bf67-2824a1113040,69a6fcb68d2c56aa82e48aad,SO,72,197,84,40,58,22,21,35,57,94,18,10,40,49,51,32,37,53,62,44,PF,62,53,9
7bab040c-9ebb-4d3d-8b7f-aca8222b6bad,69a6fcb68d2c56aa82e48aad,SR,73,209,13,14,14,13,14,25,36,19,23,88,89,31,67,38,19,22,28,12,PG,38,28,10
8312fccb-a9e4-4d22-8c69-42c76edf1931,69a6fcb68d2c56aa82e48aad,FR,83,261,2,2,6,2,24,38,2,2,3,3,2,4,49,16,3,3,10,42,C,42,16,26
98536139-beea-4c11-9862-c01d40e37d2a,69a6fcb68d2c56aa82e48aad,SR,73,202,57,101,28,91,35,26,20,58,60,35,18,38,21,40,79,60,38,24,SG,79,60,19
a2123ed5-6df2-470d-a23a-e28530d23148,69a6fcb68d2c56aa82e48aad,SO,69,173,37,8,48,39,29,23,41,43,40,24,9,23,62,23,24,36,34,25,SF,36,34,2
adab6f6d-d518-4f15-a699-219f5b727e40,69a6fcb68d2c56aa82e48aad,FR,70,190,91,102,44,19,57,24,47,93,97,36,34,41,19,43,71,77,57,41,SF,77,71,6
b3a58a5d-f7b4-49d1-8885-d651003748d4,69a6fcb68d2c56aa82e48aad,SR,71,175,20,57,29,38,18,33,42,3,23,8,45,57,44,36,43,26,27,14,SG,43,36,7
c0807950-6e41-4aca-be80-e52d279dd927,69a6fcb68d2c56aa82e48aad,JR,73,200,1,1,1,40,2,32,1,1,1,1,1,1,2,14,11,5,3,1,PG,14,11,3
c29e2df6-2ea5-405d-b47a-bf987ba454ff,69a6fcb68d2c56aa82e48aad,SR,69,165,47,10,89,41,15,9,41,97,48,45,12,41,84,19,27,58,55,41,SF,58,55,3
d494c0c8-084a-41c3-a257-a2c28f98addf,69a6fcb68d2c56aa82e48aad,FR,68,173,17,20,32,16,32,2,14,12,11,3,12,32,82,14,19,16,16,11,SG,19,16,3
e55d26b0-091e-4ed3-8c2b-ded844919564,69a6fcb68d2c56aa82e48aad,JR,80,241,24,95,65,74,54,87,45,90,24,39,50,53,49,64,69,59,64,74,C,74,69,5
06701f59-9408-4946-a66b-64c303530405,69a6fcb68d2c56aa82e48aae,FR,66,164,23,24,21,16,2,15,18,10,19,31,29,26,53,18,21,18,16,11,SG,21,18,3
0a431889-ee91-4f71-9a48-2c6173a61a4b,69a6fcb68d2c56aa82e48aae,JR,74,204,17,12,13,14,15,16,49,10,34,7,14,18,50,17,16,18,25,13,PF,25,18,7
0a8bb0e5-a065-4ada-b60e-a51fd97a8ee3,69a6fcb68d2c56aa82e48aae,SR,65,151,32,45,40,45,54,63,39,9,39,31,48,22,27,51,43,32,27,18,PG,51,43,8
0ad46fa4-f5fb-402c-8884-ba201384158f,69a6fcb68d2c56aa82e48aae,SO,68,167,7,4,24,6,9,7,33,7,2,7,6,4,68,6,5,7,16,11,PF,16,11,5
27874a90-f0cd-4283-a681-af5e613ebbef,69a6fcb68d2c56aa82e48aae,JR,69,162,15,29,12,19,22,28,23,18,30,34,21,24,9,24,24,22,18,10,PG,24,24,0
4cc28a19-b372-4d4c-b106-313f4fe28c0b,69a6fcb68d2c56aa82e48aae,FR,71,161,19,26,13,19,7,27,16,3,24,21,21,12,9,21,21,16,11,8,PG,21,21,0
58b282ad-bc4e-45a3-9842-c09f9e8c0c1c,69a6fcb68d2c56aa82e48aae,SR,71,182,71,27,49,6,19,6,34,70,9,21,19,20,16,13,23,37,42,34,PF,42,37,5
595bbdc8-7164-4852-8160-647f89198311,69a6fcb68d2c56aa82e48aae,JR,80,238,48,7,87,22,41,7,50,87,11,13,34,27,85,22,19,44,63,81,C,81,63,18
72cbf888-4cad-4bc9-af0e-ba35af92bbbd,69a6fcb68d2c56aa82e48aae,SR,75,215,8,26,47,23,66,29,41,69,11,9,22,31,5,30,24,33,43,25,PF,43,33,10
a00a940a-1f2b-4c9c-8242-69ead85242b0,69a6fcb68d2c56aa82e48aae,FR,67,169,29,3,21,30,22,32,10,21,23,7,21,19,20,25,17,21,15,12,PG,25,21,4
a04f1586-6fce-4650-b161-fc590e3895f1,69a6fcb68d2c56aa82e48aae,FR,68,166,29,28,10,42,51,57,21,8,28,25,39,5,75,43,32,22,15,10,PG,43,32,11
a8599614-9fbb-459e-9aa6-b74d79e05c68,69a6fcb68d2c56aa82e48aae,JR,70,176,15,10,37,37,43,50,36,22,36,81,89,30,31,53,26,30,29,16,PG,53,30,23
a9565dde-36fd-4b0f-90f8-0b5dcbbdd237,69a6fcb68d2c56aa82e48aae,SR,81,239,59,18,77,42,24,39,67,76,37,14,26,34,58,32,31,51,65,82,C,82,65,17
cbfcff24-b6f5-421c-950a-94ba1d978435,69a6fcb68d2c56aa82e48aae,SR,75,217,61,11,40,27,16,22,43,53,22,12,24,13,73,21,22,35,40,30,PF,40,35,5
e3f50c8d-3ba6-4964-b174-bfe8344b676a,69a6fcb68d2c56aa82e48aae,SR,77,225,14,11,16,24,16,25,23,26,28,31,24,24,3,23,18,22,27,32,C,32,27,5
00d41767-49ae-4a9d-945b-8232af778623,69a6fcb68d2c56aa82e48aaf,SO,72,171,13,30,13,26,26,6,18,21,27,21,35,7,19,22,26,22,19,10,SG,26,22,4
0b533116-ad1e-4eca-8b83-f4fc08e9ce4a,69a6fcb68d2c56aa82e48aaf,SO,74,205,74,96,43,41,103,92,31,32,21,5,17,41,53,60,66,42,38,27,SG,66,60,6
0ce3a3cd-6c2f-43e4-8d68-40c6492fdd28,69a6fcb68d2c56aa82e48aaf,JR,73,207,42,45,37,21,25,18,93,93,46,22,47,48,75,32,38,54,68,40,PF,68,54,14
1056ceec-7ebf-4dff-823f-c6abe34275fe,69a6fcb68d2c56aa82e48aaf,SO,70,189,26,92,27,54,24,21,31,21,1,24,26,17,69,27,56,28,27,16,SG,56,28,28
62c1ef9e-4ee7-45c7-8c5a-e887998e3253,69a6fcb68d2c56aa82e48aaf,SR,70,186,56,5,44,8,13,37,48,63,18,26,41,9,95,27,15,34,42,32,PF,42,34,8
67214725-0b7f-4954-91bf-f11a0297849f,69a6fcb68d2c56aa82e48aaf,SR,74,199,101,92,7,27,28,18,52,84,88,40,47,48,61,40,69,70,55,37,SF,70,69,1
6ac6fd03-51eb-4ab8-bc26-58436dbd9c59,69a6fcb68d2c56aa82e48aaf,JR,73,202,53,69,45,7,96,97,47,44,43,40,9,2,73,54,44,40,41,28,PG,54,44,10
b31f3745-da53-459a-a569-544c01e93edd,69a6fcb68d2c56aa82e48aaf,FR,69,171,15,33,22,16,24,14,93,90,17,23,18,17,65,18,23,37,58,33,PF,58,37,21
bfd1461f-3c01-4c95-84bc-83a14aed8c2c,69a6fcb68d2c56aa82e48aaf,JR,71,190,48,31,13,3,14,37,34,23,7,47,14,32,46,21,22,19,24,18,PF,24,22,2
ca15aac8-915f-4655-b229-5c0647cbfae9,69a6fcb68d2c56aa82e48aaf,JR,75,218,29,35,48,1,60,9,59,70,42,25,32,6,16,26,26,41,50,31,PF,50,41,9
d78cbf59-b62a-489b-a90c-e7a7335c6e67,69a6fcb68d2c56aa82e48aaf,SR,70,170,60,75,76,51,47,39,64,43,57,57,59,73,11,52,63,58,55,36,SG,63,58,5
e626268d-0724-45f2-b06b-4784a108f001,69a6fcb68d2c56aa82e48aaf,SR,64,151,65,43,56,24,78,22,73,95,104,101,76,30,75,54,49,74,65,43,SF,74,65,9
eb058f6a-dce3-4505-951e-6f489d593483,69a6fcb68d2c56aa82e48aaf,FR,75,218,36,36,32,77,82,75,65,88,14,51,47,41,68,59,47,48,57,33,PG,59,57,2
f7415fd3-06c6-4a8c-9203-dbcac0fac6e8,69a6fcb68d2c56aa82e48aaf,SO,72,169,1,5,22,22,7,40,4,13,17,24,27,41,24,26,13,16,14,6,PG,26,16,10
fadebfcf-c59d-4b23-b678-ee356cdc4295,69a6fcb68d2c56aa82e48aaf,JR,69,168,35,101,81,95,7,62,27,18,61,56,27,44,92,49,78,55,35,24,SG,78,55,23
106618db-5578-416c-8b20-972bcc43783b,69a6fcb68d2c56aa82e48ab0,SR,71,181,77,69,24,16,96,102,15,51,44,39,47,52,16,69,53,47,33,25,PG,69,53,16
40808a35-e1b5-4a6f-8cdd-e7376baf19ae,69a6fcb68d2c56aa82e48ab0,JR,78,230,23,20,18,102,42,35,26,37,97,28,35,18,33,47,50,52,32,46,SF,52,50,2
4462ceaf-48cd-4f4c-af44-02d75a36d92f,69a6fcb68d2c56aa82e48ab0,SR,73,202,43,29,70,6,29,34,52,64,20,29,27,8,2,26,23,38,50,34,PF,50,38,12
606865d9-f5d5-4348-b1a2-1f4f020bdcf1,69a6fcb68d2c56aa82e48ab0,FR,73,183,11,26,13,22,26,36,27,33,18,41,33,36,16,30,24,23,26,13,PG,30,26,4
639037de-940e-40b9-852f-f5558ed3cf51,69a6fcb68d2c56aa82e48ab0,JR,81,245,81,29,96,8,30,7,66,102,9,11,9,42,48,14,27,52,75,92,C,92,75,17
99296f4c-3569-4ca7-8ee4-63f37bbed4d8,69a6fcb68d2c56aa82e48ab0,FR,70,175,69,93,19,90,50,68,63,12,39,66,35,26,54,55,76,43,36,24,SG,76,55,21
a11665e6-2f46-4258-abfd-05608111d174,69a6fcb68d2c56aa82e48ab0,JR,77,231,28,46,96,27,42,54,27,88,34,45,36,27,99,41,37,53,59,56,PF,59,56,3
b127bb19-5653-4376-a132-787d45a9d70f,69a6fcb68d2c56aa82e48ab0,JR,68,168,25,7,29,40,70,63,11,12,8,12,39,21,72,45,23,18,15,12,PG,45,23,22
b9e28573-a202-4337-92a3-a3f23d43aaf8,69a6fcb68d2c56aa82e48ab0,FR,70,179,7,9,5,6,24,18,16,14,7,13,13,18,26,15,9,10,11,6,PG,15,11,4
d03bf27f-3407-4d5a-8f7c-8b76bf91b699,69a6fcb68d2c56aa82e48ab0,JR,74,209,5,13,10,94,34,25,29,10,72,33,15,14,82,34,40,34,18,8,SG,40,34,6
d8dd02b4-d602-4d89-bc98-8490b6226e9b,69a6fcb68d2c56aa82e48ab0,FR,77,231,66,28,54,102,99,97,17,8,10,31,101,59,93,85,57,38,35,42,PG,85,57,28
e72886d9-a6f0-47b7-8407-767afaa85754,69a6fcb68d2c56aa82e48ab0,SO,73,195,38,4,8,8,7,7,41,3,7,9,10,5,72,8,9,9,20,14,PF,20,14,6
eb1067f9-643c-4306-a2be-a3c149681251,69a6fcb68d2c56aa82e48ab0,SR,69,167,16,95,14,102,46,41,23,37,19,12,24,34,87,44,72,40,27,14,SG,72,44,28
fe8f79c3-ee26-4eee-9621-157c83c39054,69a6fcb68d2c56aa82e48ab0,SR,76,184,7,45,59,57,56,35,12,22,6,2,42,22,73,39,40,27,31,25,SG,40,39,1
ffcc4ca6-6f0c-4c9b-b21d-2d70cee921e8,69a6fcb68d2c56aa82e48ab0,SO,69,168,32,11,8,8,4,16,13,36,34,11,1,11,78,11,14,24,17,13,SF,24,17,7
18a3a128-c34f-45bb-aebf-90d226094004,69a6fcb68d2c56aa82e48ab1,FR,75,211,39,41,67,35,18,6,49,72,28,24,23,24,43,20,35,46,52,34,PF,52,46,6
3b3264a9-7be9-458e-91f1-557d5763703f,69a6fcb68d2c56aa82e48ab1,SR,78,227,4,36,88,25,11,49,6,90,40,49,28,12,41,32,28,50,49,58,C,58,50,8
5d333d11-f92c-4476-8803-bbf496f25db4,69a6fcb68d2c56aa82e48ab1,FR,72,163,16,31,17,26,9,31,15,1,22,18,25,27,16,25,26,17,15,7,SG,26,25,1
6dc60b73-e7b2-4bfb-b60b-6e047fe4a6df,69a6fcb68d2c56aa82e48ab1,SR,77,223,27,103,53,42,55,17,46,99,28,48,48,23,62,39,64,58,64,54,SG,64,64,0
6ea8e22e-3926-408d-adfc-baa28b54f467,69a6fcb68d2c56aa82e48ab1,SR,66,147,55,99,42,96,43,28,41,22,13,37,8,47,7,35,75,41,35,24,SG,75,41,34
7ed10d4a-9416-4bcc-8eb6-476c3d17bc06,69a6fcb68d2c56aa82e48ab1,SO,74,214,69,19,74,45,54,53,44,97,97,88,45,71,84,54,44,75,61,43,SF,75,61,14
8e1d86d7-d8ff-4e78-b241-73777861fb17,69a6fcb68d2c56aa82e48ab1,SR,74,195,66,53,68,68,60,62,31,28,10,97,94,8,25,62,54,40,40,29,PG,62,54,8
9aad2411-ea73-4b42-bcd2-195e164669d0,69a6fcb68d2c56aa82e48ab1,SR,71,199,41,16,97,11,5,5,62,81,34,7,18,27,98,13,19,48,58,42,PF,58,48,10
9bc2ccf7-f384-4350-a79f-654b62554e32,69a6fcb68d2c56aa82e48ab1,JR,69,170,28,14,28,21,12,23,26,22,26,17,23,28,73,21,19,24,22,16,SF,24,22,2
a043aa9d-945d-4dbc-be7f-03150c6dc047,69a6fcb68d2c56aa82e48ab1,FR,72,174,11,8,7,7,27,14,31,11,18,28,29,26,45,20,12,13,19,9,PG,20,19,1
bbfddbf1-8cca-4198-91f4-10c5c0a9365d,69a6fcb68d2c56aa82e48ab1,SO,74,210,96,103,57,49,30,74,67,91,95,73,43,68,8,60,80,83,69,47,SF,83,80,3
c5e861b8-e766-46cf-93d4-f28151ba8668,69a6fcb68d2c56aa82e48ab1,SO,72,195,42,31,70,18,34,11,52,56,30,15,2,6,47,16,26,38,47,33,PF,47,38,9
da60618f-467c-4e09-bafa-a07cb5c97449,69a6fcb68d2c56aa82e48ab1,SR,73,198,34,19,4,13,59,19,37,61,18,8,4,27,36,21,21,28,34,20,PF,34,28,6
dc6277bd-f48c-4453-a2c7-a2f7ddffcac7,69a6fcb68d2c56aa82e48ab1,SR,77,226,36,20,42,19,35,15,38,44,40,31,28,13,57,24,24,35,41,44,C,44,41,3
e1ad5949-9cbb-4464-8eb0-0bdb1d2b1e69,69a6fcb68d2c56aa82e48ab1,SO,70,179,3,20,8,59,85,93,16,42,12,39,68,32,77,67,34,28,23,10,PG,67,34,33
17367bfd-dd2b-43fd-bd59-9b103e6c4afe,69a6fcb68d2c56aa82e48ab2,JR,76,225,40,47,88,74,89,44,103,97,12,46,65,64,59,57,53,59,87,59,PF,87,59,28
3f0a5134-99fc-428d-b3dc-b82cfb8c5615,69a6fcb68d2c56aa82e48ab2,JR,76,238,70,63,43,67,56,53,58,64,75,48,64,43,2,60,65,64,59,45,SG,65,64,1
59794f77-5e99-493a-9335-cc5a738dc3f1,69a6fcb68d2c56aa82e48ab2,SR,75,206,13,45,9,65,92,95,18,30,54,29,70,31,96,76,51,39,25,10,PG,76,51,25
5fe846f1-5b35-4bf8-aabb-7888046547c4,69a6fcb68d2c56aa82e48ab2,FR,70,168,26,25,16,29,24,9,11,2,22,30,31,17,16,21,26,18,11,8,SG,26,21,5
629a49b3-d0c8-4be6-bfae-ac29ef02c21b,69a6fcb68d2c56aa82e48ab2,SO,68,163,32,9,36,20,21,32,39,15,11,37,37,16,54,26,17,19,26,18,PG,26,26,0
81b97b5b-f664-4fa8-8b2a-f2a27a01d486,69a6fcb68d2c56aa82e48ab2,FR,72,155,29,25,31,27,12,31,2,5,10,30,12,18,18,20,23,16,13,10,SG,23,20,3
9cc00814-a9b3-40b2-8525-70666c519380,69a6fcb68d2c56aa82e48ab2,SR,78,227,47,63,55,66,71,61,59,71,63,51,58,48,13,62,62,62,62,65,C,65,62,3
a925c3e6-3465-4ba9-9748-21410678b5c6,69a6fcb68d2c56aa82e48ab2,FR,75,205,42,15,60,36,6,35,42,59,43,13,11,34,53,24,26,43,44,30,PF,44,43,1
b00fd236-4bc1-44f2-afc4-f3c7e28fa316,69a6fcb68d2c56aa82e48ab2,SR,76,225,72,32,60,43,22,49,61,94,23,11,44,41,38,39,38,54,68,53,PF,68,54,14
d0cb40b6-7af1-46f4-87e2-22a5e4bb21d4,69a6fcb68d2c56aa82e48ab2,SO,75,223,90,19,14,82,10,21,16,44,73,23,25,6,29,31,46,51,27,25,SF,51,46,5
d3d89f8b-7f2e-426a-8081-8a1850da7569,69a6fcb68d2c56aa82e48ab2,SR,70,168,41,38,25,27,3,14,56,14,11,76,81,36,68,32,33,25,34,20,PF,34,33,1
dee8eba8-0d22-490b-9f1f-b4965333e30e,69a6fcb68d2c56aa82e48ab2,SR,68,174,11,11,14,15,14,40,14,16,15,19,17,40,73,24,14,16,14,8,PG,24,16,8
df02d9ac-a1bf-4b13-986d-4ae669992323,69a6fcb68d2c56aa82e48ab2,JR,75,219,20,35,38,29,26,21,25,16,36,36,33,13,29,27,30,28,25,15,SG,30,28,2
df1982d9-0afb-47f6-a593-5a7a1de30ce6,69a6fcb68d2c56aa82e48ab2,JR,71,183,39,99,26,39,12,32,36,15,97,9,14,25,43,35,66,50,27,17,SG,66,50,16
f0a59c6e-5169-438a-8338-a7acc74b5442,69a6fcb68d2c56aa82e48ab2,SR,68,144,15,12,20,20,24,16,19,15,19,23,28,17,84,21,17,17,16,10,PG,21,17,4
143f7faa-4072-4e9c-9a54-481ff68b90bb,69a6fcb68d2c56aa82e48ab3,SO,74,203,14,30,9,11,14,13,10,53,14,10,11,12,71,13,19,24,23,13,SF,24,23,1
2d024577-a460-435e-8489-2e74888876b5,69a6fcb68d2c56aa82e48ab3,SO,76,214,18,97,26,23,29,28,63,98,35,19,36,30,71,34,55,53,64,41,PF,64,55,9
2fcbd076-3b85-47cc-be56-57f0dd22ebb9,69a6fcb68d2c56aa82e48ab3,SO,71,182,42,31,69,9,17,41,51,79,25,35,31,27,61,29,25,44,52,36,PF,52,44,8
5afb08d8-4fdc-47e9-8a98-cfe064a74e1d,69a6fcb68d2c56aa82e48ab3,FR,72,185,102,30,43,96,21,22,35,8,63,38,25,58,82,36,58,49,32,28,SG,58,49,9
5f50818b-0551-45e9-9f80-4421f590912e,69a6fcb68d2c56aa82e48ab3,FR,69,169,19,31,3,5,7,26,32,9,18,28,2,28,37,15,19,14,16,9,SG,19,16,3
7c442708-4c9f-4e5e-b498-96ed6a128957,69a6fcb68d2c56aa82e48ab3,FR,68,171,26,92,26,65,65,64,39,33,70,89,33,91,34,60,72,53,36,19,SG,72,60,12
8986b278-cbab-4339-89d1-383443224d78,69a6fcb68d2c56aa82e48ab3,JR,72,184,33,22,28,63,95,94,36,19,13,10,81,30,45,73,39,28,31,17,PG,73,39,34
8bc7eb3e-0818-46e5-9326-f53b7148fce5,69a6fcb68d2c56aa82e48ab3,SR,71,188,54,101,30,73,23,64,75,57,93,47,40,47,79,57,79,68,53,32,SG,79,68,11
9237179b-53b4-46c1-9bb0-855a1a478db1,69a6fcb68d2c56aa82e48ab3,SO,69,158,10,12,26,9,5,26,29,34,6,31,1,11,28,11,10,16,23,15,PF,23,16,7
a1bbc181-8ae6-4a45-be9d-c6c434a38147,69a6fcb68d2c56aa82e48ab3,SR,69,168,5,3,8,4,4,6,4,10,6,5,9,6,36,6,4,7,6,4,SF,7,6,1
a9920814-c92f-4a40-93f3-4caa236b18ba,69a6fcb68d2c56aa82e48ab3,FR,71,167,4,9,12,12,16,1,28,2,19,23,22,26,23,13,12,11,14,7,PF,14,13,1
b2c2928a-4083-482a-92ad-000a3b1da644,69a6fcb68d2c56aa82e48ab3,SO,67,158,53,46,18,18,26,28,31,37,35,27,24,24,84,27,35,34,29,21,SG,35,34,1
d6c45ba6-fa74-4833-9dcc-baa26124d732,69a6fcb68d2c56aa82e48ab3,SR,78,230,47,89,20,42,42,26,28,12,99,16,48,11,65,45,66,50,32,46,SG,66,50,16
f0c71396-0cf7-4c9c-aecf-40aefb52bde8,69a6fcb68d2c56aa82e48ab3,SR,67,161,51,89,31,97,64,21,40,31,49,53,23,34,46,42,76,50,34,23,SG,76,50,26
fd4fac6b-4d0f-4842-8655-d9e34ca35db2,69a6fcb68d2c56aa82e48ab3,SR,65,150,13,92,34,90,8,5,17,4,35,15,6,20,67,22,66,34,18,10,SG,66,34,32
1e70fee8-89b8-40fd-a1fe-9665e28bafc1,69a6fcb68d2c56aa82e48ab4,SR,72,185,90,89,74,13,93,96,13,38,20,64,83,45,79,74,61,47,42,32,PG,74,61,13
2513c25a-de55-4507-a9cd-2360fdf2c833,69a6fcb68d2c56aa82e48ab4,SR,70,185,25,33,23,21,30,43,12,31,19,28,40,20,95,34,27,26,21,14,PG,34,27,7
3112dabd-4c5a-4fd6-91b2-3e05aad4672f,69a6fcb68d2c56aa82e48ab4,JR,71,188,15,24,20,16,30,24,18,17,20,19,28,31,32,25,22,20,18,10,PG,25,22,3
3ad25614-74ff-4562-a69a-5f89303cd99d,69a6fcb68d2c56aa82e48ab4,SR,70,178,8,7,8,8,10,44,6,22,9,13,12,44,55,22,10,14,12,7,PG,22,14,8
3e494812-86ba-4915-abb8-0d3de14f97fe,69a6fcb68d2c56aa82e48ab4,SR,71,194,44,94,26,12,9,43,7,92,23,26,30,57,91,33,52,51,40,25,SG,52,51,1
532a3ee8-0bc3-4956-8e5e-724085d2f9ae,69a6fcb68d2c56aa82e48ab4,SR,74,205,56,26,80,20,24,30,57,73,22,9,9,9,3,21,25,43,55,40,PF,55,43,12
55514874-6465-4b38-a11a-7e9578d8497e,69a6fcb68d2c56aa82e48ab4,FR,69,177,69,39,58,39,42,5,54,88,38,34,7,36,41,21,40,54,54,40,SF,54,54,0
63f9247c-de17-49d6-b820-0db433ac4e85,69a6fcb68d2c56aa82e48ab4,SR,80,244,27,21,20,16,19,17,26,17,20,26,11,13,51,16,19,19,26,53,C,53,26,27
6c78e095-59dd-4d69-b64b-d422a8f26d23,69a6fcb68d2c56aa82e48ab4,FR,72,174,5,16,30,16,5,12,2,8,11,29,29,10,13,16,14,13,13,7,PG,16,14,2
806d6d9d-c67d-401f-a2a8-77640f82d413,69a6fcb68d2c56aa82e48ab4,JR,78,229,85,104,61,22,68,61,31,76,96,37,25,23,31,53,71,73,57,68,SF,73,71,2
81208473-3ffd-41a2-b7e4-8e6bfa23ed31,69a6fcb68d2c56aa82e48ab4,SO,79,245,20,10,45,38,30,37,17,38,13,19,35,14,92,31,21,26,33,58,C,58,33,25
ba903538-a849-47ba-bf7a-7ef10bbfbb8f,69a6fcb68d2c56aa82e48ab4,SO,72,195,17,16,29,23,33,23,29,29,14,20,26,22,23,24,19,22,27,16,PF,27,24,3
e0095a6f-e75b-4c26-96b0-7a490b8a9680,69a6fcb68d2c56aa82e48ab4,SR,73,176,1,13,46,6,17,42,30,32,36,56,10,14,15,23,12,25,28,16,PF,28,25,3
f291f455-c87a-4caa-861e-54879e2c3df7,69a6fcb68d2c56aa82e48ab4,SR,70,171,17,99,39,104,23,13,14,11,6,31,31,9,79,32,71,32,21,12,SG,71,32,39
fcfdf61f-4682-484b-ac27-06439635d979,69a6fcb68d2c56aa82e48ab4,FR,68,179,24,5,2,17,26,3,13,9,7,1,10,13,39,11,12,10,9,7,SG,12,11,1
0c0c8824-efac-438d-9869-8365cac458ce,69a6fcb68d2c56aa82e48ab5,SO,67,164,18,21,17,15,18,21,26,24,21,11,18,14,10,19,19,20,20,13,SF,20,20,0
3b56da29-3030-411f-b411-384e2614dd29,69a6fcb68d2c56aa82e48ab5,SR,81,261,19,68,98,57,39,87,91,72,51,102,90,68,39,72,58,63,80,82,C,82,80,2
3f2f8738-c8ab-47cc-be3a-05006d24b377,69a6fcb68d2c56aa82e48ab5,JR,72,195,21,26,103,13,17,16,8,97,32,36,15,15,74,18,21,50,48,34,SF,50,48,2
51f6a88a-968a-4a8e-b379-44148691f9cf,69a6fcb68d2c56aa82e48ab5,FR,69,164,30,17,22,29,18,17,25,12,32,7,9,24,39,18,23,22,18,13,SG,23,22,1
5cbac182-f35b-4228-a9ac-7ed1c5f0d92b,69a6fcb68d2c56aa82e48ab5,SO,73,216,78,73,69,86,75,69,82,87,80,89,79,80,32,76,78,80,75,47,SF,80,78,2
81cfdefc-826d-48b1-a8ea-7f5859f7cf82,69a6fcb68d2c56aa82e48ab5,FR,77,228,54,39,65,47,51,47,66,39,58,62,70,50,30,54,47,51,57,54,PF,57,54,3
8c410734-c871-4a5e-904c-84a913f6cf9a,69a6fcb68d2c56aa82e48ab5,FR,66,158,23,1,8,17,12,16,13,28,18,17,4,24,54,12,11,18,15,11,SF,18,15,3
968431c6-ab64-4c21-a725-50ddf3b7928c,69a6fcb68d2c56aa82e48ab5,SO,70,167,6,38,42,39,9,8,12,5,22,12,12,17,52,16,30,21,15,10,SG,30,21,9
a6abcbe5-1d8b-449d-a324-fa1eb41ed13d,69a6fcb68d2c56aa82e48ab5,SR,82,245,92,42,68,28,7,36,81,95,5,45,10,32,76,21,36,50,75,90,C,90,75,15
ad6b3850-e0a7-4f0b-a172-7281e8eec958,69a6fcb68d2c56aa82e48ab5,FR,78,238,45,24,37,7,33,9,37,59,32,27,16,5,26,17,22,35,43,57,C,57,43,14
b06d5768-75ec-479b-a781-20906ba3b17c,69a6fcb68d2c56aa82e48ab5,JR,69,168,3,33,8,9,7,4,6,6,30,8,3,8,44,9,20,15,7,3,SG,20,15,5
b0d0c6ad-b6b6-406f-b4aa-c63f622e6ed6,69a6fcb68d2c56aa82e48ab5,FR,70,164,4,3,5,4,6,5,1,31,1,4,27,1,44,10,4,11,11,6,SF,11,11,0
b0f1fd05-78c7-4dd5-aaff-6f06f78257cb,69a6fcb68d2c56aa82e48ab5,SR,78,242,70,25,43,9,11,7,44,62,15,18,11,33,36,12,24,36,50,63,C,63,50,13
c956a54b-e267-44c6-a207-1642644b37ba,69a6fcb68d2c56aa82e48ab5,SO,70,168,77,30,25,83,15,26,10,25,70,3,41,25,44,38,52,49,22,21,SG,52,49,3
ef3175ad-af59-48ad-a510-2bc13df69941,69a6fcb68d2c56aa82e48ab5,SR,79,238,25,13,24,27,23,31,16,18,19,23,24,28,26,25,20,21,25,52,C,52,25,27
01c1703a-df54-4a79-a38f-ccc48a2419f2,69a6fcb68d2c56aa82e48ab6,SR,69,172,46,55,42,103,88,98,25,25,45,49,95,35,73,86,68,49,32,21,PG,86,68,18
08184290-940e-4c35-9615-f2fb73ebace4,69a6fcb68d2c56aa82e48ab6,SR,68,159,11,10,14,17,15,21,12,12,16,14,10,15,49,16,13,13,11,7,PG,16,13,3
10c74d2e-825f-439e-9de1-73173d1efb88,69a6fcb68d2c56aa82e48ab6,JR,67,156,73,78,40,11,31,12,37,53,56,20,13,35,38,24,51,50,40,30,SG,51,50,1
293300b7-1983-4e6a-b657-fdd88b4a8756,69a6fcb68d2c56aa82e48ab6,JR,71,188,2,90,14,3,35,37,2,17,99,54,33,45,86,42,52,44,15,5,SG,52,44,8
36dc50be-8648-4f21-b540-0ee7c3b022d2,69a6fcb68d2c56aa82e48ab6,JR,70,167,91,14,41,15,62,14,19,56,95,45,53,24,44,40,35,58,35,31,SF,58,40,18
41609a90-97b5-4477-8b64-f1d2e77c9ab7,69a6fcb68d2c56aa82e48ab6,SO,78,225,31,25,46,30,52,29,41,25,48,99,99,30,2,52,34,38,42,51,PG,52,51,1
427ae6ee-91b2-46ae-8540-d02ea644d2da,69a6fcb68d2c56aa82e48ab6,FR,68,159,31,23,9,11,11,28,28,23,30,32,3,9,33,16,19,21,19,14,SF,21,19,2
5f48faaf-d7b5-49f2-8e24-c537f6e5f00d,69a6fcb68d2c56aa82e48ab6,FR,68,162,17,22,26,15,27,26,13,29,7,26,25,17,88,22,18,19,19,13,PG,22,19,3
61d2884e-765f-4a7e-8a8b-ef481a1f9270,69a6fcb68d2c56aa82e48ab6,FR,75,215,19,33,29,85,88,96,39,12,7,64,75,43,90,74,47,27,30,15,PG,74,47,27
754da9f2-a166-4257-9104-08749ff03245,69a6fcb68d2c56aa82e48ab6,JR,76,218,22,90,48,99,12,17,44,40,12,25,14,23,74,27,67,41,45,33,SG,67,45,22
77ccd064-b578-4ab5-825e-9f35431c878c,69a6fcb68d2c56aa82e48ab6,SO,83,261,13,90,44,23,23,33,57,102,35,45,20,45,25,31,51,54,65,72,C,72,65,7
ca86efa2-3bb6-40a4-934b-44271a77fdd3,69a6fcb68d2c56aa82e48ab6,FR,67,179,30,15,15,16,20,6,14,24,15,4,5,18,3,11,17,18,16,12,SF,18,17,1
d9d72a9d-8143-43cc-a540-2a806751c1f3,69a6fcb68d2c56aa82e48ab6,SR,70,172,93,38,36,39,5,23,99,89,39,13,37,39,60,29,42,56,68,48,PF,68,56,12
daf7d2ab-ae19-48e4-ad1e-42b4f3e1473a,69a6fcb68d2c56aa82e48ab6,SR,72,188,10,42,21,74,99,96,23,41,27,17,78,23,34,77,49,37,30,14,PG,77,49,28
e7ba7c47-1d8a-4bdc-8cd1-0103431ec47e,69a6fcb68d2c56aa82e48ab6,SO,73,204,40,57,37,31,35,38,55,52,26,91,102,34,97,52,46,43,49,28,PG,52,49,3
03235178-213a-4e9a-8590-a9e8fbc57751,69a6fcb68d2c56aa82e48ab7,FR,66,177,3,12,28,7,8,18,4,2,21,20,15,22,51,15,11,13,8,6,PG,15,13,2
13881467-b3bb-4cd6-a0dd-840f11396b80,69a6fcb68d2c56aa82e48ab7,SR,86,268,8,6,7,2,10,9,8,10,8,12,6,8,61,7,6,8,15,45,C,45,15,30
3edcb616-069e-4c11-be1d-f622d3392d2e,69a6fcb68d2c56aa82e48ab7,SR,73,195,15,25,25,16,43,15,20,40,8,16,14,24,73,19,20,22,26,15,PF,26,22,4
86b84e2a-1384-48d1-838a-e3208d417e96,69a6fcb68d2c56aa82e48ab7,SR,69,176,9,97,27,101,20,26,10,15,62,13,63,19,2,49,76,47,20,9,SG,76,49,27
9b7be6bf-dcdc-4aa5-a706-9f1826b3fa2c,69a6fcb68d2c56aa82e48ab7,SR,70,166,65,21,47,94,27,42,31,42,98,19,46,19,80,49,53,61,34,28,SF,61,53,8
a0e3ad00-7e57-44e5-800b-fe28a0e96bd5,69a6fcb68d2c56aa82e48ab7,SR,73,200,12,21,39,43,63,69,12,32,31,36,49,12,87,51,30,30,25,14,PG,51,30,21
aaa9a2e8-a142-4257-8953-455262554c65,69a6fcb68d2c56aa82e48ab7,FR,78,228,8,15,20,16,17,12,12,30,44,14,15,13,83,17,17,26,24,40,C,40,26,14
baf97681-8117-400b-8167-fc72367c2f24,69a6fcb68d2c56aa82e48ab7,SR,74,198,8,5,3,8,6,2,3,3,4,6,6,4,89,5,6,5,6,3,SG,6,6,0
d4da5fe0-b828-4764-b688-e6d28974a80d,69a6fcb68d2c56aa82e48ab7,JR,68,171,43,89,59,89,25,28,48,26,41,45,45,19,74,42,71,48,40,26,SG,71,48,23
dacdd0c2-69af-4d28-aa05-28157c8d22b4,69a6fcb68d2c56aa82e48ab7,SO,76,221,80,23,61,4,9,18,56,80,26,27,17,14,58,16,23,45,60,52,PF,60,52,8
e0ad993b-5a58-476b-9052-7ac345bea22f,69a6fcb68d2c56aa82e48ab7,JR,74,194,49,51,70,5,7,32,43,84,15,33,37,52,53,27,33,47,56,37,PF,56,47,9
e9712741-012e-453b-93b8-9dcec510060f,69a6fcb68d2c56aa82e48ab7,SO,73,192,25,5,4,4,9,4,4,2,27,5,4,4,5,7,9,11,7,5,SF,11,9,2
e98068fc-849c-4d29-8c6f-1ef2860f49a3,69a6fcb68d2c56aa82e48ab7,JR,75,205,43,25,91,40,61,10,33,92,57,17,27,46,61,32,37,61,56,39,SF,61,56,5
f88d3e6a-0773-417a-9f66-1779702f0377,69a6fcb68d2c56aa82e48ab7,SO,73,164,33,6,40,25,35,27,22,4,4,30,8,3,13,19,15,13,19,15,PG,19,19,0
f9b98024-b9e5-460e-9848-ac8263e32492,69a6fcb68d2c56aa82e48ab7,FR,71,162,7,32,14,1,20,18,21,23,22,10,14,14,22,16,18,18,18,10,SG,18,18,0
2267767b-a94a-4c87-b354-ea7d9804810a,69a6fcb68d2c56aa82e48ab8,SR,72,181,28,39,59,97,16,52,24,37,103,18,60,14,26,56,57,61,35,22,SF,61,57,4
3dd6a28b-a4ac-4226-b8b6-961c054dfc42,69a6fcb68d2c56aa82e48ab8,SR,70,177,69,17,44,9,26,16,45,59,16,28,24,25,76,19,21,35,42,33,PF,42,35,7
48a61522-faed-4dbf-94f5-68c957e9b1e4,69a6fcb68d2c56aa82e48ab8,SO,72,192,67,35,51,45,5,53,35,48,4,37,28,13,76,31,35,35,40,30,PF,40,35,5
49ee3a96-3136-43f2-a8dc-a06521a3da8c,69a6fcb68d2c56aa82e48ab8,SR,71,179,54,42,38,50,60,43,7,29,43,42,25,18,13,40,44,39,22,19,SG,44,40,4
4fb1d9c7-de54-438b-90c1-af44cb02254b,69a6fcb68d2c56aa82e48ab8,JR,67,151,92,98,11,31,24,27,17,60,57,26,14,29,59,30,65,55,33,27,SG,65,55,10
7f904d63-2389-41e0-935a-54df6ae7c7b4,69a6fcb68d2c56aa82e48ab8,SR,70,185,16,92,44,94,31,21,21,18,47,22,27,36,46,38,71,44,26,15,SG,71,44,27
89bfcd9b-ce41-4fa7-93cf-e10e9e6f50b3,69a6fcb68d2c56aa82e48ab8,SR,73,196,46,27,57,10,18,30,45,64,33,30,4,19,66,19,23,39,45,32,PF,45,39,6
9d24957c-30a9-4689-9ab7-072809880727,69a6fcb68d2c56aa82e48ab8,FR,74,210,56,52,53,48,38,53,71,62,43,65,41,63,70,47,50,52,58,36,PF,58,52,6
bb4df27d-ccab-4679-b878-cdf7ac510641,69a6fcb68d2c56aa82e48ab8,JR,76,212,34,49,91,24,28,10,17,95,39,18,39,23,31,27,37,56,57,46,PF,57,56,1
c1693d0e-0592-48bc-9200-65112444f45e,69a6fcb68d2c56aa82e48ab8,SO,67,164,25,29,22,12,18,28,23,22,20,19,20,16,36,22,22,21,20,14,PG,22,22,0
d2c470b2-4c4f-4737-84b1-2169b19cbb7d,69a6fcb68d2c56aa82e48ab8,FR,66,160,22,17,22,11,23,30,9,16,22,7,27,3,68,24,17,18,13,10,PG,24,18,6
d3b2968f-1acf-4586-a17a-d184967001d7,69a6fcb68d2c56aa82e48ab8,SO,74,206,41,10,20,43,20,16,18,81,91,97,20,41,77,29,32,57,37,24,SF,57,37,20
e8876c1d-442e-40de-aee6-9d6a72f3f6d0,69a6fcb68d2c56aa82e48ab8,SO,72,170,38,13,11,11,22,26,25,32,13,3,13,12,4,18,15,20,23,16,PF,23,20,3
e8ff4836-315c-48b5-bcac-2ae315354cd5,69a6fcb68d2c56aa82e48ab8,SR,74,198,8,2,33,55,81,81,9,37,6,24,70,15,6,61,24,25,24,13,PG,61,25,36
ee8d6fc7-0b4e-4601-b98d-e7620a127bc8,69a6fcb68d2c56aa82e48ab8,JR,72,183,33,29,42,30,3,51,32,49,6,22,4,42,56,24,25,29,36,23,PF,36,29,7
038c92db-62f5-436e-9b8a-4a7ed165c87b,69a6fcb68d2c56aa82e48ab9,FR,69,174,16,26,30,16,19,20,20,29,17,19,13,19,29,18,20,22,21,14,SF,22,21,1
0b47b1ff-1015-426c-ba39-a6e689c3a32d,69a6fcb68d2c56aa82e48ab9,FR,68,156,21,5,2,7,25,24,23,16,5,19,13,2,61,16,8,9,13,9,PG,16,13,3
0c451685-b19b-444b-a755-7535086b7147,69a6fcb68d2c56aa82e48ab9,JR,71,176,10,20,33,48,31,22,45,43,50,94,102,57,55,50,36,42,39,20,PG,50,42,8
1adbd6ac-82ad-48e9-8826-a5a5c5551380,69a6fcb68d2c56aa82e48ab9,JR,76,218,89,99,33,67,35,32,54,76,80,32,12,29,21,39,77,70,59,48,SG,77,70,7
22e3279d-e73c-45e4-912c-87aa98490425,69a6fcb68d2c56aa82e48ab9,FR,78,240,3,86,21,50,18,33,22,74,11,31,15,23,33,28,51,39,42,48,SG,51,48,3
301c9232-4787-4c28-a146-3bfa81d69701,69a6fcb68d2c56aa82e48ab9,FR,73,209,74,8,91,14,23,14,59,96,37,27,43,32,86,25,23,56,66,48,PF,66,56,10
40479f68-8a0d-4675-b9ec-ff50e770f9a5,69a6fcb68d2c56aa82e48ab9,FR,76,212,11,13,16,53,12,16,15,17,11,6,32,16,74,22,24,19,22,19,SG,24,22,2
5599c829-823a-4eff-b5fb-9db1b87eb752,69a6fcb68d2c56aa82e48ab9,SO,77,220,52,101,31,19,45,41,24,92,23,38,44,25,43,41,58,53,53,50,SG,58,53,5
7a9415f9-0428-4d7b-be96-637401db80ba,69a6fcb68d2c56aa82e48ab9,SO,66,174,6,25,24,26,36,24,29,20,19,27,37,39,83,30,25,22,23,12,PG,30,25,5
7f3217d3-ff19-416c-bd53-e5315ccf95bc,69a6fcb68d2c56aa82e48ab9,SR,68,172,12,24,14,34,29,45,38,24,21,103,101,27,66,51,29,26,28,13,PG,51,29,22
8726aad6-0da6-4baf-ad79-26cf02612fe3,69a6fcb68d2c56aa82e48ab9,FR,69,177,5,31,22,52,81,66,21,16,5,26,51,13,63,53,34,19,19,10,PG,53,34,19
e097a59c-b8d6-43f6-b7d0-109415725507,69a6fcb68d2c56aa82e48ab9,JR,76,219,15,33,101,28,36,25,10,91,7,15,9,31,100,22,26,44,53,43,PF,53,44,9
e9d50386-2fe8-42ec-aa66-562ff4426ab3,69a6fcb68d2c56aa82e48ab9,SR,71,191,29,102,54,56,44,68,25,55,99,7,52,40,78,63,74,67,40,24,SG,74,67,7
f4df822d-e5a6-4b7d-939c-038c1267cbd1,69a6fcb68d2c56aa82e48ab9,SO,72,170,9,30,14,26,36,24,11,1,14,17,27,3,74,25,24,13,12,5,PG,25,24,1
f644ce2a-9199-4895-b4e7-8222754ce0a8,69a6fcb68d2c56aa82e48ab9,SR,70,176,27,29,72,59,7,6,15,46,43,12,13,26,38,19,36,43,32,24,SF,43,36,7
037a4cf0-f048-449a-8cb9-1ef613fb4d04,69a6fcb68d2c56aa82e48aba,JR,73,209,21,16,39,99,32,57,23,24,99,26,28,43,74,52,48,52,27,16,PG,52,52,0
123e5a6a-82da-4ca7-adda-1d26f408afe5,69a6fcb68d2c56aa82e48aba,SR,70,176,23,20,11,16,12,17,16,17,21,21,18,23,58,17,19,19,15,10,SG,19,19,0
15b2e688-c582-4a4a-9b79-018a598f9196,69a6fcb68d2c56aa82e48aba,FR,69,166,19,99,67,66,39,39,55,84,91,47,18,22,86,44,71,71,55,34,SG,71,71,0
298060a2-6d18-40a1-9ade-804c216d9812,69a6fcb68d2c56aa82e48aba,FR,71,173,15,58,58,95,30,8,51,20,95,88,59,54,61,46,65,57,38,22,SG,65,57,8
32d69443-4c07-4cb3-b02c-7bfc0acc4d45,69a6fcb68d2c56aa82e48aba,SO,73,205,56,102,30,23,56,50,19,26,95,25,27,42,35,49,68,55,31,20,SG,68,55,13
3d47a3b2-2999-4df3-ab5e-f0c695a1c807,69a6fcb68d2c56aa82e48aba,SR,75,184,18,50,14,6,60,38,36,59,25,26,22,12,42,32,31,32,35,19,PF,35,32,3
3e3e978c-0235-47dc-a097-c9bddc6ffb31,69a6fcb68d2c56aa82e48aba,SO,70,174,45,18,77,27,31,30,57,70,21,22,14,12,71,23,23,41,51,37,PF,51,41,10
4665adcf-3dac-4037-a18a-c726373f378f,69a6fcb68d2c56aa82e48aba,FR,70,165,15,29,31,22,4,18,4,7,13,24,27,1,61,18,22,16,11,9,SG,22,18,4
6278e4be-b90d-4319-9805-b5a201ed1600,69a6fcb68d2c56aa82e48aba,SR,74,187,47,7,14,12,10,12,5,15,25,13,13,7,16,13,14,19,14,12,SF,19,14,5
ca73d2ae-c65a-4157-a930-b9be33501cd3,69a6fcb68d2c56aa82e48aba,SR,79,253,52,5,82,20,15,22,40,91,21,5,21,21,96,20,17,46,59,80,C,80,59,21
cf836cd6-34c4-4b29-b8b6-44d98451a823,69a6fcb68d2c56aa82e48aba,JR,68,158,89,33,30,96,47,17,10,56,96,45,40,5,5,43,60,65,30,28,SF,65,60,5
cf8707e6-550c-458c-a419-ebba9d76d144,69a6fcb68d2c56aa82e48aba,FR,72,171,12,22,24,18,9,25,5,28,29,12,5,28,90,17,20,23,18,10,SF,23,20,3
ded02e85-795b-4ece-a023-6cb228ba8b42,69a6fcb68d2c56aa82e48aba,JR,68,177,6,44,39,7,8,10,12,7,11,6,12,5,28,11,22,15,15,10,SG,22,15,7
ea5eac7c-35c2-4b3d-9faf-b02e67280aa9,69a6fcb68d2c56aa82e48aba,JR,70,171,89,76,72,77,90,93,71,84,88,81,74,93,90,85,80,83,70,47,PG,85,83,2
f5765560-5665-4798-867c-8475dd48eccb,69a6fcb68d2c56aa82e48aba,SR,82,249,48,43,72,52,52,63,70,82,16,47,14,59,32,42,43,50,68,81,C,81,68,13
075cc917-03b5-4b5a-9575-b5feb5e5ab50,69a6fcb68d2c56aa82e48abb,SO,71,185,53,55,43,10,83,81,42,41,5,8,18,10,30,46,36,29,36,27,PG,46,36,10
206fded7-c698-4fa5-b32d-edd1b314ab24,69a6fcb68d2c56aa82e48abb,JR,71,190,8,12,5,11,3,9,6,8,9,7,7,8,41,8,10,9,6,4,SG,10,9,1
2fd6e758-a749-4b80-8626-5f37a95e5e6f,69a6fcb68d2c56aa82e48abb,FR,72,196,26,94,19,45,28,15,38,23,91,10,10,18,38,30,63,48,30,16,SG,63,48,15
3973553a-52f6-4dff-9a50-bfa9c9fcbc24,69a6fcb68d2c56aa82e48abb,FR,71,171,77,14,39,21,6,21,8,44,93,38,36,36,94,30,32,53,27,25,SF,53,32,21
50480f78-1e5f-4efa-a294-2a0eec0e6f5a,69a6fcb68d2c56aa82e48abb,JR,70,179,23,56,99,29,36,29,11,84,17,39,24,26,61,29,38,48,46,33,SF,48,46,2
576dee59-7341-42a6-b69c-411c420ecb2e,69a6fcb68d2c56aa82e48abb,SO,71,176,11,102,20,79,23,12,30,25,32,22,21,24,77,30,68,38,26,13,SG,68,38,30
674ebbcb-5edc-430a-b842-1f0791659ed9,69a6fcb68d2c56aa82e48abb,FR,67,160,31,18,24,4,1,4,12,22,32,26,22,29,5,13,17,24,18,13,SF,24,18,6
97f32eb8-2723-4ce0-a57e-462b3d629995,69a6fcb68d2c56aa82e48abb,SO,71,182,27,19,13,50,76,85,32,17,30,37,59,14,99,61,33,26,22,13,PG,61,33,28
c5c05cee-5dd7-4f7a-9514-79ccb040c219,69a6fcb68d2c56aa82e48abb,SO,67,183,8,5,36,6,38,6,6,33,33,18,5,40,17,15,12,24,18,12,SF,24,18,6
dfd9e699-41c7-41c0-9410-a20b856aaf50,69a6fcb68d2c56aa82e48abb,FR,68,170,8,10,4,11,29,10,8,28,10,27,15,10,78,14,11,14,12,7,PG,14,14,0
e3ebd2a3-561d-4bd3-b80b-9da1084e62ee,69a6fcb68d2c56aa82e48abb,FR,71,188,17,16,24,21,18,25,27,17,20,30,27,20,62,23,19,19,20,13,PG,23,20,3
e674ec2b-ada7-4da1-acab-76daa92cde16,69a6fcb68d2c56aa82e48abb,SR,72,189,47,43,15,83,90,94,13,3,4,27,64,24,25,70,52,25,18,12,PG,70,52,18
e9e0ed1e-13ee-48ee-99b9-06c5b950e2c2,69a6fcb68d2c56aa82e48abb,FR,68,157,65,88,42,22,9,9,46,53,89,10,6,35,48,23,59,59,43,31,SG,59,59,0
ebf4c37c-19c4-4d23-89d1-bbc9d2445fca,69a6fcb68d2c56aa82e48abb,FR,79,236,57,37,79,31,33,17,13,96,15,36,57,17,4,32,35,52,56,77,C,77,56,21
fb0da886-9c16-41ac-8fd7-dfc8db856e5b,69a6fcb68d2c56aa82e48abb,SR,69,165,58,56,72,59,72,62,42,44,48,54,58,58,14,60,57,53,46,32,PG,60,57,3
0e43191c-a645-40d8-8a01-305ea7ec11f5,69a6fcb68d2c56aa82e48abc,FR,76,208,84,17,65,32,48,14,69,85,24,35,46,19,75,30,31,50,68,55,PF,68,55,13
14e942f3-4cb6-4be7-a092-a4179602ae4c,69a6fcb68d2c56aa82e48abc,SR,81,246,78,71,55,77,81,56,55,52,58,76,71,83,33,68,73,63,60,76,C,76,73,3
3bcfa651-b7e7-4c7e-9a81-00f214f4c7d4,69a6fcb68d2c56aa82e48abc,JR,74,168,18,14,35,26,16,9,31,1,31,43,9,31,25,15,20,19,21,13,PF,21,20,1
4a35d35f-43e0-4c55-a92a-29b2ffd49edd,69a6fcb68d2c56aa82e48abc,SR,76,221,40,96,43,37,9,28,33,92,20,48,33,8,43,29,56,52,56,41,SG,56,56,0
620c4d04-fa1c-4078-8c2a-9f62be90c8db,69a6fcb68d2c56aa82e48abc,SR,77,232,41,23,72,28,34,34,43,72,9,33,30,18,95,29,25,39,55,54,PF,55,54,1
6346c5fe-e26e-44fe-91cc-c25be2b22ced,69a6fcb68d2c56aa82e48abc,SO,74,204,22,25,12,22,30,14,8,25,36,19,24,7,14,22,24,25,17,10,SF,25,24,1
77972c97-6666-4fc0-8d72-0ceb33297bf5,69a6fcb68d2c56aa82e48abc,JR,74,211,92,46,62,38,68,71,96,93,50,52,89,57,28,68,53,67,78,51,PF,78,68,10
7ecc8d6c-6071-4516-a2aa-272609a5c711,69a6fcb68d2c56aa82e48abc,SR,84,272,87,17,92,11,34,10,94,88,12,9,16,46,100,18,24,49,80,94,C,94,80,14
7f69e882-167e-4a1f-b552-209a6a61ff2f,69a6fcb68d2c56aa82e48abc,SO,72,186,94,90,29,7,59,27,14,76,94,48,39,49,22,44,64,69,44,32,SF,69,64,5
89a38d07-ec3b-4d02-aaf9-eee660ca674a,69a6fcb68d2c56aa82e48abc,SR,69,176,6,47,26,63,88,92,40,52,18,29,78,42,47,73,47,38,38,19,PG,73,47,26
902ec6eb-a9cc-4c09-b14d-81eb25e5d789,69a6fcb68d2c56aa82e48abc,SO,73,167,11,34,4,41,14,32,22,10,22,19,2,12,56,21,29,18,15,7,SG,29,21,8
978b3143-af58-42e4-a013-24ea1f6e3b85,69a6fcb68d2c56aa82e48abc,SO,80,237,91,9,94,14,29,28,95,98,41,20,32,35,51,28,25,59,83,97,C,97,83,14
d3eff80b-5fe3-418a-a584-6969931f1293,69a6fcb68d2c56aa82e48abc,JR,67,154,26,10,12,9,26,26,21,24,24,21,25,12,72,22,14,20,18,12,PG,22,20,2
e3cb8ee7-adb1-492d-a99e-ce502b40f954,69a6fcb68d2c56aa82e48abc,JR,78,226,45,18,98,20,8,7,30,95,19,33,38,4,61,18,21,49,60,70,C,70,60,10
f55e8599-acf2-4a31-9127-30219f4be97a,69a6fcb68d2c56aa82e48abc,FR,72,157,5,19,13,5,10,24,29,32,18,11,22,12,44,18,13,18,24,12,PF,24,18,6
0507112c-420a-4687-b4c8-df5e6bf8902e,69a6fcb68d2c56aa82e48abd,SR,69,168,13,9,46,52,96,89,11,38,33,12,62,41,45,68,31,35,26,16,PG,68,35,33
091c904a-d1b1-4664-b06a-942207001e8e,69a6fcb68d2c56aa82e48abd,FR,76,229,60,75,16,6,28,27,36,30,13,23,55,88,18,36,47,34,42,31,SG,47,42,5
13f5506a-adb4-4155-b782-257295476b8e,69a6fcb68d2c56aa82e48abd,SR,72,189,72,32,99,34,46,16,79,95,32,24,6,38,21,23,36,58,72,52,PF,72,58,14
1ab6e08b-3e85-44ef-9df6-eacd4c846047,69a6fcb68d2c56aa82e48abd,FR,77,228,96,26,75,36,34,26,77,89,43,22,14,41,60,28,38,59,73,71,PF,73,71,2
3e81ad49-cb4c-4591-b8a7-10182d5b6b78,69a6fcb68d2c56aa82e48abd,FR,68,168,12,12,9,10,13,5,11,16,13,5,10,6,66,9,11,12,11,7,SF,12,11,1
4a2a61ba-71b6-4dee-abb2-97cb36ef6579,69a6fcb68d2c56aa82e48abd,SR,75,215,15,14,21,22,22,21,13,23,17,19,21,13,28,20,17,19,18,11,PG,20,19,1
4ebf8c1d-43d9-492a-86cc-7fe9554096e4,69a6fcb68d2c56aa82e48abd,JR,75,171,31,35,32,24,12,52,28,41,18,1,28,5,89,31,27,29,31,20,PG,31,31,0
63165488-66b2-4f90-baec-955ed74bced9,69a6fcb68d2c56aa82e48abd,SR,74,206,67,46,98,31,28,8,53,98,30,5,10,45,51,20,40,59,66,47,PF,66,59,7
6696631e-ec27-433e-a496-e8c5f3dc09e8,69a6fcb68d2c56aa82e48abd,FR,69,175,12,18,18,23,23,10,26,18,24,14,30,31,70,21,21,21,20,11,PG,21,21,0
748ef609-81b0-4cb5-8242-d63b21bf72d7,69a6fcb68d2c56aa82e48abd,FR,71,183,25,49,88,13,24,22,50,93,38,20,15,43,85,24,33,53,58,38,PF,58,53,5
75f23a71-5eca-4e8c-84af-e51c2fe9a055,69a6fcb68d2c56aa82e48abd,SR,66,159,34,47,44,92,51,15,51,47,88,47,32,33,89,42,60,59,41,26,SG,60,59,1
78333837-fb3a-49b2-8677-0091131684ae,69a6fcb68d2c56aa82e48abd,FR,69,165,19,10,23,5,18,21,12,21,20,24,10,24,4,16,12,18,15,11,SF,18,16,2
9ac85097-f14f-48e8-91dd-27791c7b487e,69a6fcb68d2c56aa82e48abd,SR,73,197,29,20,28,16,18,28,22,18,12,26,21,33,11,22,20,20,23,15,PF,23,22,1
aa850724-0cfc-46bf-942c-145f6427d31f,69a6fcb68d2c56aa82e48abd,FR,70,174,91,32,24,24,32,60,27,45,88,42,34,27,61,45,41,53,32,28,SF,53,45,8
d01ca759-1547-49f8-ab51-b44d724d5517,69a6fcb68d2c56aa82e48abd,SO,70,186,35,9,91,81,21,32,8,62,59,12,11,25,91,31,36,54,36,29,SF,54,36,18
1bbaf414-e08b-487a-99ca-52da7867a501,69a6fcb68d2c56aa82e48abe,SR,70,172,49,17,17,33,12,42,30,36,20,20,12,29,33,25,25,28,26,20,SF,28,26,2
397384e6-a981-42ca-993b-1ddacd1b8bdd,69a6fcb68d2c56aa82e48abe,SR,70,183,13,5,11,3,15,13,8,13,10,8,10,9,30,11,7,10,9,7,PG,11,10,1
40a48107-5473-4d28-a8cd-9446f4e17b28,69a6fcb68d2c56aa82e48abe,JR,76,216,104,34,72,21,28,18,79,91,39,12,17,7,49,22,36,57,73,62,PF,73,62,11
5eb56a61-e2f2-4a35-aef0-a6b5feee06fd,69a6fcb68d2c56aa82e48abe,SR,70,179,69,52,21,9,19,20,12,45,45,25,8,16,20,20,37,39,25,22,SF,39,37,2
76e1a4d7-b6ff-4b10-8d1d-d843d8e9035b,69a6fcb68d2c56aa82e48abe,JR,70,169,24,99,46,23,66,33,43,25,60,38,13,104,21,42,63,46,38,21,SG,63,46,17
84083055-5b50-4e52-a489-19fbf4dc0a4c,69a6fcb68d2c56aa82e48abe,FR,70,163,1,32,16,27,19,13,5,20,20,1,15,21,47,18,24,19,12,6,SG,24,19,5
891ee5a7-46f5-446b-bc4e-5118740ffcfc,69a6fcb68d2c56aa82e48abe,SR,69,178,35,34,13,16,38,32,22,18,31,30,37,17,5,32,29,25,19,13,PG,32,29,3
a420cc25-4065-41e6-9966-a851e126bf44,69a6fcb68d2c56aa82e48abe,SO,75,210,34,91,31,59,23,20,35,102,12,14,55,33,90,36,61,54,54,30,SG,61,54,7
bc95ada3-3b0e-4466-9adc-b6051bafd9bb,69a6fcb68d2c56aa82e48abe,JR,77,229,46,36,80,18,25,21,50,83,16,6,10,37,88,20,29,45,62,59,PF,62,59,3
bcee36ff-29ab-4716-aff6-df47fec27f52,69a6fcb68d2c56aa82e48abe,SR,81,238,56,90,10,74,55,34,60,59,35,44,62,48,86,52,72,52,55,68,SG,72,68,4
bfc6571a-ed4b-48a0-848a-ed9c21a20dbd,69a6fcb68d2c56aa82e48abe,SR,68,188,26,6,2,8,25,1,22,2,54,38,20,30,72,17,16,21,12,8,SF,21,17,4
d6387418-de3a-4141-b9e4-01e06e48bc61,69a6fcb68d2c56aa82e48abe,SO,79,257,52,29,78,34,23,15,53,79,36,38,35,24,97,26,33,51,62,79,C,79,62,17
e2bc725a-a0a0-43aa-acd2-d089e684b337,69a6fcb68d2c56aa82e48abe,SO,69,172,16,29,92,49,30,57,24,101,33,48,31,27,64,40,33,55,51,35,SF,55,51,4
f4e4e6c1-1f21-48d7-a54b-7be75486b4b2,69a6fcb68d2c56aa82e48abe,FR,68,156,90,27,21,103,13,42,19,14,102,9,3,35,61,39,58,55,20,22,SG,58,55,3
fc079cab-7e34-4c20-acdd-3589654ad980,69a6fcb68d2c56aa82e48abe,FR,66,178,23,23,27,9,11,14,27,19,13,25,16,19,68,14,17,18,21,14,PF,21,18,3
15465799-5f5c-4ec7-b340-9e32805db863,69a6fcb68d2c56aa82e48abf,JR,72,183,15,17,14,30,12,15,16,24,16,15,39,15,69,22,21,20,20,10,PG,22,21,1
1f6f28ff-805d-4675-b7e9-413de186c464,69a6fcb68d2c56aa82e48abf,FR,66,167,23,1,27,3,7,6,4,14,30,19,30,3,42,14,8,18,12,10,SF,18,14,4
20a33b17-7b14-4671-86d7-a82e86c41af2,69a6fcb68d2c56aa82e48abf,JR,79,241,23,99,42,21,30,7,37,87,22,22,22,11,49,22,52,47,54,68,C,68,54,14
2270dfde-ec51-46c8-9b3a-62ec19159593,69a6fcb68d2c56aa82e48abf,JR,69,172,16,12,38,37,33,26,16,11,21,39,59,17,7,35,23,22,18,12,PG,35,23,12
285e9f82-2fa0-4a79-8596-93d2bc54b1c0,69a6fcb68d2c56aa82e48abf,FR,69,165,43,16,15,104,38,20,11,41,95,42,13,36,88,37,51,54,21,16,SF,54,51,3
51092489-ea70-4dea-9953-2f61913562a3,69a6fcb68d2c56aa82e48abf,FR,68,173,14,2,4,14,7,11,1,23,21,3,3,26,37,10,10,16,9,6,SF,16,10,6
65d275b4-8534-496b-8efe-0e15d7004286,69a6fcb68d2c56aa82e48abf,SO,72,188,35,6,42,27,35,25,30,24,3,23,42,26,44,28,18,21,29,20,PF,29,28,1
82eea309-c0da-47dd-9d24-beffb3513edf,69a6fcb68d2c56aa82e48abf,JR,73,199,30,23,19,23,18,23,20,28,23,19,25,16,86,22,23,24,23,15,SF,24,23,1
920d57e3-fd2e-46ed-8f9c-a14a3ff3cd6f,69a6fcb68d2c56aa82e48abf,FR,74,197,43,58,58,15,81,32,54,72,59,44,8,17,62,35,42,51,52,34,PF,52,51,1
9edfa257-4dad-4db8-99ff-16fca2ecdaf1,69a6fcb68d2c56aa82e48abf,FR,71,193,17,27,89,36,69,21,104,97,69,62,66,26,95,46,36,63,76,46,PF,76,63,13
d2625eb5-9cac-4563-82b8-aee65a567f4c,69a6fcb68d2c56aa82e48abf,JR,72,200,27,21,24,16,25,23,22,20,18,24,15,31,64,20,20,21,22,14,PF,22,21,1
d6fcf3cd-842c-4a56-a61c-7ea98559bd12,69a6fcb68d2c56aa82e48abf,SR,73,187,64,56,59,85,72,90,61,47,64,6,81,12,92,76,65,59,52,35,PG,76,65,11
dc438018-64d3-4016-8cdb-6213812f1ca3,69a6fcb68d2c56aa82e48abf,SR,73,211,39,76,49,41,29,38,27,16,23,24,38,26,51,37,52,33,31,20,SG,52,37,15
de0967f4-07fc-4a16-a430-9ad641d43674,69a6fcb68d2c56aa82e48abf,SO,71,186,35,26,6,32,30,32,37,33,21,35,13,10,71,24,27,25,24,17,SG,27,25,2
ea22f349-8cf9-4716-aa3c-98ef6f401853,69a6fcb68d2c56aa82e48abf,SR,69,168,102,18,45,88,44,3,41,19,89,7,44,7,67,37,53,55,32,31,SF,55,53,2
2a04bee3-0727-4ee4-b24d-41b9a0bd588e,69a6fcb68d2c56aa82e48ac0,JR,74,217,26,24,42,29,16,43,29,39,15,29,32,19,6,30,24,28,32,20,PF,32,30,2
3c681acd-ba5a-44c1-8f4c-5b1fc67d91bc,69a6fcb68d2c56aa82e48ac0,FR,77,229,53,104,23,30,52,41,17,48,97,15,54,35,34,53,71,62,40,41,SG,71,62,9
4b65a778-4ffa-4300-a0f0-29595e37304b,69a6fcb68d2c56aa82e48ac0,SR,66,166,92,96,37,53,50,75,9,98,93,12,23,55,74,58,77,79,46,35,SF,79,77,2
4cd4b495-04eb-4bec-beba-37e27a67d2a0,69a6fcb68d2c56aa82e48ac0,SR,68,164,8,6,7,6,8,7,6,6,10,5,7,6,52,7,7,7,6,4,PG,7,7,0
61ef4639-c382-4cc8-a590-7bea8dcc2e64,69a6fcb68d2c56aa82e48ac0,SR,77,232,24,35,28,18,24,35,14,48,24,102,104,60,92,49,33,37,39,37,PG,49,39,10
64dee61b-d0ff-47be-8dda-331ce3880a0d,69a6fcb68d2c56aa82e48ac0,FR,68,168,25,29,18,2,2,20,22,17,10,14,6,5,74,11,16,15,17,12,PF,17,16,1
661cf1c4-2b56-41a8-83e9-1612708e6b89,69a6fcb68d2c56aa82e48ac0,FR,75,209,23,103,17,90,17,39,22,36,29,10,14,39,99,37,72,42,30,15,SG,72,42,30
75d1be61-95de-4e08-b336-5ac4643c9c55,69a6fcb68d2c56aa82e48ac0,JR,72,191,64,7,60,102,90,90,33,9,55,8,98,63,39,84,53,47,35,25,PG,84,53,31
7da4e1db-6ae2-46b8-89ee-a4bdce9348a8,69a6fcb68d2c56aa82e48ac0,SO,79,239,19,49,92,7,45,11,39,90,9,35,42,16,57,25,29,44,62,76,C,76,62,14
83e20d91-174c-4e64-acc4-629412d21c7e,69a6fcb68d2c56aa82e48ac0,SR,69,176,44,101,31,40,30,45,11,48,14,40,17,91,18,37,63,42,33,20,SG,63,42,21
85c76d7a-150d-41cb-b5a0-ce1104508179,69a6fcb68d2c56aa82e48ac0,SO,76,206,101,20,54,91,15,63,22,37,103,17,48,65,94,57,58,67,43,42,SF,67,58,9
9eef329b-a9ae-418b-935d-d8e63f9cc1ec,69a6fcb68d2c56aa82e48ac0,FR,69,178,5,6,4,23,3,13,10,13,21,22,2,1,61,10,11,12,8,5,SF,12,11,1
f33a041b-f098-476d-a582-76f6d4b12768,69a6fcb68d2c56aa82e48ac0,FR,66,157,11,1,25,23,17,7,1,26,30,24,20,32,80,17,14,23,14,9,SF,23,17,6
fbc967a9-8cb2-4165-988c-815f63d4be91,69a6fcb68d2c56aa82e48ac0,SO,67,156,49,10,32,33,13,29,12,49,15,16,21,11,9,22,21,30,25,21,SF,30,25,5
fd9f67ff-ac2b-4433-a29e-26112a3270fe,69a6fcb68d2c56aa82e48ac0,SR,70,167,31,22,29,29,14,5,9,34,32,24,34,28,24,21,26,31,21,15,SF,31,26,5
2254dae6-2b72-474d-810e-66c7187a72b7,69a6fcb68d2c56aa82e48ac1,JR,76,228,70,11,55,30,15,13,60,76,23,28,10,10,88,15,23,42,58,49,PF,58,49,9
2feec428-95b7-4fc5-8749-9b8923ac9327,69a6fcb68d2c56aa82e48ac1,FR,67,174,24,5,18,24,18,3,6,18,2,8,29,6,38,14,13,14,12,10,PG,14,14,0
59a65bbe-2fc1-44b0-851c-015045f62d54,69a6fcb68d2c56aa82e48ac1,SO,69,179,13,17,11,44,12,13,27,10,13,19,16,15,96,17,23,16,15,9,SG,23,17,6
70e73349-0fd4-4b99-8bf8-25acd8601ae2,69a6fcb68d2c56aa82e48ac1,SO,71,176,50,61,63,31,37,64,30,59,69,63,64,61,29,57,52,59,45,30,SF,59,57,2
7ba2ea50-f04f-4c46-a548-98ddafff6d2f,69a6fcb68d2c56aa82e48ac1,SR,75,217,72,23,52,32,18,60,60,83,44,4,40,53,89,42,34,54,58,40,PF,58,54,4
8030b8ce-2854-45f3-adce-c4cd2a3e5925,69a6fcb68d2c56aa82e48ac1,SO,74,195,101,40,70,21,13,30,62,99,37,38,15,10,57,23,37,58,65,50,PF,65,58,7
84f6512c-0c0c-4014-9e8f-7e7149225738,69a6fcb68d2c56aa82e48ac1,JR,72,193,47,13,9,17,14,17,17,28,20,13,24,11,53,18,19,22,21,15,SF,22,21,1
8975242c-da4b-47c4-be9a-7a2fe4865266,69a6fcb68d2c56aa82e48ac1,SR,73,200,75,46,91,14,43,19,33,94,77,68,51,30,69,38,43,69,60,44,SF,69,60,9
8eb89963-1c10-4910-a9de-556d3a18a3a9,69a6fcb68d2c56aa82e48ac1,SR,70,170,35,102,45,51,57,51,61,83,23,27,31,95,94,49,68,56,59,34,SG,68,59,9
93ad14d4-abf5-43dc-8466-1172d36c0f6e,69a6fcb68d2c56aa82e48ac1,SO,69,156,11,24,40,17,26,35,21,24,13,23,32,35,73,28,21,22,23,14,PG,28,23,5
da6d37e5-4a86-4a8c-9499-10d3711bd15c,69a6fcb68d2c56aa82e48ac1,JR,75,211,25,13,102,20,22,18,16,95,30,15,14,28,38,19,19,49,50,36,PF,50,49,1
da86bfae-0fbe-48a1-bcfa-40c83f8814ef,69a6fcb68d2c56aa82e48ac1,FR,77,236,70,31,46,27,73,40,48,61,35,27,41,12,41,42,36,44,52,54,C,54,52,2
eddac6ad-6f54-416b-90c8-98fe4de7bb61,69a6fcb68d2c56aa82e48ac1,SR,72,198,18,19,45,14,77,33,49,66,13,55,15,59,62,32,22,33,46,27,PF,46,33,13
ee7c86e4-217d-4186-8d9d-ef03a5f4bef9,69a6fcb68d2c56aa82e48ac1,FR,70,170,16,23,22,13,9,9,15,24,12,2,3,26,21,10,17,18,17,12,SF,18,17,1
f31b6db5-ce8f-4906-b761-49183e9e163b,69a6fcb68d2c56aa82e48ac1,FR,68,171,10,101,21,4,12,11,19,98,26,11,7,12,5,16,47,46,40,22,SG,47,46,1
0d366b21-7ec0-4b8f-8847-ab39afb3c7c2,69a6fcb68d2c56aa82e48ac2,JR,75,215,12,32,20,54,79,101,6,26,15,17,57,12,85,66,36,26,19,10,PG,66,36,30
2826a098-6783-40e6-8eab-917397c054de,69a6fcb68d2c56aa82e48ac2,JR,68,161,14,16,14,18,12,17,16,14,44,21,15,13,23,18,19,22,13,9,SF,22,19,3
4d85390d-5269-4147-85f3-018861c85c63,69a6fcb68d2c56aa82e48ac2,SR,71,173,9,9,6,12,16,7,13,8,7,15,8,11,81,9,10,8,9,5,SG,10,9,1
5bef22de-57a4-4c10-9d88-4372ced83e70,69a6fcb68d2c56aa82e48ac2,JR,69,178,14,48,7,26,19,31,48,30,3,17,1,22,3,19,30,19,27,15,SG,30,27,3
686eb183-24c6-48aa-9daf-f0b1c1cf725a,69a6fcb68d2c56aa82e48ac2,JR,69,170,73,96,44,36,15,4,16,57,66,12,46,39,61,32,66,60,38,28,SG,66,60,6
7ee070c0-9489-455e-9a32-c6ba9b7b31cf,69a6fcb68d2c56aa82e48ac2,FR,67,163,23,24,10,20,31,12,2,9,16,4,6,12,65,15,21,15,8,7,SG,21,15,6
961c3d9f-d60d-4864-bdaf-2a311dd8cab4,69a6fcb68d2c56aa82e48ac2,FR,71,191,39,16,60,24,22,17,71,54,21,30,54,33,1,29,24,37,51,34,PF,51,37,14
a5d1afb9-58b6-440f-9b6b-8843e5536ff0,69a6fcb68d2c56aa82e48ac2,SR,72,187,68,32,53,23,72,29,101,98,19,36,55,50,79,42,36,52,75,48,PF,75,52,23
aa67eef2-0330-4adf-b8e9-bb933313d381,69a6fcb68d2c56aa82e48ac2,SR,71,195,21,11,33,40,11,13,18,26,45,34,17,36,66,21,24,31,21,15,SF,31,24,7
bed3ead9-8e0e-48df-a74b-87a742330ae0,69a6fcb68d2c56aa82e48ac2,JR,71,186,77,24,24,30,34,15,81,68,16,33,36,7,72,25,30,39,52,38,PF,52,39,13
cd217a3a-9c30-420a-ad2d-45821d2b7608,69a6fcb68d2c56aa82e48ac2,SO,68,158,17,34,23,19,21,24,28,21,22,15,22,22,29,23,26,22,22,13,SG,26,23,3
da708bd0-a0de-44e0-bc84-5aac81d25c99,69a6fcb68d2c56aa82e48ac2,SR,73,209,85,8,91,12,10,12,73,98,16,10,21,13,60,14,18,50,69,52,PF,69,52,17
f7f8fa1f-54f2-4861-ae1a-488bd2e0af06,69a6fcb68d2c56aa82e48ac2,SO,70,176,34,67,52,17,89,3,61,69,30,37,19,47,93,29,45,45,52,32,PF,52,45,7
fc65757c-ec7c-4447-9e31-d3bee2944605,69a6fcb68d2c56aa82e48ac2,SO,68,164,25,1,10,17,27,30,16,27,15,29,40,32,77,28,14,19,18,12,PG,28,19,9
ff6a03ae-80fa-4672-b19c-3668f5e71ed9,69a6fcb68d2c56aa82e48ac2,SO,76,205,91,14,66,46,50,35,54,90,35,14,26,14,70,34,34,55,63,55,PF,63,55,8
1b0e8c7a-68a1-448c-a104-4fd967332eaa,69a6fcb68d2c56aa82e48ac3,SO,71,171,59,23,39,63,92,90,10,43,35,61,63,59,36,70,45,44,30,23,PG,70,45,25
2ad2e187-f31b-41bb-9aa6-31c86e7f17db,69a6fcb68d2c56aa82e48ac3,FR,67,176,12,14,15,18,4,30,5,3,5,7,12,31,15,17,14,10,8,5,PG,17,14,3
2dc626d7-b7f2-4717-bb91-b9772756ec90,69a6fcb68d2c56aa82e48ac3,SR,79,232,23,92,103,90,27,16,48,32,45,19,43,43,79,40,72,54,55,71,SG,72,71,1
393dc814-b2b7-4a3d-b55b-4f833bf7f681,69a6fcb68d2c56aa82e48ac3,SR,85,263,48,101,36,87,71,77,41,91,74,82,71,59,14,76,84,75,62,72,SG,84,76,8
3ef82339-a4b6-4b2f-b3ab-46f20e6f070d,69a6fcb68d2c56aa82e48ac3,SO,76,219,64,24,90,14,37,24,72,90,3,5,28,4,50,23,23,44,71,57,PF,71,57,14
4593fd49-a756-4c27-88e4-e4b02c0e4baf,69a6fcb68d2c56aa82e48ac3,JR,75,205,56,4,70,23,27,40,52,73,35,10,23,38,71,30,21,45,53,38,PF,53,45,8
59526d19-4603-4ee6-aee6-ebcc7b95ea65,69a6fcb68d2c56aa82e48ac3,JR,75,214,39,22,51,7,32,11,41,47,8,22,28,25,52,19,20,28,40,27,PF,40,28,12
5995eaac-218a-4259-98dc-a11d3e00268d,69a6fcb68d2c56aa82e48ac3,SO,73,209,68,56,53,81,81,79,70,72,79,71,76,50,60,76,68,70,62,39,PG,76,70,6
6191d40d-5a46-4b27-94a8-5d79e4f595d5,69a6fcb68d2c56aa82e48ac3,SR,74,195,18,92,3,31,26,5,15,96,19,8,6,28,27,18,51,45,39,20,SG,51,45,6
7f68cbba-ded2-4aca-a8bd-c15f79d21403,69a6fcb68d2c56aa82e48ac3,SR,66,142,10,11,6,10,14,8,10,8,10,14,9,9,92,10,10,9,8,5,PG,10,10,0
8c909ad6-f0f9-4d66-8497-7563c64e9545,69a6fcb68d2c56aa82e48ac3,FR,72,167,8,6,16,17,13,4,21,31,27,23,1,26,33,9,12,21,21,11,SF,21,21,0
aef97a8b-6bdd-4fe0-9dfa-d95b00742ca0,69a6fcb68d2c56aa82e48ac3,JR,69,173,26,42,26,36,38,23,96,99,19,16,4,43,34,23,35,45,63,37,PF,63,45,18
bf3259b5-6049-4828-bb1b-e59c780627b6,69a6fcb68d2c56aa82e48ac3,SR,71,187,15,42,51,41,48,37,38,39,33,1,13,33,80,33,37,35,34,21,SG,37,35,2
ce6fa5ce-5c4b-494f-839b-d0a7b2d3a615,69a6fcb68d2c56aa82e48ac3,SR,69,166,27,30,21,25,19,28,23,20,17,26,47,40,19,31,28,24,22,14,PG,31,28,3
e1ad5386-c31d-4222-b233-19ce51507f84,69a6fcb68d2c56aa82e48ac3,SO,67,167,26,17,32,17,3,26,21,54,49,49,31,31,100,25,22,38,30,20,SF,38,30,8
00d8f8f4-a2f4-47c2-9efd-abacdb45b55e,69a6fcb68d2c56aa82e48ac4,JR,69,160,14,28,32,29,48,54,4,7,32,24,35,28,20,41,29,23,13,9,PG,41,29,12
18fde5d5-9f09-4623-83ab-23c6f0271a7e,69a6fcb68d2c56aa82e48ac4,JR,72,190,12,12,13,9,15,16,11,15,14,10,12,12,18,14,12,13,14,8,PG,14,14,0
2cbbabcf-d89a-4b4a-b827-0066fe922d67,69a6fcb68d2c56aa82e48ac4,SO,67,156,29,41,38,31,34,2,35,33,10,31,26,15,84,19,32,27,30,20,SG,32,30,2
4fae2d0c-8025-465d-b9e7-1d02d38f6bc6,69a6fcb68d2c56aa82e48ac4,FR,79,239,91,83,101,56,53,51,99,101,45,50,48,23,13,51,67,73,90,99,C,99,90,9
64bcb85e-a06f-44a0-83f2-856e485a8d8d,69a6fcb68d2c56aa82e48ac4,SR,76,210,24,24,15,20,23,24,13,17,19,27,31,13,44,24,22,20,22,20,PG,24,22,2
70a3ad36-7806-4741-a3bf-ebcad2fa7a90,69a6fcb68d2c56aa82e48ac4,FR,80,244,13,18,16,23,12,19,17,12,16,21,17,21,71,18,18,16,21,49,C,49,21,28
94a4fbf1-d89f-4aaf-b684-fb1fa84191e1,69a6fcb68d2c56aa82e48ac4,JR,68,157,49,6,45,24,6,13,23,31,24,28,30,29,41,19,19,29,27,22,SF,29,27,2
b1f4bdcb-a0d1-457d-b16a-79bb1af44905,69a6fcb68d2c56aa82e48ac4,SR,72,191,33,37,25,27,17,14,15,28,28,20,10,17,29,17,30,28,23,15,SG,30,28,2
c60e817d-5762-48e6-9969-925dcd51a6f6,69a6fcb68d2c56aa82e48ac4,SR,75,219,41,27,46,23,16,28,42,42,29,31,18,3,50,22,25,32,37,26,PF,37,32,5
ca035278-0be0-4f33-be3e-20465debe5e6,69a6fcb68d2c56aa82e48ac4,SR,73,198,4,4,5,3,7,6,3,6,4,1,4,1,13,5,4,4,6,3,PF,6,5,1
cb0301fc-9de6-49c5-bf71-6b53e8fd0f9e,69a6fcb68d2c56aa82e48ac4,FR,71,168,15,8,7,27,30,23,6,6,13,11,32,28,25,25,17,13,8,5,PG,25,17,8
d8aae294-96eb-4bef-8021-b6ece450cdce,69a6fcb68d2c56aa82e48ac4,FR,69,156,8,8,6,19,6,19,5,13,5,6,12,27,2,14,12,11,8,5,PG,14,12,2
e06bdad9-e0b4-4951-8d59-b30b0884ff9a,69a6fcb68d2c56aa82e48ac4,SR,77,226,28,11,75,28,37,30,36,76,36,20,17,33,96,27,22,45,53,52,PF,53,52,1
ecbaf1ab-fd54-4db3-b74b-a1f606214acc,69a6fcb68d2c56aa82e48ac4,JR,74,198,99,37,92,84,62,52,89,98,38,62,35,24,48,49,56,68,77,57,PF,77,68,9
f4e4199d-ad21-42ac-90dc-8881d6cd8259,69a6fcb68d2c56aa82e48ac4,JR,69,165,16,11,10,12,5,13,10,9,14,7,9,9,17,10,12,12,9,7,SG,12,12,0
070a90e3-6c20-4794-949d-35a0ad39eb12,69a6fcb68d2c56aa82e48ac5,SO,75,214,7,91,2,13,12,8,38,104,36,48,24,32,66,21,47,49,48,23,SF,49,48,1
15ee155b-87d1-47b7-8691-2f2c033da8d2,69a6fcb68d2c56aa82e48ac5,JR,72,191,32,99,99,91,58,47,28,29,67,31,57,36,82,60,80,61,44,28,SG,80,61,19
19158765-c978-4a22-b218-c7c8b674e632,69a6fcb68d2c56aa82e48ac5,JR,73,197,38,19,89,97,18,36,7,69,64,27,19,40,6,37,46,60,41,30,SF,60,46,14
485eb5a3-c928-4615-9248-c5d8e2bdea07,69a6fcb68d2c56aa82e48ac5,FR,70,177,22,30,16,4,26,18,22,28,2,25,24,14,14,18,19,17,20,13,PF,20,19,1
5f26f19d-2bec-4c8b-bfc0-87686e131860,69a6fcb68d2c56aa82e48ac5,SO,70,182,34,37,26,21,32,34,15,39,13,15,8,17,67,23,28,26,23,17,SG,28,26,2
6538bd49-21a3-444d-a407-57acdafa71e7,69a6fcb68d2c56aa82e48ac5,SR,75,205,55,22,94,22,22,37,29,92,59,53,44,54,27,37,32,62,57,40,SF,62,57,5
8a2b7e70-6b1a-42ba-bad7-aac176278b49,69a6fcb68d2c56aa82e48ac5,SR,82,253,92,8,66,35,19,11,57,95,39,10,10,10,28,17,27,55,64,86,C,86,64,22
8b8a9357-66cd-4936-a381-22e61983d45f,69a6fcb68d2c56aa82e48ac5,SR,73,195,14,7,23,23,24,26,20,20,30,17,16,23,11,22,16,21,20,12,PG,22,21,1
aa02eae2-77ce-4f2d-b6dd-392b11bca11b,69a6fcb68d2c56aa82e48ac5,SO,73,188,20,8,29,30,30,19,11,5,11,28,30,11,81,23,17,15,15,10,PG,23,17,6
b293dfbc-bb70-42bf-9b2c-9d5da0395565,69a6fcb68d2c56aa82e48ac5,FR,77,231,97,37,86,16,63,21,88,99,5,69,53,68,93,36,38,56,84,76,PF,84,76,8
b621b484-b229-4364-8cdc-fb97ebef7cd4,69a6fcb68d2c56aa82e48ac5,FR,72,183,15,28,20,34,17,39,18,20,33,24,14,36,62,28,28,25,21,11,PG,28,28,0
b9b39801-40f7-4ce9-ac40-f0b4dfbe85ec,69a6fcb68d2c56aa82e48ac5,SO,66,186,33,15,38,1,9,37,24,18,31,31,14,42,20,22,16,24,23,17,SF,24,23,1
d5442a8a-da31-472f-b5df-a52b86e3c324,69a6fcb68d2c56aa82e48ac5,JR,70,179,23,25,17,32,22,19,26,29,28,12,30,13,2,24,26,26,22,14,SG,26,26,0
d5755be9-b990-45ce-936b-2db9ffb8aeae,69a6fcb68d2c56aa82e48ac5,SR,77,229,49,8,103,95,33,33,67,94,91,65,29,51,20,44,47,76,73,67,SF,76,73,3
fc0120d8-97cf-49ce-b569-4069df0bc810,69a6fcb68d2c56aa82e48ac5,SR,75,216,20,12,26,24,14,33,47,12,22,18,17,25,84,23,18,19,27,16,PF,27,23,4
00209893-0ce9-4f9f-afeb-ef73434b979e,69a6fcb68d2c56aa82e48ac6,JR,71,180,7,9,36,11,7,36,5,9,5,6,5,3,19,15,8,10,10,9,PG,15,10,5
0f8a3f5d-cfbd-486f-8b5f-f1b61ecaf1e6,69a6fcb68d2c56aa82e48ac6,SO,70,179,17,41,56,55,83,73,16,67,38,55,63,58,24,64,46,49,39,23,PG,64,49,15
2f3d0052-6851-4f53-9f6f-d442339e8e71,69a6fcb68d2c56aa82e48ac6,SR,72,208,25,85,57,52,23,6,41,42,36,50,73,24,95,38,59,46,44,25,SG,59,46,13
3436f916-7c26-4c5e-b37b-143ea4e6f0ff,69a6fcb68d2c56aa82e48ac6,SO,77,226,27,32,40,4,62,16,43,68,29,7,19,5,81,24,24,36,48,47,PF,48,47,1
4d3e7937-ee3e-492b-be79-574936b7d34a,69a6fcb68d2c56aa82e48ac6,JR,75,211,19,27,23,14,13,25,20,29,11,18,11,46,61,18,21,21,24,14,PF,24,21,3
6889ddc9-8d03-4f3a-a733-44aad4c84817,69a6fcb68d2c56aa82e48ac6,SR,80,246,79,84,74,78,52,60,85,65,90,69,84,87,69,72,81,79,77,85,C,85,81,4
6a1180f3-8f1c-420a-b50f-9cd07b498a31,69a6fcb68d2c56aa82e48ac6,JR,68,163,8,20,40,49,23,20,20,20,23,21,17,27,44,23,27,25,21,13,SG,27,25,2
79f9d3d8-abc6-4448-aa97-b8d3c51df730,69a6fcb68d2c56aa82e48ac6,FR,72,186,35,25,79,27,24,50,86,82,47,23,39,39,34,39,30,53,68,42,PF,68,53,15
8efc580b-f4ed-4fe1-94ba-af17ead81a37,69a6fcb68d2c56aa82e48ac6,JR,68,147,12,8,8,16,10,11,4,8,5,8,13,9,33,11,10,9,7,5,PG,11,10,1
90fe89e2-d2f9-43a1-a7c3-0f45b20882e9,69a6fcb68d2c56aa82e48ac6,JR,71,189,96,95,48,60,101,88,68,44,55,38,41,71,19,72,79,60,54,38,SG,79,72,7
9aab804a-c35a-44de-9fbc-df09ebb48981,69a6fcb68d2c56aa82e48ac6,SO,73,189,18,18,16,28,39,23,22,22,21,21,9,28,67,22,22,21,21,12,PG,22,22,0
ad6da791-67b0-4bc6-9443-9c80997645f6,69a6fcb68d2c56aa82e48ac6,FR,67,175,24,3,28,14,1,11,4,7,3,15,27,2,36,12,9,11,10,9,PG,12,11,1
b44471de-299f-4dd9-a035-22db49c7bc90,69a6fcb68d2c56aa82e48ac6,FR,68,172,31,27,29,9,25,16,10,22,2,30,16,27,30,16,20,18,18,14,SG,20,18,2
bb5d942d-9e00-4910-873c-683dcad21682,69a6fcb68d2c56aa82e48ac6,SR,72,185,41,6,34,35,52,11,41,50,54,21,32,40,64,30,27,41,38,25,SF,41,38,3
dc52df6d-7bac-4d7d-b333-4c413c3889b4,69a6fcb68d2c56aa82e48ac6,SR,68,169,67,96,96,88,75,41,93,78,39,80,42,44,18,54,79,68,74,50,SG,79,74,5
0d30dd33-d735-4665-979c-fba032479774,69a6fcb68d2c56aa82e48ac7,SR,70,171,20,11,20,17,7,40,32,33,36,47,19,16,50,24,16,26,24,16,SF,26,24,2
19bd01c2-1a46-490d-9a44-874ee8ae622b,69a6fcb68d2c56aa82e48ac7,JR,80,235,44,34,86,12,26,35,57,93,22,13,29,17,68,28,27,49,67,82,C,82,67,15
1fc75b09-b727-4c15-a76f-a957370c89ed,69a6fcb68d2c56aa82e48ac7,SR,70,167,11,26,17,16,5,25,15,14,14,12,10,13,4,16,18,15,14,9,SG,18,16,2
1ff3501a-a6b9-451d-a753-f1565181cde5,69a6fcb68d2c56aa82e48ac7,SR,82,260,14,9,16,10,30,46,12,13,14,14,8,15,5,24,12,13,19,48,C,48,24,24
38e9990f-7515-42f9-b067-fc03ee380c1f,69a6fcb68d2c56aa82e48ac7,JR,78,233,49,11,67,8,25,28,48,97,14,3,14,22,37,20,16,43,61,69,C,69,61,8
3f265447-8e59-4770-86cf-11096b2fbacd,69a6fcb68d2c56aa82e48ac7,FR,79,235,63,30,95,17,40,3,69,85,42,19,6,41,70,18,31,55,71,87,C,87,71,16
46751a6e-70d9-4b72-9bf6-59c4c2aa8c55,69a6fcb68d2c56aa82e48ac7,FR,72,198,18,17,13,24,8,11,13,18,10,18,12,18,93,13,18,16,16,9,SG,18,16,2
6fcb5e06-81a9-419c-8291-0ed23daf373c,69a6fcb68d2c56aa82e48ac7,SO,71,190,32,99,4,32,5,7,22,88,30,7,8,18,16,17,55,48,37,22,SG,55,48,7
7043764d-4e3e-4e94-b964-ec1cc7c1926f,69a6fcb68d2c56aa82e48ac7,JR,73,208,82,33,60,13,24,20,66,78,37,7,45,41,73,30,34,52,61,43,PF,61,52,9
9015d7be-9fb6-4185-824e-3f59e77d7666,69a6fcb68d2c56aa82e48ac7,SR,84,272,93,53,77,64,4,40,95,92,76,39,47,49,8,43,59,76,83,94,C,94,83,11
bd2b0a63-88d9-4031-8893-00d803c2422a,69a6fcb68d2c56aa82e48ac7,SR,74,193,53,53,96,94,60,32,97,98,36,39,24,40,57,42,60,66,79,52,PF,79,66,13
c5019cf3-b3d4-4574-a4b6-00f67a7f7a8e,69a6fcb68d2c56aa82e48ac7,SO,69,157,33,10,41,8,18,23,26,38,34,40,13,37,62,19,16,30,28,21,SF,30,28,2
cd71dc76-a761-4c60-ab03-fdc1a069cacc,69a6fcb68d2c56aa82e48ac7,FR,84,263,39,9,77,21,2,14,44,72,37,32,17,11,20,16,18,43,54,75,C,75,54,21
d9cfe627-021c-4803-975b-cde515a00c51,69a6fcb68d2c56aa82e48ac7,JR,71,182,41,23,48,24,22,40,33,31,21,25,47,10,27,33,25,29,31,23,PG,33,31,2
e61e8a10-0754-481e-bbae-c4c04ea2ddd6,69a6fcb68d2c56aa82e48ac7,SO,74,177,1,24,20,21,35,9,21,13,20,20,13,3,73,17,20,16,17,8,SG,20,17,3
04b2f129-9bd3-4fdd-ba84-71ca44d1c1ae,69a6fcb68d2c56aa82e48ac8,FR,68,159,6,12,22,22,25,11,26,13,18,8,15,11,77,16,15,15,17,10,PF,17,16,1
1b65f992-2b05-4a48-9247-181bf8b48e82,69a6fcb68d2c56aa82e48ac8,SO,78,248,50,6,83,32,4,34,51,73,30,29,22,38,51,25,22,46,59,69,C,69,59,10
298e2ea3-6012-4a8a-9797-4dff715cabfc,69a6fcb68d2c56aa82e48ac8,SR,72,206,78,88,73,65,72,84,80,62,88,78,73,95,99,79,80,76,70,44,SG,80,79,1
410da912-0f38-4bdb-a847-bb777803a852,69a6fcb68d2c56aa82e48ac8,JR,77,225,15,30,32,14,31,14,21,22,20,24,25,36,43,22,24,23,29,34,C,34,29,5
500806b5-cf10-41e1-a7eb-f9de99079fc5,69a6fcb68d2c56aa82e48ac8,JR,67,168,37,93,30,90,10,21,49,6,59,33,10,17,22,31,71,43,29,18,SG,71,43,28
540cada1-0727-437d-bdf4-8f80a7384283,69a6fcb68d2c56aa82e48ac8,SO,70,152,30,10,51,8,48,24,84,60,25,22,10,22,45,22,16,33,51,34,PF,51,34,17
5759744d-cca2-4caf-bf8a-2df6a6e112a9,69a6fcb68d2c56aa82e48ac8,FR,69,176,4,21,15,8,4,15,2,3,10,6,17,9,24,13,13,9,6,4,PG,13,13,0
696c7f85-d7aa-4c92-a380-6710d3c33aaa,69a6fcb68d2c56aa82e48ac8,JR,77,229,15,18,16,19,20,21,19,20,19,13,11,17,80,18,18,18,24,30,C,30,24,6
9fca19d9-b59f-47f3-abd2-b8f940156951,69a6fcb68d2c56aa82e48ac8,SO,68,169,19,15,30,35,10,23,33,7,35,33,16,34,4,22,23,23,20,13,SG,23,23,0
a354fc3a-5aa3-485f-8ea5-cee2f57d7eee,69a6fcb68d2c56aa82e48ac8,FR,70,182,33,27,19,60,81,92,32,38,9,35,63,41,13,66,39,31,30,18,PG,66,39,27
b2ff56eb-813e-4d17-bc38-27e799a610c2,69a6fcb68d2c56aa82e48ac8,FR,75,215,48,32,60,38,28,40,45,48,20,37,21,37,78,31,33,38,44,30,PF,44,38,6
cac5e1e4-eaa4-439a-b719-f9d8d546c07d,69a6fcb68d2c56aa82e48ac8,FR,66,171,1,20,26,25,17,4,7,6,5,19,17,19,3,13,18,12,10,6,SG,18,13,5
e92918bf-979f-4a47-9b33-bca1d2dead5c,69a6fcb68d2c56aa82e48ac8,SR,67,170,52,28,33,20,32,34,32,32,47,36,47,29,82,36,32,37,30,22,SF,37,36,1
f0986efe-5254-49c4-8e3d-9384976e7b9f,69a6fcb68d2c56aa82e48ac8,JR,74,202,4,8,8,7,4,8,28,6,5,22,6,6,25,6,7,6,15,7,PF,15,7,8
fe0d1bce-8614-42ca-ad38-cead6a5b85e6,69a6fcb68d2c56aa82e48ac8,SR,73,197,43,54,16,37,62,71,36,38,16,38,28,12,26,46,42,31,32,20,PG,46,42,4
288dccfb-26cb-4d40-84df-1c1ab9188872,69a6fcb68d2c56aa82e48ac9,SR,74,207,13,23,23,12,22,20,26,29,20,23,21,21,12,20,19,21,25,14,PF,25,21,4
29dcbdca-6889-470f-a843-b04ed2712e31,69a6fcb68d2c56aa82e48ac9,SR,75,214,24,69,29,78,43,26,94,103,63,74,59,32,86,48,63,66,70,38,PF,70,66,4
68c041c3-6058-4305-89e2-69bfd5304ef9,69a6fcb68d2c56aa82e48ac9,SR,69,167,23,17,4,8,39,50,17,6,28,96,89,42,89,50,22,20,16,7,PG,50,22,28
6b59403d-c62f-46d0-911a-ab980e6f7ae3,69a6fcb68d2c56aa82e48ac9,SR,74,196,10,99,22,35,22,30,3,96,16,37,35,23,25,32,55,48,39,20,SG,55,48,7
700370c2-617e-4242-bd8b-651b58f53cbf,69a6fcb68d2c56aa82e48ac9,JR,69,171,4,9,2,2,4,8,4,3,5,5,3,6,81,5,6,4,3,2,SG,6,5,1
702785e9-c997-44cd-996b-a13b75562781,69a6fcb68d2c56aa82e48ac9,FR,71,194,27,1,35,98,93,99,16,36,37,20,97,6,70,82,41,40,26,17,PG,82,41,41
7ddd093d-38b6-42c0-b9dc-c5887e9b0f45,69a6fcb68d2c56aa82e48ac9,JR,71,186,38,88,90,104,13,14,5,80,12,26,66,80,61,43,74,62,49,32,SG,74,62,12
7e58b740-6005-4551-b351-df95c72509c1,69a6fcb68d2c56aa82e48ac9,SR,67,170,1,6,10,12,5,11,7,7,13,13,7,9,71,9,8,9,6,4,PG,9,9,0
99cf782e-440e-421a-960d-f470feb206c4,69a6fcb68d2c56aa82e48ac9,SO,71,188,13,12,17,44,25,20,92,93,14,31,13,46,28,22,23,38,58,32,PF,58,38,20
a7e438ee-d734-40c5-a0fc-cc8234a70d16,69a6fcb68d2c56aa82e48ac9,SR,77,208,57,18,11,24,20,32,56,25,35,14,36,8,60,29,26,28,38,42,C,42,38,4
b9e5e868-2875-4a11-a132-c1c1552e18d8,69a6fcb68d2c56aa82e48ac9,SO,78,226,71,69,69,89,64,60,69,65,93,64,64,82,43,69,77,77,69,71,SG,77,77,0
c676fc60-6aac-48d7-8dec-18d8146c83b0,69a6fcb68d2c56aa82e48ac9,SR,68,159,98,19,64,13,26,18,56,90,23,21,31,6,12,22,26,49,57,46,PF,57,49,8
f17c0a57-8ee1-4b21-aa4c-e70f15e7c775,69a6fcb68d2c56aa82e48ac9,SO,73,172,6,14,1,24,1,15,20,36,34,41,14,10,18,15,17,23,20,9,SF,23,20,3
f59a5904-0c07-45fc-adb8-50316cd81331,69a6fcb68d2c56aa82e48ac9,SR,69,170,48,101,61,85,22,38,29,78,58,30,58,102,6,54,81,72,53,32,SG,81,72,9
fdb53b9c-0fdd-469d-af07-3045d07959b9,69a6fcb68d2c56aa82e48ac9,FR,72,168,30,13,12,28,14,13,20,6,17,23,1,28,9,13,19,16,15,10,SG,19,16,3
063c8f08-7005-48b8-8a7a-35631dcb6a38,69a6fcb68d2c56aa82e48aca,FR,79,242,21,33,98,15,39,6,13,81,32,21,32,7,17,22,26,47,51,72,C,72,51,21
0b64102b-999e-47df-afb7-63516a52d3b2,69a6fcb68d2c56aa82e48aca,SR,74,215,44,19,5,102,39,36,25,40,101,34,14,14,92,42,51,54,25,17,SF,54,51,3
15b3c9af-6759-4f91-9d8c-534cdb97d8b5,69a6fcb68d2c56aa82e48aca,JR,69,188,18,39,30,28,49,31,10,9,7,33,18,16,75,27,29,17,14,10,SG,29,27,2
15e2d9a2-a0fa-476c-9680-b11c85644c4b,69a6fcb68d2c56aa82e48aca,JR,71,189,44,49,31,96,40,35,21,30,94,13,49,18,60,51,63,56,26,19,SG,63,56,7
1bd464c8-128d-4287-a6bb-3b9cfe7328db,69a6fcb68d2c56aa82e48aca,JR,74,205,35,60,36,14,71,22,30,39,47,96,102,14,53,53,45,42,37,21,PG,53,45,8
447fb226-2db4-44bc-9ff8-eaa5945a796d,69a6fcb68d2c56aa82e48aca,JR,82,260,15,16,11,23,18,14,17,21,17,7,13,19,67,16,18,18,23,50,C,50,23,27
461fd562-9fa5-429f-87e0-fcb328bcd63d,69a6fcb68d2c56aa82e48aca,SR,71,191,13,11,8,16,16,10,9,13,21,18,13,21,83,14,14,15,10,6,SF,15,14,1
696beafd-cb3c-44d9-9c18-4997244773fa,69a6fcb68d2c56aa82e48aca,SR,71,189,23,15,20,27,16,20,13,26,22,26,21,21,78,20,20,23,17,12,SF,23,20,3
8d37ba89-7dbb-4d52-9f3c-2065d537b50c,69a6fcb68d2c56aa82e48aca,JR,84,263,9,3,99,34,23,53,24,97,36,38,21,42,88,34,18,51,58,74,C,74,58,16
924c94e3-259c-494f-9845-b58231c3e8bf,69a6fcb68d2c56aa82e48aca,FR,72,177,17,3,31,30,2,18,29,6,32,3,25,3,8,18,15,19,20,12,PF,20,19,1
988095a0-bed6-4e5d-96c3-eb76b280a55a,69a6fcb68d2c56aa82e48aca,SR,77,223,53,31,78,4,24,3,47,66,23,25,22,12,55,15,24,41,56,57,C,57,56,1
a425fe27-1d49-437b-ad80-4347650f6b13,69a6fcb68d2c56aa82e48aca,FR,71,174,17,4,17,13,1,30,28,7,5,26,5,25,52,14,9,10,15,10,PF,15,14,1
e74b87f3-1b87-4f1c-8063-7c86447bdeef,69a6fcb68d2c56aa82e48aca,SR,78,236,45,12,81,32,14,13,62,77,30,1,23,28,88,20,24,46,63,70,C,70,63,7
ee34e7c9-ae97-4248-b1b4-2923b363bab0,69a6fcb68d2c56aa82e48aca,JR,75,221,35,33,101,30,43,24,43,103,41,58,44,31,23,35,34,60,63,42,PF,63,60,3
ff5a52e8-d676-403f-bb45-bc69e1b58864,69a6fcb68d2c56aa82e48aca,JR,67,164,14,89,24,90,38,21,35,56,37,19,46,35,31,42,69,49,37,19,SG,69,49,20
123716d5-345c-433e-8e38-22e5f08c1fa5,69a6fcb68d2c56aa82e48acb,JR,71,193,73,60,96,73,74,41,103,104,49,44,36,63,64,51,63,73,83,56,PF,83,73,10
153c5644-2471-42b3-b659-5602a4935f35,69a6fcb68d2c56aa82e48acb,SR,70,188,17,7,30,12,10,25,9,11,12,11,19,13,99,17,11,14,13,10,PG,17,14,3
47a2dd82-41f5-4de8-b69b-fcc060cbd1d6,69a6fcb68d2c56aa82e48acb,SO,74,214,17,28,72,51,34,17,24,69,37,21,28,4,80,28,33,45,42,27,SF,45,42,3
486a7e99-eaaa-4211-a348-84651bf10f68,69a6fcb68d2c56aa82e48acb,SO,66,170,16,41,24,20,38,35,5,42,21,25,9,14,75,25,28,27,20,13,SG,28,27,1
6168bc44-c3a1-4348-847d-eeaea4e550d9,69a6fcb68d2c56aa82e48acb,FR,68,161,18,31,25,32,12,10,30,26,12,24,1,15,36,12,25,21,22,15,SG,25,22,3
658ad8fc-0ecb-4a14-97b8-75a1c02e986a,69a6fcb68d2c56aa82e48acb,JR,77,230,46,23,86,23,7,19,46,94,5,32,25,2,24,17,22,44,62,61,PF,62,61,1
833a03c8-97b5-414f-97fd-5fb21943d473,69a6fcb68d2c56aa82e48acb,JR,73,204,12,33,75,28,22,15,28,89,27,11,32,12,72,24,27,46,49,31,PF,49,46,3
a80b17ee-25b1-49f1-a77b-f1f88ee9172d,69a6fcb68d2c56aa82e48acb,JR,73,201,32,7,13,46,74,73,4,31,10,34,43,6,22,50,25,22,18,12,PG,50,25,25
c269aed6-969c-4b3a-b4ff-a8de92b43ebf,69a6fcb68d2c56aa82e48acb,SO,69,166,73,29,40,91,58,68,39,45,97,70,37,51,1,61,59,63,38,30,SF,63,61,2
c9a7bdae-c83b-435b-93e9-4779a98ea6ae,69a6fcb68d2c56aa82e48acb,SR,72,191,24,99,41,39,46,35,12,18,101,22,20,32,46,43,67,53,26,14,SG,67,53,14
d7c27b5f-6388-4776-93cd-e41aa9f855ca,69a6fcb68d2c56aa82e48acb,JR,67,162,16,13,17,17,11,17,17,15,16,15,14,14,92,15,15,15,14,10,PG,15,15,0
daa0339c-f63f-4158-9613-adf8a7ac06de,69a6fcb68d2c56aa82e48acb,FR,71,156,3,14,8,1,5,13,5,25,21,2,4,11,17,9,9,15,11,6,SF,15,11,4
dc0738e0-c2a0-457c-a786-54435749938d,69a6fcb68d2c56aa82e48acb,SR,72,195,41,104,37,91,15,55,17,35,46,21,65,18,1,55,78,52,33,20,SG,78,55,23
f3b7421a-75d5-41fb-ae3d-a6e6fc8cc1d6,69a6fcb68d2c56aa82e48acb,SR,68,160,25,17,22,20,27,21,24,25,11,20,30,25,14,23,20,20,22,14,PG,23,22,1
fb3c7a2e-39a7-4b41-8931-0a5df518aa9c,69a6fcb68d2c56aa82e48acb,FR,74,197,54,72,12,40,28,5,47,42,36,22,24,16,18,24,51,39,37,23,SG,51,39,12
04740eff-7926-4392-b51c-87b91e46733c,69a6fcb68d2c56aa82e48acc,SR,78,236,21,68,37,24,40,27,33,87,43,56,18,21,93,30,44,49,51,57,C,57,51,6
077cd987-b8d0-4b59-a997-be00575a0fea,69a6fcb68d2c56aa82e48acc,JR,77,231,75,95,39,101,27,84,44,50,48,40,59,54,96,66,83,61,53,51,SG,83,66,17
271dbaec-c050-4054-8fe8-1847c717ed29,69a6fcb68d2c56aa82e48acc,FR,66,167,14,6,26,32,18,24,27,21,31,29,8,10,53,19,17,22,19,13,SF,22,19,3
3e0eb93d-ccc2-49e4-86d2-0ffcb0432f15,69a6fcb68d2c56aa82e48acc,SO,67,167,30,4,15,2,1,36,28,39,2,25,41,17,75,23,8,18,25,17,PF,25,23,2
4cd84e25-1eeb-4030-8201-ee954604ffca,69a6fcb68d2c56aa82e48acc,SR,71,187,18,42,89,37,52,7,88,94,18,60,13,14,70,21,34,48,68,43,PF,68,48,20
6aea0786-929b-4ba4-a403-1bca67a91ca4,69a6fcb68d2c56aa82e48acc,JR,76,232,19,91,57,17,56,39,20,95,57,60,52,65,99,48,57,62,57,39,SF,62,57,5
c2b9aae3-2875-49a8-9c85-b7c584593149,69a6fcb68d2c56aa82e48acc,SR,70,179,15,20,17,14,16,19,12,24,13,17,21,18,49,18,17,18,16,10,PG,18,18,0
c33c512a-6909-4ccb-abfb-685a2dee9cc2,69a6fcb68d2c56aa82e48acc,SR,67,167,43,97,35,28,18,37,58,51,89,41,61,34,27,47,65,60,47,28,SG,65,60,5
d80915b1-242e-418e-9d3e-2f842fdb988c,69a6fcb68d2c56aa82e48acc,SR,68,172,47,47,58,59,73,76,70,52,69,63,58,76,18,67,55,58,54,34,PG,67,58,9
d9f3b9e5-969a-4a79-823e-43af4c9efd9a,69a6fcb68d2c56aa82e48acc,JR,70,182,9,10,11,14,18,13,10,29,9,24,39,13,81,20,13,16,15,9,PG,20,16,4
dfba83d4-b354-4234-b252-560741761b1b,69a6fcb68d2c56aa82e48acc,SO,75,208,6,36,67,16,97,38,76,94,44,25,46,12,42,46,31,50,64,36,PF,64,50,14
e3e9abc4-8287-4f67-9a72-a8023204257d,69a6fcb68d2c56aa82e48acc,FR,74,193,28,19,20,18,9,10,15,23,27,17,23,17,28,16,20,23,20,13,SF,23,20,3
e4bbf5f4-41be-4f36-a713-974ca1b2961b,69a6fcb68d2c56aa82e48acc,SO,71,184,19,22,16,25,29,24,23,20,29,24,14,28,27,23,23,23,18,12,PG,23,23,0
ebb00f7e-33cc-45a3-b3b0-5e8811cfb6de,69a6fcb68d2c56aa82e48acc,FR,66,174,4,27,6,27,28,12,20,23,17,7,18,30,90,20,23,19,17,8,SG,23,20,3
fead831e-190d-4d4f-9359-b56d4f16d9cf,69a6fcb68d2c56aa82e48acc,JR,74,209,50,18,71,28,2,38,41,59,17,41,43,9,99,28,24,38,46,33,PF,46,38,8
0a4ba97e-03a3-47a1-9dc3-8c9ec94368af,69a6fcb68d2c56aa82e48acd,SO,72,188,58,12,88,43,17,18,82,96,36,5,16,15,42,21,27,55,69,49,PF,69,55,14
1f274ddf-8bb7-49c4-8215-35ee3b5dd6fc,69a6fcb68d2c56aa82e48acd,JR,69,172,4,5,3,2,6,6,5,6,3,5,4,4,38,5,4,4,4,3,PG,5,4,1
2836df2b-c67a-4b2d-950d-8dd42a34cc69,69a6fcb68d2c56aa82e48acd,FR,69,171,65,32,35,71,24,42,7,38,62,34,23,25,41,38,47,48,24,22,SF,48,47,1
2a7cef6b-0b25-4191-9c6b-872f374fa48d,69a6fcb68d2c56aa82e48acd,JR,75,218,9,103,24,39,41,42,20,101,28,24,37,30,88,41,60,53,46,23,SG,60,53,7
2aaa9323-9117-411e-b50e-b2faa054fa80,69a6fcb68d2c56aa82e48acd,SR,73,197,43,98,50,91,21,48,32,43,32,46,43,53,58,48,75,52,42,25,SG,75,52,23
3c8b694d-4c0a-45f1-b780-420a17217259,69a6fcb68d2c56aa82e48acd,JR,69,165,2,5,16,14,8,1,28,38,50,18,45,38,63,21,15,30,25,13,SF,30,25,5
4a0b0cb0-d7c3-4334-98c0-87e9b97a64e4,69a6fcb68d2c56aa82e48acd,JR,73,214,42,47,34,55,70,56,35,67,42,44,62,72,12,58,51,52,46,27,PG,58,52,6
655aff13-d197-40a2-b595-74438a9717e0,69a6fcb68d2c56aa82e48acd,JR,70,174,38,35,49,25,28,48,45,20,40,25,37,5,47,36,32,32,32,23,PG,36,32,4
75c5a0cf-575a-48bf-aadb-9975d0bf2343,69a6fcb68d2c56aa82e48acd,FR,71,171,10,18,10,1,7,25,10,32,14,25,6,12,59,13,11,16,15,9,SF,16,15,1
76f6101d-bc07-4141-a06a-6112f8624f50,69a6fcb68d2c56aa82e48acd,JR,75,206,93,92,7,52,18,29,22,96,95,26,18,22,48,36,72,74,45,33,SF,74,72,2
9c4950e8-9f35-4e1f-b69d-2775dbd555a6,69a6fcb68d2c56aa82e48acd,SR,77,236,68,45,72,14,22,41,44,88,16,17,37,40,52,32,35,50,63,61,PF,63,61,2
ca380517-83f0-41fb-a40e-e8a67abc37d8,69a6fcb68d2c56aa82e48acd,JR,74,204,97,10,82,17,37,21,76,96,11,13,14,13,6,19,22,49,68,53,PF,68,53,15
d7ddfef8-2735-48a6-a490-f7e11ba7532e,69a6fcb68d2c56aa82e48acd,FR,75,203,27,92,36,96,26,61,40,35,35,33,51,44,7,55,73,47,39,21,SG,73,55,18
d9a19b3c-a9e9-401a-8c73-d5bac04f1969,69a6fcb68d2c56aa82e48acd,SR,72,195,17,17,20,18,26,23,15,24,21,13,18,15,77,21,18,20,19,11,PG,21,20,1
f65b8888-2d46-4ca5-849f-631645ea80c1,69a6fcb68d2c56aa82e48acd,SR,72,193,29,29,93,84,44,29,5,64,44,40,29,12,82,37,44,53,39,29,SF,53,44,9
39c31cfb-2523-4d59-ad0b-31eacf320120,69a6fcb68d2c56aa82e48ace,SR,67,168,12,13,13,6,6,11,10,8,7,12,9,8,7,9,10,9,9,6,SG,10,9,1
4147b77f-6ab9-4998-bc22-e7d8140f8c04,69a6fcb68d2c56aa82e48ace,FR,67,172,3,21,14,10,4,20,10,1,6,30,7,11,62,12,13,7,7,4,SG,13,12,1
623000ae-97aa-45d5-8b4c-14d55538c117,69a6fcb68d2c56aa82e48ace,SR,68,174,84,18,29,98,33,16,13,36,63,5,37,34,17,38,52,51,26,24,SG,52,51,1
790255b4-3260-4ced-a881-65654c41874d,69a6fcb68d2c56aa82e48ace,JR,69,177,49,20,30,15,15,14,16,11,16,10,11,14,97,14,20,19,17,16,SG,20,19,1
81d5ef47-bf64-491c-850f-a33e62b118cb,69a6fcb68d2c56aa82e48ace,FR,68,166,49,44,45,44,18,22,28,17,95,20,29,1,74,33,45,48,26,21,SF,48,45,3
86c03c2c-7144-4800-b9cd-863cafc5acb6,69a6fcb68d2c56aa82e48ace,SO,76,229,104,68,54,54,34,4,99,90,9,23,33,34,54,26,57,56,80,62,PF,80,62,18
9e416cf8-bb02-4cb0-a1ae-f151ead0b208,69a6fcb68d2c56aa82e48ace,JR,68,165,22,14,26,31,24,14,29,17,14,29,31,33,59,22,21,20,22,14,PG,22,22,0
a6655847-7338-479e-8172-d8e459236952,69a6fcb68d2c56aa82e48ace,SR,74,201,12,89,42,36,20,15,20,101,14,24,43,36,7,30,52,51,49,26,SG,52,51,1
a8231087-2b38-47a5-ab86-da3b6ee24e0a,69a6fcb68d2c56aa82e48ace,FR,71,173,2,3,17,27,28,31,13,29,2,28,13,9,56,20,11,14,15,9,PG,20,15,5
ae171d63-cdc4-4b33-aa93-625db1aa360c,69a6fcb68d2c56aa82e48ace,JR,78,226,51,37,62,19,37,4,36,60,21,42,40,30,66,24,32,41,50,61,C,61,50,11
c4624597-bee4-4820-9e16-c4b7c4cc8545,69a6fcb68d2c56aa82e48ace,SR,75,206,15,27,18,13,14,23,16,13,24,21,16,11,84,19,20,18,17,9,SG,20,19,1
c6157382-7b6b-49de-a74d-4ad456bf8a8a,69a6fcb68d2c56aa82e48ace,FR,66,174,9,30,12,4,26,25,16,13,12,27,31,18,80,23,19,14,14,8,PG,23,19,4
d59351f0-43f0-4e6c-93fe-7dca1ac52cbf,69a6fcb68d2c56aa82e48ace,SR,72,198,88,102,37,28,22,36,28,57,73,2,14,41,1,35,68,61,43,31,SG,68,61,7
fc08b27e-e13d-4310-b0d6-b7f51a0bbfa2,69a6fcb68d2c56aa82e48ace,JR,72,199,6,90,61,10,27,17,9,48,98,37,62,37,15,42,55,58,36,19,SF,58,55,3
fdea81b7-5f6b-4996-a9d4-e1d35acc4fe3,69a6fcb68d2c56aa82e48ace,JR,66,153,22,18,14,41,29,28,7,34,24,15,35,23,69,30,26,27,18,12,PG,30,27,3
15294224-156c-4166-a175-529fe1c18df0,69a6fcb68d2c56aa82e48acf,SO,69,160,101,19,93,65,7,63,90,97,23,64,11,76,53,36,41,62,76,57,PF,76,62,14
4f091ad7-949c-4e04-b9bd-adf34661deed,69a6fcb68d2c56aa82e48acf,FR,70,157,23,6,32,1,28,13,30,6,5,15,22,17,59,15,9,11,19,14,PF,19,15,4
51bd75d2-5ff5-4b3c-9e42-971fd67af46f,69a6fcb68d2c56aa82e48acf,SR,77,231,31,20,59,32,30,9,38,65,34,4,28,28,26,23,27,42,49,49,PF,49,49,0
5b842320-3898-47f1-9155-23069058677b,69a6fcb68d2c56aa82e48acf,SR,70,173,11,91,10,89,15,13,34,20,16,29,18,39,79,28,65,32,25,11,SG,65,32,33
71ff529a-fd83-4bd4-a19d-b50807bca1e4,69a6fcb68d2c56aa82e48acf,FR,70,174,5,3,7,8,40,19,6,5,6,6,5,10,71,15,7,6,5,3,PG,15,7,8
8220a4a6-5562-4e8b-8a60-a2ba5331ed1a,69a6fcb68d2c56aa82e48acf,JR,71,192,14,27,32,19,20,14,28,11,25,18,32,7,28,21,22,20,20,13,SG,22,21,1
89a36fe0-3f32-4f8e-b50c-769df6f42169,69a6fcb68d2c56aa82e48acf,FR,70,179,7,11,10,12,8,8,23,8,7,26,7,6,34,8,10,8,12,7,PF,12,10,2
91a69d75-9459-4fb3-a9ce-8638440ca9e2,69a6fcb68d2c56aa82e48acf,JR,70,170,7,12,9,17,10,16,17,12,10,15,15,12,87,14,13,11,12,7,PG,14,13,1
97ecc172-1d0f-46cc-9ed5-dbdd2b3056a5,69a6fcb68d2c56aa82e48acf,FR,72,170,31,15,23,12,26,20,3,11,7,28,32,21,55,22,17,15,15,10,PG,22,17,5
aef5825f-f62e-4bf8-b3ef-90916b39679b,69a6fcb68d2c56aa82e48acf,SO,70,161,13,13,15,13,24,7,9,18,14,10,16,16,74,14,14,15,12,8,SF,15,14,1
b88036f3-c52f-49d9-9c0f-27ed99abff3c,69a6fcb68d2c56aa82e48acf,SR,72,194,6,12,10,10,8,10,10,6,8,8,9,11,3,9,10,8,10,5,SG,10,10,0
c103f3cd-2a4f-407f-9854-5ec771f9325a,69a6fcb68d2c56aa82e48acf,SR,71,181,69,52,68,46,68,62,53,65,66,51,62,60,20,61,55,62,55,38,SF,62,61,1
dd582204-a921-4991-a81d-ccc70eca5031,69a6fcb68d2c56aa82e48acf,SR,69,171,18,10,10,12,13,12,8,9,8,10,9,13,44,11,11,10,9,7,PG,11,11,0
f73475a2-2ce7-4716-8b0e-55180bb48008,69a6fcb68d2c56aa82e48acf,FR,72,156,30,26,19,1,11,25,12,4,10,10,20,13,12,17,17,13,14,10,PG,17,17,0
f9754162-9b6c-4695-9e7b-345cb4b1b2ea,69a6fcb68d2c56aa82e48acf,SR,76,212,81,24,101,32,33,21,63,98,23,16,43,12,93,29,32,57,74,61,PF,74,61,13
0d25bca1-61e6-4672-8ec4-54be96e90a83,69a6fcb68d2c56aa82e48ad0,SR,77,217,41,52,88,31,37,18,37,98,17,21,11,25,78,22,38,52,63,60,PF,63,60,3
199e8cd7-4cde-4344-a411-791bfe4f2369,69a6fcb68d2c56aa82e48ad0,SO,76,230,51,62,55,34,46,60,38,62,60,47,43,58,23,51,52,56,53,41,SF,56,53,3
31d2aa52-330b-4ae0-bd60-58510f208e7a,69a6fcb68d2c56aa82e48ad0,SR,82,264,84,97,98,65,46,70,83,95,45,62,98,32,88,70,77,76,86,94,C,94,86,8
3d2be7ec-5b9a-4abf-a85d-60cc2c476278,69a6fcb68d2c56aa82e48ad0,JR,79,242,53,19,84,30,29,27,52,86,36,24,17,25,9,26,28,51,63,81,C,81,63,18
3e0083c5-29bd-4921-b710-a53bb8fb7bf9,69a6fcb68d2c56aa82e48ad0,JR,67,158,5,27,36,43,75,71,25,14,37,6,39,28,15,53,33,27,21,12,PG,53,33,20
4ecc6c08-226c-44fc-b3a7-baa3dee515d1,69a6fcb68d2c56aa82e48ad0,FR,78,234,99,90,26,37,19,13,31,89,95,46,15,21,3,29,67,73,54,67,SF,73,67,6
567fcfdc-8198-494d-980b-3fc975051dfa,69a6fcb68d2c56aa82e48ad0,SO,69,172,46,55,9,10,45,46,93,102,38,44,23,30,50,35,38,50,62,38,PF,62,50,12
9199e438-5236-4f53-82de-12fd68444a6a,69a6fcb68d2c56aa82e48ad0,SO,79,238,20,32,43,36,53,35,45,49,38,40,38,11,94,37,33,37,45,64,C,64,45,19
9c49f016-3cdf-435f-b346-646dbf8c61e8,69a6fcb68d2c56aa82e48ad0,FR,66,179,4,31,1,14,26,30,29,2,9,28,12,26,14,21,20,10,13,5,PG,21,20,1
9fef2fec-2e75-45a4-ae09-e9708717e64b,69a6fcb68d2c56aa82e48ad0,SO,71,185,25,8,13,16,19,24,28,23,40,28,42,33,81,28,18,26,21,13,PG,28,26,2
a16b1cdb-0e1a-41c5-b417-0706aa3d82b4,69a6fcb68d2c56aa82e48ad0,FR,82,247,48,53,101,46,78,77,28,91,64,76,23,95,75,59,54,69,65,80,C,80,69,11
a5c3d37f-2492-41a8-bfdb-baa61449e4ce,69a6fcb68d2c56aa82e48ad0,SO,71,184,18,18,30,34,36,33,25,11,26,16,31,12,21,31,24,21,19,13,PG,31,24,7
abcd107e-81f2-47f5-aa3d-2175672dbb6a,69a6fcb68d2c56aa82e48ad0,FR,76,225,37,90,37,41,61,34,25,41,58,25,51,89,3,51,66,52,44,31,SG,66,52,14
c7dd3df7-a202-4f9b-a100-c2f54b72025d,69a6fcb68d2c56aa82e48ad0,SR,74,201,101,42,66,95,25,29,83,55,104,73,53,75,3,51,69,77,65,46,SF,77,69,8
f588cc94-2135-4fd6-b253-cfd19a383b0d,69a6fcb68d2c56aa82e48ad0,FR,71,166,19,22,29,4,11,30,9,19,6,1,5,23,8,15,14,15,15,11,PG,15,15,0
11641899-bb4d-49d2-ab66-69012a74e006,69a6fcb68d2c56aa82e48ad1,JR,78,244,69,34,96,20,51,26,67,92,41,32,37,25,24,34,35,58,73,79,C,79,73,6
4379a850-55b4-4aaf-8565-e9933c35181c,69a6fcb68d2c56aa82e48ad1,SR,72,196,55,94,36,65,30,25,39,31,57,67,22,99,31,39,73,53,41,24,SG,73,53,20
47f483e7-a96a-4705-a1d3-338dfe9f8826,69a6fcb68d2c56aa82e48ad1,SO,79,234,91,93,83,92,91,95,83,74,87,92,80,73,73,88,90,84,80,90,SG,90,90,0
62341327-e692-4fed-9f0c-605668c94a82,69a6fcb68d2c56aa82e48ad1,SR,77,219,37,43,30,95,8,16,44,37,90,44,20,35,75,33,57,55,41,42,SG,57,55,2
745c54ae-e91c-4293-98aa-e2763aad1d6d,69a6fcb68d2c56aa82e48ad1,SR,70,179,7,79,47,28,2,50,6,27,70,23,16,32,36,35,49,43,22,13,SG,49,43,6
768769e9-734e-464a-8e45-704b4aa335f1,69a6fcb68d2c56aa82e48ad1,SR,72,196,37,31,13,13,29,42,19,24,31,23,24,33,42,31,27,26,22,14,PG,31,27,4
82ae270f-1049-45ef-9ece-266014f904df,69a6fcb68d2c56aa82e48ad1,FR,72,169,6,28,23,24,20,18,32,11,1,8,1,3,79,13,19,11,20,11,PF,20,19,1
b5d8c2dd-6106-4229-a4f0-56c0f7775ea0,69a6fcb68d2c56aa82e48ad1,JR,71,184,24,15,18,21,15,21,13,17,14,18,20,17,100,19,18,17,15,11,PG,19,18,1
b7bfa3f1-4ae1-4e62-8d72-adfca76196f7,69a6fcb68d2c56aa82e48ad1,FR,72,174,17,4,1,7,12,3,8,29,27,10,7,8,53,8,9,18,14,8,SF,18,14,4
c9ac162e-4fd1-4cd6-9707-f505cf4dc378,69a6fcb68d2c56aa82e48ad1,SR,70,168,15,38,13,12,11,18,15,40,12,17,13,7,8,15,22,22,20,12,SG,22,22,0
ce595942-53c2-46d0-9d6e-e875c0f382bb,69a6fcb68d2c56aa82e48ad1,FR,70,178,7,30,13,19,2,17,18,23,5,8,1,4,31,10,18,14,15,9,SG,18,15,3
d135676a-0a48-433d-a523-a2de1b7fbf59,69a6fcb68d2c56aa82e48ad1,FR,76,223,24,45,104,22,43,32,42,104,42,53,39,31,13,36,36,60,69,51,PF,69,60,9
d7196042-8737-4087-84fc-921bef462dbb,69a6fcb68d2c56aa82e48ad1,SR,71,182,20,90,39,56,54,26,22,33,18,18,59,35,20,44,61,38,31,17,SG,61,44,17
e5cfbf84-9544-4771-b566-45a9744e3139,69a6fcb68d2c56aa82e48ad1,SO,73,205,59,93,23,90,40,22,46,62,26,24,39,53,15,41,75,53,47,28,SG,75,53,22
f5b6d8d5-f61d-4413-8ffe-a684c64be977,69a6fcb68d2c56aa82e48ad1,SR,76,223,16,104,8,39,44,41,38,91,22,15,42,44,29,43,62,49,53,33,SG,62,53,9
