_id,name,first_name,last_name,team,team_id,jersey,height_in,weight_lb,year,st,ag,rt
eaae738e-6170-4191-b6bf-f6cf4a291b30,Jimmy Pilot,Jimmy,Pilot,Morristown,69a6fcb68d2c56aa82e48a56,22,74,214,sophomore,15,5,35
beffda50-d288-4659-a0e8-d95523597635,Aaron Mingus,Aaron,Mingus,Ocean City,69a6fcb68d2c56aa82e48a53,32,74,205,senior,75,95,83
33971d07-6f6d-459c-b24f-a0f9ce3cd477,Forrest Rutherford,Forrest,Rutherford,Ocean City,69a6fcb68d2c56aa82e48a53,41,70,168,junior,11,95,37
4e0e13d8-ae9a-4bc1-a852-86ff10c9292f,Ernie Dimes,Ernie,Dimes,Morristown,69a6fcb68d2c56aa82e48a56,13,70,180,freshman,8,10,25
30b4fb3d-6a8a-4ea8-a62e-aa4c1614bf0a,Andre Dawkins,Andre,Dawkins,South Lancaster,69a6fcb68d2c56aa82e48a59,55,75,205,freshman,26,7,41
728177e8-4742-4cb0-97cf-86497685819e,Tommy La,Tommy,La,Ocean City,69a6fcb68d2c56aa82e48a53,11,68,169,senior,14,88,78
26e15606-2eca-4616-840a-d14b87174395,Roger Henrich,Roger,Henrich,Lancaster,69a6fcb68d2c56aa82e48a54,50,84,260,senior,105,28,99
670a92ad-fea1-44c9-b8c8-c1a0c46dc7ef,Derrick Smith,Derrick,Smith,Little York,69a6fcb68d2c56aa82e48a58,10,70,177,senior,10,95,80
a3860d21-e625-4b2a-bd76-51c5ff5958af,Donovan Cotton,Donovan,Cotton,Little York,69a6fcb68d2c56aa82e48a58,40,74,207,junior,45,33,47
cf39c8b7-050d-4707-bdf6-5d3e20c0b777,Darnell Love,Darnell,Love,Xavien,69a6fcb68d2c56aa82e48a57,3,72,190,senior,44,74,78
bd2a1128-80b1-48e9-be21-835031805b49,Pete Del Fino,Pete,Del Fino,Bentley-Truman,69a6fcb68d2c56aa82e48a52,30,72,181,senior,15,12,35
83608be4-5065-4df6-9276-5e69376c15aa,Ervin Miller,Ervin,Miller,Lancaster,69a6fcb68d2c56aa82e48a54,5,70,177,senior,34,77,77
b17a21bc-790e-4893-82d5-362dd8ec19a2,Timmy Depaz,Timmy,Depaz,Lancaster,69a6fcb68d2c56aa82e48a54,1,69,158,sophomore,25,49,44
3ace59bd-a5ac-4639-9549-c35d5e1d00c6,DeAnthony Hayes III,DeAnthony,Hayes III,South Lancaster,69a6fcb68d2c56aa82e48a59,30,69,172,sophomore,21,47,35
efc6434e-25d0-4f55-9fb8-a3023cbf0371,Nolan Fortress,Nolan,Fortress,Four Corners,69a6fcb68d2c56aa82e48a55,26,71,180,senior,9,47,37
2a5439f6-4e6d-4f0e-90f5-cb7f56e94ddb,Victor LargeFoot,Victor,LargeFoot,Little York,69a6fcb68d2c56aa82e48a58,7,73,195,senior,66,86,72
db212d09-17de-4c97-a510-d2691a00fce9,Cliff Jones Jr,Cliff,Jones Jr,Ocean City,69a6fcb68d2c56aa82e48a53,33,70,173,junior,12,75,40
24a33578-d7ff-46a2-b48b-2143614122ed,Sid Bodin,Sid,Bodin,Xavien,69a6fcb68d2c56aa82e48a57,14,70,175,junior,11,22,57
90fd9806-3d58-432d-9a77-57cd478a2e52,Thurman Fullenkamp,Thurman,Fullenkamp,South Lancaster,69a6fcb68d2c56aa82e48a59,51,74,207,senior,42,19,44
8785cbe5-da8f-4c37-9b2e-54bfd8b029bb,Kermit Prospect,Kermit,Prospect,Bentley-Truman,69a6fcb68d2c56aa82e48a52,2,82,260,junior,83,30,86
c4d4afa3-c08a-47db-92b7-dd882f03000e,Jay Giancola,Jay,Giancola,Four Corners,69a6fcb68d2c56aa82e48a55,21,70,179,junior,38,74,71
560d1d61-4ddb-4ac8-b68b-00181e488c48,Joey Giblin,Joey,Giblin,Lancaster,69a6fcb68d2c56aa82e48a54,6,70,178,junior,24,39,32
2e0089ee-a3e6-4c2d-8822-170fbbd335ac,Kwame Castor,Kwame,Castor,Morristown,69a6fcb68d2c56aa82e48a56,54,77,239,senior,84,11,74
b7b3a416-ae6c-49bf-a5c5-0559e9be463c,Tyrone Celaya,Tyrone,Celaya,South Lancaster,69a6fcb68d2c56aa82e48a59,69,76,216,senior,90,93,84
8387538a-1a76-451d-9c08-9c812bf65fdc,Kent McManus,Kent,McManus,Bentley-Truman,69a6fcb68d2c56aa82e48a52,4,70,178,sophomore,13,12,43
2bba8939-29f2-456d-9d6e-715bff328f3c,Jonathan Fabrizio,Jonathan,Fabrizio,Ocean City,69a6fcb68d2c56aa82e48a53,99,78,221,freshman,24,9,46
5ea5f459-710e-489f-9973-c276ac874221,Felix Steele,Felix,Steele,South Lancaster,69a6fcb68d2c56aa82e48a59,21,71,188,junior,44,81,68
c1625529-4539-4e99-aedd-5b54235bfd6a,Eli Minutes,Eli,Minutes,Xavien,69a6fcb68d2c56aa82e48a57,7,72,185,senior,45,10,47
a2aa2719-0f09-47d7-8c99-ad208f20b847,Warren Davis,Warren,Davis,Four Corners,69a6fcb68d2c56aa82e48a55,42,79,265,senior,80,9,67
a3e25093-32f8-4933-865d-ff32c813d627,Sonny Carrozza,Sonny,Carrozza,South Lancaster,69a6fcb68d2c56aa82e48a59,29,70,190,junior,22,51,44
2773f3d4-1b64-4b29-ac1d-37043c17438d,Kenneth O'Callahan,Kenneth,O'Callahan,South Lancaster,69a6fcb68d2c56aa82e48a59,7,68,162,senior,11,20,42
eefc46cc-42f6-468a-93ff-96286eec18b9,Brian Jeffries,Brian,Jeffries,Xavien,69a6fcb68d2c56aa82e48a57,1,69,171,sophomore,20,52,45
030d9bd9-125d-4ad5-a49c-12b528d7ae89,Paul Pavelka,Paul,Pavelka,Four Corners,69a6fcb68d2c56aa82e48a55,17,72,176,junior,17,19,50
f369adfc-6cb6-4c9e-8725-dee69f5801aa,Terry Axelford,Terry,Axelford,South Lancaster,69a6fcb68d2c56aa82e48a59,43,76,228,junior,61,21,62
b78c7115-a7ad-4bb1-98a7-822e88d5ecc0,Scott Swensen,Scott,Swensen,Xavien,69a6fcb68d2c56aa82e48a57,24,74,204,senior,70,71,69
3a910b40-f05c-4624-9555-aeb13faf56e6,Kevin Nelson,Kevin,Nelson,Morristown,69a6fcb68d2c56aa82e48a56,33,70,174,sophomore,35,71,71
1b444605-7f6e-495f-af71-4108eadbc89a,JR Crawford,JR,Crawford,South Lancaster,69a6fcb68d2c56aa82e48a59,34,70,180,sophomore,31,18,44
c5242a24-b0fa-48ce-b148-299103be4221,Steven Martinez,Steven,Martinez,Xavien,69a6fcb68d2c56aa82e48a57,36,69,168,junior,14,82,37
88ab7e7e-c3ef-4f45-ab85-0814891fddb8,Omar Nola,Omar,Nola,Bentley-Truman,69a6fcb68d2c56aa82e48a52,17,76,207,junior,70,55,61
c6467e5b-fd10-46e3-88a0-9941391cc6b7,Jeffrey Jackson,Jeffrey,Jackson,Four Corners,69a6fcb68d2c56aa82e48a55,34,76,227,senior,82,71,82
b97f8a36-2532-4fe9-af35-5f42ab24a737,Frankie Herndon,Frankie,Herndon,Little York,69a6fcb68d2c56aa82e48a58,21,73,181,sophomore,16,19,44
29654adb-54cf-4584-85cc-976e8bada5cc,Cedrick McBurns,Cedrick,McBurns,Little York,69a6fcb68d2c56aa82e48a58,15,70,168,senior,12,13,50
b3fab5a0-9a2e-41f8-89d4-271eaaceb6ad,Carlton Bonner,Carlton,Bonner,Morristown,69a6fcb68d2c56aa82e48a56,34,81,248,senior,93,29,90
0ebe584c-1baf-41aa-b270-f48549527ecf,Michael Garza,Michael,Garza,Morristown,69a6fcb68d2c56aa82e48a56,25,69,178,sophomore,11,40,31
da0cf556-b8b9-47d1-91f9-a80595359f4e,Norris Khan,Norris,Khan,Lancaster,69a6fcb68d2c56aa82e48a54,23,74,186,sophomore,52,75,64
2b2c829f-d990-4463-9fa7-679126f14f58,Wallace Farrabee,Wallace,Farrabee,Little York,69a6fcb68d2c56aa82e48a58,33,75,217,sophomore,70,27,68
e78e967d-86f8-4f31-b5f3-2729ac5c3ecb,Mose Hawkins,Mose,Hawkins,Morristown,69a6fcb68d2c56aa82e48a56,43,67,158,senior,36,70,76
79c6c5c9-43a2-4d8a-b7f9-337231091e64,Von Sanborn,Von,Sanborn,Bentley-Truman,69a6fcb68d2c56aa82e48a52,25,70,168,sophomore,24,72,58
31699ab9-3855-44ae-87dc-76a6bca3190e,Jerry O'Neal,Jerry,O'Neal,Little York,69a6fcb68d2c56aa82e48a58,3,68,159,freshman,14,29,38
d9449124-4ca6-4437-b192-554be3a5d00a,Damon Martin,Damon,Martin,Lancaster,69a6fcb68d2c56aa82e48a54,22,73,213,junior,90,14,55
df743fbc-109b-460c-8b00-c0b5c2d324bc,Ferdinand Steele,Ferdinand,Steele,South Lancaster,69a6fcb68d2c56aa82e48a59,12,70,179,junior,25,76,66
0add5f1e-8da2-486e-8927-ced609e0c6cc,Neel Baldwin,Neel,Baldwin,South Lancaster,69a6fcb68d2c56aa82e48a59,1,78,228,senior,65,12,72
17694da1-cf52-4934-8755-aaddb23e7cd0,Peter Gregory,Peter,Gregory,Morristown,69a6fcb68d2c56aa82e48a56,1,72,198,junior,55,84,71
8487cb3b-887b-472a-90d9-f46caa572d46,Xenon Fletcher,Xenon,Fletcher,Bentley-Truman,69a6fcb68d2c56aa82e48a52,0,72,175,senior,32,80,89
7c0baaab-a1fc-474c-ae39-735fa77f223c,Quinn Aldrete,Quinn,Aldrete,Ocean City,69a6fcb68d2c56aa82e48a53,44,76,230,junior,94,18,65
ca3259d3-5a3d-48b6-875b-1c16d591c535,Craig James,Craig,James,Ocean City,69a6fcb68d2c56aa82e48a53,16,72,180,senior,27,18,39
acbbd4d6-d841-4217-9fe6-7a73ce5e1f8b,Booker Preston,Booker,Preston,Ocean City,69a6fcb68d2c56aa82e48a53,7,71,182,freshman,5,12,32
4c985ddd-4f6e-4be7-8476-8b8be842724e,Teddy Spielman,Teddy,Spielman,Little York,69a6fcb68d2c56aa82e48a58,5,72,190,junior,50,61,39
27f01228-279c-4e5b-b463-99f578dd88c8,Marlin McDonough,Marlin,McDonough,Xavien,69a6fcb68d2c56aa82e48a57,18,73,200,senior,42,9,52
1cab89f0-f2b2-4c45-8d31-6e38746c4477,Clint Workman,Clint,Workman,Bentley-Truman,69a6fcb68d2c56aa82e48a52,20,73,185,sophomore,45,86,52
d664ffa7-8320-4050-97bb-bc4ff162b5cf,Jayson Dutta,Jayson,Dutta,Little York,69a6fcb68d2c56aa82e48a58,54,74,200,freshman,21,14,37
69e37c36-77cd-4d9d-ae97-0ab85d27f5b9,Nate Reardon,Nate,Reardon,Xavien,69a6fcb68d2c56aa82e48a57,30,74,205,senior,38,11,47
1b15ccb9-17b1-492c-a0c4-e82b3d368079,CJ Castleman,CJ,Castleman,Bentley-Truman,69a6fcb68d2c56aa82e48a52,44,76,218,senior,79,26,77
2f7736fc-8bf6-45ea-814f-d32179ad4fc7,Leonard Tibbits,Leonard,Tibbits,Four Corners,69a6fcb68d2c56aa82e48a55,12,70,179,junior,20,46,44
a490f32e-54e3-44d3-b805-b3e43b524fda,Prince Baez,Prince,Baez,Four Corners,69a6fcb68d2c56aa82e48a55,8,73,173,sophomore,21,50,34
7acb9670-0995-45e3-8ca8-1c7f8a601f92,Jeremy Johnson,Jeremy,Johnson,Lancaster,69a6fcb68d2c56aa82e48a54,41,74,203,senior,24,13,36
7c10c995-0d1a-4c1b-b4eb-7198ad81c9b2,Ellis Clemons,Ellis,Clemons,Lancaster,69a6fcb68d2c56aa82e48a54,4,70,177,freshman,8,35,31
1ac0782e-e1b3-4cb6-9462-b1ff032ed9ed,Emery Landraneau,Emery,Landraneau,Little York,69a6fcb68d2c56aa82e48a58,88,80,244,senior,89,11,79
1a4c430b-b160-42a5-9de7-759e64726a81,Manual Roose,Manual,Roose,Little York,69a6fcb68d2c56aa82e48a58,9,73,188,senior,13,12,35
fa15e712-21f7-4e6f-951d-b5fb3bb45812,Trent Athens,Trent,Athens,Bentley-Truman,69a6fcb68d2c56aa82e48a52,7,75,202,senior,45,71,86
f4c14001-290b-4e61-a8e8-2d57ab6cab91,Siran Stanhope,Siran,Stanhope,South Lancaster,69a6fcb68d2c56aa82e48a59,5,73,182,freshman,34,29,42
5333d083-f227-45cf-b875-0947a413c859,Roberto You,Roberto,You,Four Corners,69a6fcb68d2c56aa82e48a55,53,74,209,senior,69,27,69
20cdb34e-4f62-47ef-889c-729045d6359b,Alex Thomas,Alex,Thomas,Morristown,69a6fcb68d2c56aa82e48a56,5,70,170,sophomore,8,31,46
23df2d9a-dabf-4777-96db-d7412b988291,Phillip Ali,Phillip,Ali,Morristown,69a6fcb68d2c56aa82e48a56,21,74,201,senior,46,58,43
1af6348c-f61c-4ada-b490-d6b5f7c99e7d,Hector Welke,Hector,Welke,Ocean City,69a6fcb68d2c56aa82e48a53,30,75,216,sophomore,62,41,59
efbe97ca-5e68-4151-97e2-9b2c751a3e82,Josiah Wilson,Josiah,Wilson,Four Corners,69a6fcb68d2c56aa82e48a55,1,69,163,sophomore,5,72,71
778e8352-eecb-4870-a280-a0eb90222551,Stuart Marconi,Stuart,Marconi,Lancaster,69a6fcb68d2c56aa82e48a54,9,77,225,junior,67,14,64
f3f74388-9907-4e71-becd-05992f8ce5b2,Ronnie Rozier,Ronnie,Rozier,Bentley-Truman,69a6fcb68d2c56aa82e48a52,32,77,222,sophomore,45,98,71
81ae60d5-11da-4775-b0d7-286f9e21c7ed,Charles Black,Charles,Black,Four Corners,69a6fcb68d2c56aa82e48a55,10,73,188,junior,76,65,68
c88c3ece-1dc8-4f53-8577-2c9494d2a503,Jesse Jamison,Jesse,Jamison,Morristown,69a6fcb68d2c56aa82e48a56,40,76,228,junior,69,27,61
a699d851-8d4e-4987-936d-293b04a7b1f8,Benny Pena,Benny,Pena,Lancaster,69a6fcb68d2c56aa82e48a54,14,72,182,senior,35,70,61
65f42052-4920-43e4-b39c-0066a20d2cbf,AC Buford,AC,Buford,Little York,69a6fcb68d2c56aa82e48a58,1,75,199,junior,36,24,59
068c0b8a-c772-4542-a6ec-0cd6f21329ba,Porter DeGroot,Porter,DeGroot,Morristown,69a6fcb68d2c56aa82e48a56,9,75,209,junior,51,15,61
d53139da-06cd-4e4b-8ed4-a107fbb58bd5,Delmont Braggs,Delmont,Braggs,Bentley-Truman,69a6fcb68d2c56aa82e48a52,11,73,171,freshman,13,42,36
042c7d34-fc6b-4647-8f21-e97bbd9249a3,Malcolm Bleeker,Malcolm,Bleeker,Four Corners,69a6fcb68d2c56aa82e48a55,31,72,180,senior,33,65,40
b2a51b35-fec8-4ba0-9155-9a0008b8a224,Lucky Forte,Lucky,Forte,Xavien,69a6fcb68d2c56aa82e48a57,4,66,150,freshman,4,37,43
d56e27a3-92ef-4c0a-a882-6b158131331e,Dan Olson,Dan,Olson,Four Corners,69a6fcb68d2c56aa82e48a55,3,66,149,freshman,5,31,55
37688b1e-f172-4f52-b57a-4b0c3f4c03e2,Monroe Quinto,Monroe,Quinto,Ocean City,69a6fcb68d2c56aa82e48a53,52,76,213,junior,51,13,48
48313d96-b5dc-4f35-bec0-3ff0356d9f0b,Granville D'Amore,Granville,D'Amore,Ocean City,69a6fcb68d2c56aa82e48a53,40,75,177,sophomore,10,13,41
131abe35-8f84-41ce-ba4c-154556289954,Wilbert Struthers,Wilbert,Struthers,Lancaster,69a6fcb68d2c56aa82e48a54,31,75,221,senior,68,94,88
a3269f39-4acb-4708-a3f3-48e56756c35d,Antoine Ellington,Antoine,Ellington,Xavien,69a6fcb68d2c56aa82e48a57,10,75,210,freshman,24,15,50
dfc97213-ecf1-418e-b01c-0d5043992c37,Mario Braxton,Mario,Braxton,Xavien,69a6fcb68d2c56aa82e48a57,50,78,239,freshman,41,13,51
f23fae35-ea45-44fe-a698-a06580707783,Freddie Anderson,Freddie,Anderson,Bentley-Truman,69a6fcb68d2c56aa82e48a52,13,74,201,senior,55,25,57
0df15c02-a4d1-437b-b102-45f42b25e50b,Cedric Buckles,Cedric,Buckles,Lancaster,69a6fcb68d2c56aa82e48a54,43,76,232,junior,83,29,76
f196e4a5-2ab1-41cc-8e81-e2a6ea5667cb,Rupert Holliday,Rupert,Holliday,Ocean City,69a6fcb68d2c56aa82e48a53,20,72,180,senior,24,54,78
eba936b9-f30b-4fe1-b3ee-402cb9be9d6f,Alden Dysart,Alden,Dysart,Xavien,69a6fcb68d2c56aa82e48a57,44,74,185,freshman,14,31,37
27ba5b79-8bf4-4240-9c5b-7afeb3e92965,Ethen Rojas,Ethen,Rojas,Crickstown,69a6fcb68d2c56aa82e48a5a,5,67,162,senior,29,27,28
2d4fd983-68d5-45d9-9af3-d1688fcadf15,Raphael Beck,Raphael,Beck,Crickstown,69a6fcb68d2c56aa82e48a5a,21,69,172,junior,17,46,43
d093e27a-81a8-4cce-b1c2-51e93cd6f68e,Numbers Eichner,Numbers,Eichner,Crickstown,69a6fcb68d2c56aa82e48a5a,23,75,212,senior,36,48,62
cc243642-eff7-433b-90f4-1258e778765a,Maxwell Morris,Maxwell,Morris,Crickstown,69a6fcb68d2c56aa82e48a5a,6,75,199,junior,69,37,56
b450cdf3-a04f-45ae-bcee-34484095664f,Chad Anderson,Chad,Anderson,Crickstown,69a6fcb68d2c56aa82e48a5a,27,72,190,senior,33,34,41
84369e66-6eec-4602-8292-d2d908f75a01,Ronan Spence,Ronan,Spence,Crickstown,69a6fcb68d2c56aa82e48a5a,8,76,212,junior,40,42,58
717f7d77-277e-4a58-8f1b-70d1837e3925,Andre Watters,Andre,Watters,Crickstown,69a6fcb68d2c56aa82e48a5a,31,68,162,senior,11,8,28
1ed3f0a1-6620-415a-8765-a8ddee34708f,Donte Koh,Donte,Koh,Crickstown,69a6fcb68d2c56aa82e48a5a,40,75,202,junior,16,52,48
bcc1063d-7149-4e3b-8e98-4b8e72a6a54e,Alvaro Callahan,Alvaro,Callahan,Crickstown,69a6fcb68d2c56aa82e48a5a,55,70,181,freshman,71,59,51
5ef6fd56-676a-4f08-a4ba-095ad39c6527,Jeremy Jones,Jeremy,Jones,Crickstown,69a6fcb68d2c56aa82e48a5a,1,71,196,sophomore,25,17,34
fad23ee6-01ec-42f3-9b4b-44f65b4f9acf,Cruz Rhodes,Cruz,Rhodes,Crickstown,69a6fcb68d2c56aa82e48a5a,2,69,170,senior,7,14,37
542e19ec-dd41-45fa-9e65-ac8ebcd13eb2,Damion Rand,Damion,Rand,Crickstown,69a6fcb68d2c56aa82e48a5a,9,72,200,sophomore,19,55,48
548d090e-16f2-4147-91d4-fbebb4226789,Jayson Ketchum,Jayson,Ketchum,Cagers World,69a6fcb68d2c56aa82e48a5b,2,72,188,freshman,1,9,22
a47cc97e-470d-4f3f-be8e-1165b7cd7938,Zachary Wood,Zachary,Wood,Cagers World,69a6fcb68d2c56aa82e48a5b,17,73,188,senior,40,40,45
fbbc99c3-a6e5-4498-8f55-cd0774d74944,Bernard Hope,Bernard,Hope,Cagers World,69a6fcb68d2c56aa82e48a5b,24,69,170,freshman,10,61,37
45fee34b-726f-4679-b498-a7912a2ea73b,Randy Riordan,Randy,Riordan,Cagers World,69a6fcb68d2c56aa82e48a5b,9,77,222,sophomore,73,72,66
d31f1185-45c6-4d41-84fa-0b5925b19dcd,Byron Cotner,Byron,Cotner,Cagers World,69a6fcb68d2c56aa82e48a5b,33,73,197,sophomore,52,58,52
7d392290-3ba4-41aa-ad27-3407fe24d909,Josh Goetzinger,Josh,Goetzinger,Cagers World,69a6fcb68d2c56aa82e48a5b,30,71,182,senior,49,44,61
aab419c2-9a06-477b-9325-4fed9ad359e5,Reynaldo Curry,Reynaldo,Curry,Cagers World,69a6fcb68d2c56aa82e48a5b,5,66,161,junior,13,24,48
fa6e6da6-d53b-481f-84bf-a81170f58fbf,Charles Vaughan,Charles,Vaughan,Cagers World,69a6fcb68d2c56aa82e48a5b,23,79,236,sophomore,57,61,59
d0b1e262-4680-41bf-ae6e-a56ca8ed1d07,Riley Carroll,Riley,Carroll,Cagers World,69a6fcb68d2c56aa82e48a5b,22,67,160,senior,15,9,18
cf7d1922-f13e-4014-b97f-ad598d7d1ac4,Stacy Riggs,Stacy,Riggs,Cagers World,69a6fcb68d2c56aa82e48a5b,10,72,188,freshman,29,30,37
554ac0e0-4a9b-4da8-8dc5-70371136f325,Cesar Rossi,Cesar,Rossi,Cagers World,69a6fcb68d2c56aa82e48a5b,55,84,255,junior,10,7,44
2b7b22c7-6c06-4fb4-8992-96c3dcb8b0ab,Justin Branch,Justin,Branch,Cagers World,69a6fcb68d2c56aa82e48a5b,20,76,225,senior,54,53,50
a4db3728-00a8-4329-82e9-35818bb542af,Elijah Stevens,Elijah,Stevens,Nickel Beach,69a6fcb68d2c56aa82e48a5c,6,75,198,junior,52,50,49
1453f115-5151-4faa-836f-0ed96fa61928,Corky Hendrickson,Corky,Hendrickson,Nickel Beach,69a6fcb68d2c56aa82e48a5c,23,71,192,freshman,26,27,50
0b71104c-4c5d-47f2-bfe4-d478721d7f36,Andreas Delgado,Andreas,Delgado,Nickel Beach,69a6fcb68d2c56aa82e48a5c,21,73,211,senior,46,54,56
a4886f8a-e35d-4805-9a8e-2325d829cf6a,Lester O'Neal,Lester,O'Neal,Nickel Beach,69a6fcb68d2c56aa82e48a5c,43,79,229,senior,32,70,73
61c1ec16-abc9-46e7-8644-4bff45365f07,Willie Batchelor,Willie,Batchelor,Nickel Beach,69a6fcb68d2c56aa82e48a5c,15,71,190,senior,30,35,40
42ad09db-ec69-4369-b8b6-d173f7e6da00,Smith Patterson,Smith,Patterson,Nickel Beach,69a6fcb68d2c56aa82e48a5c,11,71,188,senior,66,36,56
6856e726-98c4-4cd1-a3b3-c7ac414e6f8e,Arakbu Eddison,Arakbu,Eddison,Nickel Beach,69a6fcb68d2c56aa82e48a5c,3,70,173,sophomore,3,6,33
4306819d-fd67-4a50-b128-97b99971bdeb,Tucker Buckley,Tucker,Buckley,Nickel Beach,69a6fcb68d2c56aa82e48a5c,7,69,173,sophomore,63,17,47
d7975d7d-4687-4a2b-9d09-ed0bf01dea01,Yadiel Terra,Yadiel,Terra,Nickel Beach,69a6fcb68d2c56aa82e48a5c,32,71,200,freshman,62,89,71
f3281d82-23ff-4d14-acb1-5bb5d40c456f,Carroll Heckart,Carroll,Heckart,Nickel Beach,69a6fcb68d2c56aa82e48a5c,50,71,194,junior,15,4,34
1ea1b942-2c12-4ad4-acfd-43c94e6506a9,Brevin Jones-Whiteside,Brevin,Jones-Whiteside,Nickel Beach,69a6fcb68d2c56aa82e48a5c,12,69,163,freshman,12,19,25
35718755-ed87-42f5-8f9e-dc613b5df8ab,BJ Stark,BJ,Stark,Nickel Beach,69a6fcb68d2c56aa82e48a5c,4,72,198,junior,61,57,59
86b911a5-c022-4041-aefd-175a0e1f2acf,Stanley Keith,Stanley,Keith,Chapel Hill,69a6fcb68d2c56aa82e48a5d,4,73,206,sophomore,70,73,58
da3e79a7-5fec-46d4-b847-bdf2870e1fe8,Otis Nixon,Otis,Nixon,Chapel Hill,69a6fcb68d2c56aa82e48a5d,17,68,159,junior,33,40,51
eb149eb8-bb89-4d90-8779-e02f1bd6d6d5,Eugene Johnston,Eugene,Johnston,Chapel Hill,69a6fcb68d2c56aa82e48a5d,46,79,238,freshman,80,47,79
e297fdab-a3da-45d0-af00-1742e371915d,Dale Butler,Dale,Butler,Chapel Hill,69a6fcb68d2c56aa82e48a5d,30,68,175,sophomore,46,10,39
99f962c5-3624-4082-a420-916f7999241f,Colt Robles,Colt,Robles,Chapel Hill,69a6fcb68d2c56aa82e48a5d,27,70,167,sophomore,92,28,67
05f93933-514a-4a4e-805e-c76ba8c12dfa,Darren Parrish,Darren,Parrish,Chapel Hill,69a6fcb68d2c56aa82e48a5d,55,73,200,senior,21,33,46
f8b7f7b5-bd62-420a-a31e-08ae8c95fb93,Brice Monroe Jr,Brice,Monroe Jr,Chapel Hill,69a6fcb68d2c56aa82e48a5d,11,73,192,freshman,80,62,63
ac26dbe2-e590-49aa-9bde-745584e548f9,Landon Turley,Landon,Turley,Chapel Hill,69a6fcb68d2c56aa82e48a5d,10,70,167,junior,63,82,59
c642adfa-692a-4f3f-8e3a-6401543c7a45,Dayton Weber,Dayton,Weber,Chapel Hill,69a6fcb68d2c56aa82e48a5d,34,70,169,sophomore,38,27,57
5a27f1b1-ba4a-417e-bd83-45abd8ef5829,Nathan Randolph,Nathan,Randolph,Chapel Hill,69a6fcb68d2c56aa82e48a5d,25,72,200,junior,40,17,48
d8b1e862-fbee-44f7-b8b9-160531c0b8df,Thanh Small,Thanh,Small,Chapel Hill,69a6fcb68d2c56aa82e48a5d,32,77,235,freshman,40,47,58
d5e6f137-86ff-4c0b-9e5b-5afd094826d5,Shorty Holmstrom,Shorty,Holmstrom,Chapel Hill,69a6fcb68d2c56aa82e48a5d,31,74,205,senior,70,60,56
454ba22f-64b7-46bb-81f3-db24255bf86a,Coby Cantu,Coby,Cantu,Appalachia,69a6fcb68d2c56aa82e48a5e,49,78,235,sophomore,44,69,59
97499e54-2a34-4bc3-819b-54f814d8faed,Hog Dempsey,Hog,Dempsey,Appalachia,69a6fcb68d2c56aa82e48a5e,17,83,258,senior,91,50,78
1e0bff47-584a-4bd4-9e42-e0747334af05,Gerald Lamar,Gerald,Lamar,Appalachia,69a6fcb68d2c56aa82e48a5e,2,72,204,senior,51,58,48
3c54acfe-3734-4fc7-a93d-f119b7b02a8f,Marcelo Villegas,Marcelo,Villegas,Appalachia,69a6fcb68d2c56aa82e48a5e,50,70,175,junior,14,9,35
818f2f6e-b5cb-4b16-87a2-558165d1aaa6,Bradley Anderson,Bradley,Anderson,Appalachia,69a6fcb68d2c56aa82e48a5e,18,76,225,senior,12,33,48
7cdcfe0e-f1e0-42b4-ae58-d7d1e7103657,Uriah Roca,Uriah,Roca,Appalachia,69a6fcb68d2c56aa82e48a5e,4,68,159,sophomore,17,42,36
9e1742a8-7df0-435a-968b-eeb5e47cef25,Devan Simpson,Devan,Simpson,Appalachia,69a6fcb68d2c56aa82e48a5e,44,69,180,junior,24,38,29
b2ad3654-b5cc-420c-b2d8-4b15c4d572ab,Lawerence Riddle,Lawerence,Riddle,Appalachia,69a6fcb68d2c56aa82e48a5e,35,79,247,sophomore,29,78,53
43d8db11-939d-4072-8a36-f4f7b7e01405,Jean Holland,Jean,Holland,Appalachia,69a6fcb68d2c56aa82e48a5e,6,76,217,sophomore,28,21,40
8bc852b1-a741-4b2e-8a2a-0a0d880f4c63,Sonny Johnson,Sonny,Johnson,Appalachia,69a6fcb68d2c56aa82e48a5e,1,71,194,sophomore,14,11,40
867bd500-e019-4d1b-ad28-6fa0994f1db8,Thomas Billings,Thomas,Billings,Appalachia,69a6fcb68d2c56aa82e48a5e,23,77,220,senior,12,26,45
57635d76-5528-45b7-935f-b51d048b1cb8,Carlton Shaw,Carlton,Shaw,Appalachia,69a6fcb68d2c56aa82e48a5e,25,78,242,senior,34,70,59
37d55ad4-3335-4f44-8976-bdf5ec244dda,Walker Ansley,Walker,Ansley,Casino Row,69a6fcb68d2c56aa82e48a5f,43,83,261,freshman,74,92,86
13986249-c802-4df8-a6f0-75d608812f54,Ezra Cole,Ezra,Cole,Casino Row,69a6fcb68d2c56aa82e48a5f,44,71,183,sophomore,40,40,45
23ce516c-43a4-44e5-afe7-c3e8cf4dcaca,Jewell Green,Jewell,Green,Casino Row,69a6fcb68d2c56aa82e48a5f,5,65,135,senior,6,26,29
b8baa31e-a4a9-4f45-9392-87fd70a5fdb7,Tyrese Orozco,Tyrese,Orozco,Casino Row,69a6fcb68d2c56aa82e48a5f,1,75,207,freshman,84,65,75
db7a9990-48b0-465a-ae03-3ce0180ada3d,Kevin Alvarado,Kevin,Alvarado,Casino Row,69a6fcb68d2c56aa82e48a5f,51,68,176,junior,54,84,74
7ac0e799-8668-4baf-938e-3f0948a6c0e9,Trey Walton,Trey,Walton,Casino Row,69a6fcb68d2c56aa82e48a5f,14,70,183,senior,40,38,35
50813532-96ae-4681-a9d3-e2a48970ccf9,Daryn Sexton,Daryn,Sexton,Casino Row,69a6fcb68d2c56aa82e48a5f,21,73,209,freshman,48,8,46
a51d6643-f37c-4464-b68b-a9b2f2817325,Layton Pettyjohn,Layton,Pettyjohn,Casino Row,69a6fcb68d2c56aa82e48a5f,35,69,170,senior,33,72,55
75ca66f5-b2c0-4ed6-92f8-a4e2be45ef0b,Max Bautista,Max,Bautista,Casino Row,69a6fcb68d2c56aa82e48a5f,23,69,169,senior,35,53,31
ece0a322-a1df-466e-a914-083e4b9e1678,Terrell Banks,Terrell,Banks,Casino Row,69a6fcb68d2c56aa82e48a5f,52,68,166,freshman,14,26,48
c0eedba2-af25-4a9c-8b33-74540c536fce,Lito Leonardi,Lito,Leonardi,Casino Row,69a6fcb68d2c56aa82e48a5f,1,67,156,freshman,8,42,40
6fb40cc2-06fd-43f5-bd38-c6861d57cdb6,Georgie Hanson,Georgie,Hanson,Casino Row,69a6fcb68d2c56aa82e48a5f,24,74,202,junior,28,21,43
ffa9eb94-6967-4911-b1b2-79e1e993b154,Dmitri Ilikos,Dmitri,Ilikos,IDA,69a6fcb68d2c56aa82e48a60,17,78,243,freshman,12,10,42
7bd04a8c-8ba7-4713-86c9-45ceb66d02f4,Felipe Brazzell,Felipe,Brazzell,IDA,69a6fcb68d2c56aa82e48a60,16,67,147,freshman,34,39,43
e9f33eed-5195-4d37-9848-f87017fdd1cd,Charles Amiriabi,Charles,Amiriabi,IDA,69a6fcb68d2c56aa82e48a60,99,81,253,senior,62,92,87
2183cd82-7ee1-422a-b575-3ebd86596ed9,Sean Villora,Sean,Villora,IDA,69a6fcb68d2c56aa82e48a60,33,67,161,senior,22,30,32
6241be83-f463-4895-8202-b4f6a89c2b57,Jadyn Thayer,Jadyn,Thayer,IDA,69a6fcb68d2c56aa82e48a60,42,73,193,junior,60,30,49
e4403e61-d59c-4bb0-aa79-1dd717220062,Reggie Powers,Reggie,Powers,IDA,69a6fcb68d2c56aa82e48a60,23,70,172,freshman,27,37,46
e35a3baf-2a1f-48e6-b604-ddcdd1a09b20,Will Benton,Will,Benton,IDA,69a6fcb68d2c56aa82e48a60,6,69,166,junior,40,55,50
af4c2814-b1dc-4d26-8741-8ffa04019b8e,Andrei Markov,Andrei,Markov,IDA,69a6fcb68d2c56aa82e48a60,15,71,181,senior,54,64,51
46325fbc-78e1-4a02-94e0-b9610c7a6f11,Makai Tohaki,Makai,Tohaki,IDA,69a6fcb68d2c56aa82e48a60,30,72,202,senior,73,70,63
d6d24ef8-22da-481c-b210-4a5f9e729302,Heath Cannon,Heath,Cannon,IDA,69a6fcb68d2c56aa82e48a60,18,78,235,sophomore,2,20,35
e3d5b56f-3a40-40e0-8a30-c4f522a96a7e,Reynaldo Groves,Reynaldo,Groves,IDA,69a6fcb68d2c56aa82e48a60,31,74,215,senior,45,26,47
62e861c5-c77b-4a01-9e49-2deab13af119,Jonathan Ng,Jonathan,Ng,IDA,69a6fcb68d2c56aa82e48a60,5,80,244,junior,59,67,76
e8406fdc-497f-462a-88bb-ed87ceb0986a,Jamarion Vance,Jamarion,Vance,Durham,69a6fcb68d2c56aa82e48a61,6,75,213,junior,92,44,73
3f11a5d0-bb4e-4c48-b86f-ce11c582d44c,Nestor Sosnowski,Nestor,Sosnowski,Durham,69a6fcb68d2c56aa82e48a61,20,76,226,junior,54,50,55
4f98bd53-4926-4b70-b0ec-267e2b791608,Todd Swim,Todd,Swim,Durham,69a6fcb68d2c56aa82e48a61,32,66,142,senior,39,63,53
25ac0326-dc8c-4960-91a2-168fa78a3f22,Chauncey Aquaviva,Chauncey,Aquaviva,Durham,69a6fcb68d2c56aa82e48a61,15,81,259,senior,92,89,91
23b04667-c88d-4213-a001-07ff19d371d2,Jordyn Quinton,Jordyn,Quinton,Durham,69a6fcb68d2c56aa82e48a61,3,69,181,sophomore,12,19,42
fa48b895-b239-4d7c-b8f3-0b3272c09296,Jefferson Valencia,Jefferson,Valencia,Durham,69a6fcb68d2c56aa82e48a61,17,71,187,junior,62,39,61
1ad0442a-f0d9-4335-b48d-988e01da84f1,Matthias Wright,Matthias,Wright,Durham,69a6fcb68d2c56aa82e48a61,39,70,178,junior,26,17,33
089630aa-f33a-44e9-839f-86a625437b7f,Sam Turner,Sam,Turner,Durham,69a6fcb68d2c56aa82e48a61,12,75,206,junior,34,48,46
944afbc7-97e1-4295-b8e5-13f98ee9fb89,Ricky Chang,Ricky,Chang,Durham,69a6fcb68d2c56aa82e48a61,23,72,194,freshman,76,57,60
607a6e8b-cf30-40a9-b17a-0a82e67339b4,Chris Davidson,Chris,Davidson,Durham,69a6fcb68d2c56aa82e48a61,11,75,204,senior,58,32,57
52028142-8838-411d-a620-25964198cd1d,Wiley Oliver,Wiley,Oliver,Durham,69a6fcb68d2c56aa82e48a61,33,75,218,junior,60,63,62
89a43f53-7f2d-40a5-9062-3ac657af4b82,Christain Walsh,Christain,Walsh,Durham,69a6fcb68d2c56aa82e48a61,4,74,208,senior,45,37,57
a1868ba7-4471-4b75-af99-6b6a86da1b0e,Matteo Hockett,Matteo,Hockett,Montpeiler,69a6fcb68d2c56aa82e48a62,52,78,236,junior,22,52,43
be138a41-6997-41d6-b735-c6c0ec38e548,Khalil Mullen,Khalil,Mullen,Montpeiler,69a6fcb68d2c56aa82e48a62,41,73,189,junior,29,62,49
05c14835-906a-48f1-bc89-2f8acdd2254f,Antonio Andersen,Antonio,Andersen,Montpeiler,69a6fcb68d2c56aa82e48a62,23,75,214,freshman,30,33,42
e7847ed7-348e-487d-a706-6b24b39156be,Rueben Tate,Rueben,Tate,Montpeiler,69a6fcb68d2c56aa82e48a62,34,71,192,senior,32,17,40
21e99c4d-e22b-4afd-bcb3-510ec73a3caa,Tommy Morales,Tommy,Morales,Montpeiler,69a6fcb68d2c56aa82e48a62,46,79,243,junior,44,75,63
e86ae299-6a05-4410-9a98-89bda8bace27,Jackie Cobb,Jackie,Cobb,Montpeiler,69a6fcb68d2c56aa82e48a62,2,70,178,sophomore,9,32,38
0e90dadb-0ac8-42b7-a7f7-64910323c890,Vaughn Nichols,Vaughn,Nichols,Montpeiler,69a6fcb68d2c56aa82e48a62,19,67,159,junior,27,24,47
e0bd41f0-0590-40fd-bdea-7acb6e9dc099,Willie Menchaca,Willie,Menchaca,Montpeiler,69a6fcb68d2c56aa82e48a62,40,71,189,junior,45,10,57
7c9330d2-fb11-488b-a8cc-145e4090b5ea,Columbus Heyden,Columbus,Heyden,Montpeiler,69a6fcb68d2c56aa82e48a62,11,73,198,senior,26,52,46
c51d63f2-ee4c-45fe-a084-4af491fadda3,Micheal Raymond,Micheal,Raymond,Montpeiler,69a6fcb68d2c56aa82e48a62,35,73,210,junior,7,16,32
8c870f48-5aee-4396-8aac-4dc5fb3f7aab,Tate Moreau,Tate,Moreau,Montpeiler,69a6fcb68d2c56aa82e48a62,44,72,200,sophomore,42,14,47
6482468e-037f-41fb-94e8-a8eb824efe98,Landon Scott,Landon,Scott,Montpeiler,69a6fcb68d2c56aa82e48a62,1,70,164,senior,32,30,32
695f2f31-8c4b-4836-a2c8-ef596f373549,Dexter Kibler,Dexter,Kibler,Queen's Guard,69a6fcb68d2c56aa82e48a63,11,69,173,senior,22,20,28
d4555b40-888b-4c6a-a886-67335a7fdf29,Yaz Shimizu,Yaz,Shimizu,Queen's Guard,69a6fcb68d2c56aa82e48a63,16,71,186,junior,37,6,44
25b3ed7c-1c15-4314-891a-c1a107f281c6,Nathen Archambault,Nathen,Archambault,Queen's Guard,69a6fcb68d2c56aa82e48a63,34,73,207,freshman,62,67,71
7f5377a8-7568-420a-a0fb-090d9cce7eb2,Jovany Roberson,Jovany,Roberson,Queen's Guard,69a6fcb68d2c56aa82e48a63,5,69,171,senior,22,36,47
bd8bf498-1962-4eb8-ba6d-4fb744b55fc1,Ronan Casas,Ronan,Casas,Queen's Guard,69a6fcb68d2c56aa82e48a63,45,77,227,senior,24,38,51
1d8b9fa6-3dfe-4932-b2af-acfe1db73a6e,Johnathan Barrett,Johnathan,Barrett,Queen's Guard,69a6fcb68d2c56aa82e48a63,22,68,168,senior,34,29,36
9fa4d207-766c-4530-ba42-3d3ae0840fbf,River Moody,River,Moody,Queen's Guard,69a6fcb68d2c56aa82e48a63,10,79,233,junior,92,90,86
2c69b23e-e7c9-4982-a015-15f2bc9096c4,Craig Smith,Craig,Smith,Queen's Guard,69a6fcb68d2c56aa82e48a63,18,74,201,freshman,12,14,44
2d45885c-a071-4397-84e3-bf2f416d2e41,Paxton Walters,Paxton,Walters,Queen's Guard,69a6fcb68d2c56aa82e48a63,52,65,152,junior,30,54,43
fe0b6978-73f2-408f-b3dd-9fe385e22551,Tyrell Orr,Tyrell,Orr,Queen's Guard,69a6fcb68d2c56aa82e48a63,42,81,254,freshman,38,45,61
28403e70-ef6c-40a5-adc7-274aa4fa6f3e,Rogelio Berry,Rogelio,Berry,Queen's Guard,69a6fcb68d2c56aa82e48a63,25,68,169,senior,58,52,47
4b8b7a14-598d-48b6-ac52-616289bfafae,Jon Nash,Jon,Nash,Queen's Guard,69a6fcb68d2c56aa82e48a63,51,70,176,junior,17,41,32
2e6a7313-4ee4-4124-9fbc-922713113ced,Manny Murillo,Manny,Murillo,Independence,69a6fcb68d2c56aa82e48a64,21,77,231,junior,41,84,62
ae2ef336-76f4-43e9-ab53-6a30b103f8a6,Miller Wheless,Miller,Wheless,Independence,69a6fcb68d2c56aa82e48a64,10,68,166,senior,30,20,28
5fdee5d2-89ca-4e8c-b2a6-188250fd9dc6,Woodrow Frost,Woodrow,Frost,Independence,69a6fcb68d2c56aa82e48a64,2,72,184,senior,39,35,34
9d28e731-9de8-40c0-90b3-a365640f6e40,Lincoln Morningside,Lincoln,Morningside,Independence,69a6fcb68d2c56aa82e48a64,7,74,207,junior,17,17,33
7474e1fc-38af-448a-9fd6-e84769751d62,Carlos Harrell,Carlos,Harrell,Independence,69a6fcb68d2c56aa82e48a64,5,74,195,junior,11,25,43
a4fd8630-b3d8-4058-b4ba-efe703f3ec6e,Abe Carpenter,Abe,Carpenter,Independence,69a6fcb68d2c56aa82e48a64,34,71,194,freshman,21,37,45
626dde4f-8829-464a-ba71-ac640246f6b1,Gunther Stevenson,Gunther,Stevenson,Independence,69a6fcb68d2c56aa82e48a64,41,73,215,senior,28,40,46
bfd2f478-37ec-4c5b-8304-bea63744c428,Dirk Thomas,Dirk,Thomas,Independence,69a6fcb68d2c56aa82e48a64,20,68,170,senior,4,39,36
b918766e-58c9-41bf-adb1-4c7b7ab30cec,Boogie Ibarra,Boogie,Ibarra,Independence,69a6fcb68d2c56aa82e48a64,24,68,160,senior,5,22,41
7c013c36-6154-4a9a-b153-fac9b70c31e2,Willie Saville,Willie,Saville,Independence,69a6fcb68d2c56aa82e48a64,42,74,204,freshman,71,52,67
cda37e40-65e8-4a59-a1e5-1302b6b423e8,Kamren Reid,Kamren,Reid,Independence,69a6fcb68d2c56aa82e48a64,35,78,235,senior,14,28,46
98d0733c-0dd3-46af-a8c9-d7a6697d1889,Alec Hopkins,Alec,Hopkins,Independence,69a6fcb68d2c56aa82e48a64,44,77,228,junior,38,47,52
8d417261-f74b-40ee-b7d5-5c381d446798,Rashad Cain,Rashad,Cain,Concord,69a6fcb68d2c56aa82e48a65,45,71,187,senior,52,57,53
111cb668-e608-4599-a405-bf9fc05d8e90,D'Ante Ortega,D'Ante,Ortega,Concord,69a6fcb68d2c56aa82e48a65,1,66,150,senior,17,17,32
2a6a37f9-28fd-48e8-a6d3-47157742ba6b,Lance Horn,Lance,Horn,Concord,69a6fcb68d2c56aa82e48a65,23,73,197,freshman,34,35,49
ae5550ab-0a5b-45a5-88ce-c1d5c431e159,Brent Houston,Brent,Houston,Concord,69a6fcb68d2c56aa82e48a65,20,71,186,sophomore,62,47,48
80dfabc7-981c-4d0f-9b4b-542fde7a0c04,Robbie Ewing,Robbie,Ewing,Concord,69a6fcb68d2c56aa82e48a65,44,77,222,senior,50,47,54
8bba6c17-577b-4989-b1af-37619480c978,Keith Lawlor,Keith,Lawlor,Concord,69a6fcb68d2c56aa82e48a65,43,69,174,senior,7,11,25
8bd08485-42f8-4d35-a5ec-f379b0e3c8b4,Tayshawn Mayes,Tayshawn,Mayes,Concord,69a6fcb68d2c56aa82e48a65,10,72,200,junior,46,63,62
03ceb547-1d7a-422b-88e3-9519376af891,Jason Potter,Jason,Potter,Concord,69a6fcb68d2c56aa82e48a65,4,71,198,junior,1,1,24
07b4a6f8-1038-4215-b716-7628d7b5efb8,Jordon Zimmerman,Jordon,Zimmerman,Concord,69a6fcb68d2c56aa82e48a65,52,75,196,junior,44,82,78
f45d10e9-9452-4a44-af86-211800e770a6,Ryan Draper,Ryan,Draper,Concord,69a6fcb68d2c56aa82e48a65,22,68,175,sophomore,11,32,47
7a5d143e-01e9-4050-81d3-b57ebc0fe9fc,David Singh,David,Singh,Concord,69a6fcb68d2c56aa82e48a65,27,81,233,sophomore,34,23,54
9194db1f-d850-429c-bd4b-1387a2e993dd,John McAndrews,John,McAndrews,Concord,69a6fcb68d2c56aa82e48a65,7,73,200,junior,14,9,34
01563139-a080-4d40-8fae-c9ff57b958ca,Nick Golden,Nick,Golden,Garden Elites,69a6fcb68d2c56aa82e48a66,6,67,155,junior,27,13,37
01a7ff3d-2a21-4839-b964-6d78fe808d0c,Ellsworth Beckman,Ellsworth,Beckman,Garden Elites,69a6fcb68d2c56aa82e48a66,51,71,185,senior,1,5,35
ac0f8e78-2d10-4bee-8c1a-908a72633a83,Mervin Dawson,Mervin,Dawson,Garden Elites,69a6fcb68d2c56aa82e48a66,44,82,254,senior,87,63,68
124fdaa7-ff4a-4e85-bcd9-a981dd8d001e,Ricky Doverspike,Ricky,Doverspike,Garden Elites,69a6fcb68d2c56aa82e48a66,11,74,211,sophomore,65,32,58
d373da1b-9be2-4280-8a62-967280da46d2,Elden Eckles,Elden,Eckles,Garden Elites,69a6fcb68d2c56aa82e48a66,9,70,165,sophomore,63,70,53
0f66b917-270f-4c5d-8b56-6846ae34204a,Johnathon Robles,Johnathon,Robles,Garden Elites,69a6fcb68d2c56aa82e48a66,3,69,183,senior,4,3,28
11c62ac8-c15f-4aeb-a9bd-299845cddfe1,Denzel Walquist,Denzel,Walquist,Garden Elites,69a6fcb68d2c56aa82e48a66,42,67,151,senior,62,55,76
7056dcf0-9fb1-409e-a5aa-1468cd51aacb,Jimmy Fielding,Jimmy,Fielding,Garden Elites,69a6fcb68d2c56aa82e48a66,22,73,186,senior,53,41,49
740d43cf-62ec-4fd8-b102-11378a54e8fa,Paris Wolf,Paris,Wolf,Garden Elites,69a6fcb68d2c56aa82e48a66,24,73,196,senior,66,67,49
dafe86b4-ab90-416a-892a-1e1a4869391a,Cyrus Thompson,Cyrus,Thompson,Garden Elites,69a6fcb68d2c56aa82e48a66,52,66,152,sophomore,4,12,17
d926c13c-cd51-406a-8d15-7bafabdc24d3,Chris Jacobs,Chris,Jacobs,Garden Elites,69a6fcb68d2c56aa82e48a66,0,72,193,senior,84,67,80
8672f461-2089-4e29-a207-418109a3f307,Kevin Montgomery,Kevin,Montgomery,Garden Elites,69a6fcb68d2c56aa82e48a66,1,72,188,junior,6,33,27
45aef464-3c25-4041-8890-b6754b4143f3,Wesley Rhodes,Wesley,Rhodes,D1 Institute,69a6fcb68d2c56aa82e48a67,1,68,170,sophomore,19,57,59
9da576b8-8494-43d8-8d4d-3c5ac7fcaeeb,Rohan Gooden,Rohan,Gooden,D1 Institute,69a6fcb68d2c56aa82e48a67,22,70,169,junior,52,40,47
06e7e617-b552-42a2-bd2a-a8fb73201365,Talon Gordon,Talon,Gordon,D1 Institute,69a6fcb68d2c56aa82e48a67,7,67,162,senior,36,36,42
e66b6683-8a52-4956-90a1-1f29101242ac,Mauricio Blake,Mauricio,Blake,D1 Institute,69a6fcb68d2c56aa82e48a67,3,69,172,freshman,37,48,42
a37c27fa-6658-49f0-ba62-1c2c340ecf02,Deandre Meyer,Deandre,Meyer,D1 Institute,69a6fcb68d2c56aa82e48a67,30,69,165,senior,9,4,40
7e46813e-5025-40c8-b423-5007e7e3bdae,Carey Realm,Carey,Realm,D1 Institute,69a6fcb68d2c56aa82e48a67,9,69,163,senior,45,60,45
5a57fc97-aa49-429d-a5bf-c9f3ed5d0915,Jace Powell,Jace,Powell,D1 Institute,69a6fcb68d2c56aa82e48a67,22,78,231,senior,27,57,58
141c79f3-1b8a-40c5-89df-02f79216ebaf,Desaun Lynes,Desaun,Lynes,D1 Institute,69a6fcb68d2c56aa82e48a67,45,73,192,freshman,92,75,76
dfa67edd-7f96-426a-a5c5-794a7a3118d6,Leonidas Howling,Leonidas,Howling,D1 Institute,69a6fcb68d2c56aa82e48a67,49,75,218,junior,11,51,62
3fe094b2-65d5-40b3-a0ce-2f3f19e8d999,Thomas Owen,Thomas,Owen,D1 Institute,69a6fcb68d2c56aa82e48a67,10,73,208,junior,30,17,40
6167c49c-2a5d-4b4f-8c6a-e6f65bb59ad0,Desmond Baldwin,Desmond,Baldwin,D1 Institute,69a6fcb68d2c56aa82e48a67,53,80,231,sophomore,84,78,61
0969316f-9aca-49a0-888a-707e0f2a45ad,Jaylin Pearson,Jaylin,Pearson,D1 Institute,69a6fcb68d2c56aa82e48a67,50,81,253,junior,86,48,72
dfe4b91a-ccdc-4374-ad8d-c60663d0efe5,Robin Hibbler,Robin,Hibbler,Providence,69a6fcb68d2c56aa82e48a68,4,71,178,junior,19,29,37
f1ead492-3951-4c68-aa40-38e9d6ef8aad,Otis Hobbs,Otis,Hobbs,Providence,69a6fcb68d2c56aa82e48a68,3,71,187,sophomore,20,25,33
37eb704c-df72-4ebf-ba7f-a3220fdb8a06,Messiah Jackson,Messiah,Jackson,Providence,69a6fcb68d2c56aa82e48a68,7,75,215,sophomore,76,20,60
b9122e59-2d8d-4d09-b1bd-56246ad352c9,Delvin Wilson,Delvin,Wilson,Providence,69a6fcb68d2c56aa82e48a68,42,76,226,senior,39,8,64
456f8957-d84a-473c-b8ed-2886c698c8e8,Noe Connors,Noe,Connors,Providence,69a6fcb68d2c56aa82e48a68,24,71,179,freshman,50,14,37
62cb5dbd-69f9-4d8c-8f56-5cfe1f9eaedc,Ramon McCoy,Ramon,McCoy,Providence,69a6fcb68d2c56aa82e48a68,51,70,174,junior,63,48,49
424cc031-bc19-442a-97b4-fde5c7694557,Reginald Berner,Reginald,Berner,Providence,69a6fcb68d2c56aa82e48a68,55,80,239,sophomore,20,33,47
d380040d-5092-46fa-b84e-5944713385d2,Jaycee Horrigan,Jaycee,Horrigan,Providence,69a6fcb68d2c56aa82e48a68,22,76,228,junior,13,14,45
970473cf-ca28-4c6d-b8d5-507f31ffc455,Demetrius Mathews,Demetrius,Mathews,Providence,69a6fcb68d2c56aa82e48a68,41,77,224,freshman,13,75,55
d46baf6f-8ce4-4012-bdaf-9679efb9e197,Hexagon Murillo,Hexagon,Murillo,Providence,69a6fcb68d2c56aa82e48a68,31,71,184,sophomore,9,37,35
34406741-c4ed-4513-b25a-f207f6831289,Dante Rivera,Dante,Rivera,Providence,69a6fcb68d2c56aa82e48a68,72,72,189,freshman,66,82,64
aba304f3-4f38-4888-b404-fab1a5792f8f,Rex Cortez,Rex,Cortez,Providence,69a6fcb68d2c56aa82e48a68,25,72,199,senior,75,67,59
02757b88-b833-47e3-9bef-68134cea501a,Cristofer Byham,Cristofer,Byham,Ivy Prep,69a6fcb68d2c56aa82e48a69,19,70,172,junior,72,51,65
62b5e2c3-bcb2-4936-a314-64674bc40199,Zayne Yates,Zayne,Yates,Ivy Prep,69a6fcb68d2c56aa82e48a69,8,77,217,senior,40,17,48
e094229a-46f6-4000-8116-1f3c55149cb7,Semaj Griest,Semaj,Griest,Ivy Prep,69a6fcb68d2c56aa82e48a69,42,71,176,freshman,30,6,38
2694b240-71c9-4855-8c1d-bf4984d3f45a,Arthur Manley,Arthur,Manley,Ivy Prep,69a6fcb68d2c56aa82e48a69,2,75,203,freshman,8,40,44
665f7e9d-e56e-47e5-90c1-f9a359e36478,James Kirby,James,Kirby,Ivy Prep,69a6fcb68d2c56aa82e48a69,52,71,183,freshman,7,21,43
42735c08-0302-4165-907f-86d79845136c,Micheal Lappin,Micheal,Lappin,Ivy Prep,69a6fcb68d2c56aa82e48a69,30,71,190,junior,7,5,23
c5cd4499-ec01-492d-afdf-7a102f97f29d,Lee Roy Seales,Lee Roy,Seales,Ivy Prep,69a6fcb68d2c56aa82e48a69,1,70,175,senior,34,35,49
67bc9110-cfe8-4ec2-b8d8-f20dd5bfc87c,Jumpy Knoll,Jumpy,Knoll,Ivy Prep,69a6fcb68d2c56aa82e48a69,51,79,236,junior,11,17,42
065c8c3c-af2e-48d0-a43a-ae2f0f8a9fe4,Tommy Webster,Tommy,Webster,Ivy Prep,69a6fcb68d2c56aa82e48a69,5,73,192,freshman,40,39,35
162a6a0d-1d04-4b85-adab-71982a55f4b8,Wilfredo Roberts,Wilfredo,Roberts,Ivy Prep,69a6fcb68d2c56aa82e48a69,31,71,175,sophomore,34,17,31
d5a1d077-90da-4383-8d48-4b9e88acdfcd,Alejandro Santos,Alejandro,Santos,Ivy Prep,69a6fcb68d2c56aa82e48a69,41,84,272,senior,64,80,79
3b3bc00b-aa08-4f1e-9f73-0881da37c166,Shakur Curtis,Shakur,Curtis,Ivy Prep,69a6fcb68d2c56aa82e48a69,24,70,171,senior,76,21,53
e45befc4-8611-4525-9a5d-86dc03ff0c3a,Bryson Seneca,Bryson,Seneca,Amariabi International,69a6fcb68d2c56aa82e48a6a,43,73,209,senior,23,49,61
b9ff4029-c1c6-4539-96ac-dd52a47a49f5,Tony Jensen,Tony,Jensen,Amariabi International,69a6fcb68d2c56aa82e48a6a,52,67,147,freshman,48,35,45
c66157d2-77a6-47b3-bc10-6133aaad2f0a,Reuben Brown,Reuben,Brown,Amariabi International,69a6fcb68d2c56aa82e48a6a,30,80,246,freshman,23,46,52
681d8b65-af49-4dd1-920c-6c982a8fdf9e,Shaka Ipock,Shaka,Ipock,Amariabi International,69a6fcb68d2c56aa82e48a6a,23,74,202,junior,19,33,29
6ee41991-ec45-4e7d-9d53-e90c281585e8,Carlos Clements,Carlos,Clements,Amariabi International,69a6fcb68d2c56aa82e48a6a,9,70,179,freshman,46,60,48
0aa06c77-6ca0-40ea-9373-af019a535fe5,Russell Robles,Russell,Robles,Amariabi International,69a6fcb68d2c56aa82e48a6a,1,71,188,freshman,34,29,54
e3a637ae-fe6b-43f0-972e-cb98e5fb883c,Isaiah Lawrence,Isaiah,Lawrence,Amariabi International,69a6fcb68d2c56aa82e48a6a,3,74,195,junior,47,61,74
080dae88-6607-4b88-8638-cfcc11dc199a,Ronny Deguzman,Ronny,Deguzman,Amariabi International,69a6fcb68d2c56aa82e48a6a,22,76,213,senior,11,29,42
d0b51b23-5cf1-4bd0-b6f9-1eee2d13d8a6,Marvin Zitkowski,Marvin,Zitkowski,Amariabi International,69a6fcb68d2c56aa82e48a6a,10,82,254,sophomore,92,51,69
b7eae89c-4a0e-4168-8613-9bbac6c87f8f,Jahir Smith,Jahir,Smith,Amariabi International,69a6fcb68d2c56aa82e48a6a,2,72,190,senior,23,37,48
272e6275-5203-44b6-a485-58b547e33ed2,Jonathon Redwine,Jonathon,Redwine,Amariabi International,69a6fcb68d2c56aa82e48a6a,7,73,196,freshman,48,64,51
6f43bbf6-2ae3-4917-9ef2-53c82056e2c3,Oscar Landry,Oscar,Landry,Amariabi International,69a6fcb68d2c56aa82e48a6a,11,67,160,freshman,11,11,29
a719860b-80da-4615-a4c7-53e2c0692bf5,Andre Walters,Andre,Walters,Falls Academy,69a6fcb68d2c56aa82e48a6b,3,78,227,senior,40,48,83
69ba2c60-6931-403d-ba8c-b67f494a5908,Reginald Galloway,Reginald,Galloway,Falls Academy,69a6fcb68d2c56aa82e48a6b,45,77,226,junior,40,29,43
0e5d7dab-2690-401a-b796-c235611aa69c,Marvin Holmes,Marvin,Holmes,Falls Academy,69a6fcb68d2c56aa82e48a6b,23,72,206,senior,45,9,36
cfc14b1a-5b55-468a-9229-dc5e75072da7,Finnegan Braun,Finnegan,Braun,Falls Academy,69a6fcb68d2c56aa82e48a6b,13,70,178,senior,92,74,87
b00eda43-eb1c-4c61-a4f7-678bd49e6f65,Camden Burch,Camden,Burch,Falls Academy,69a6fcb68d2c56aa82e48a6b,8,73,206,senior,49,26,58
0b2fb121-924e-46bd-818e-80b0d54aa82f,Omar Bullock,Omar,Bullock,Falls Academy,69a6fcb68d2c56aa82e48a6b,21,65,145,sophomore,16,5,37
c372ac6a-a7e5-4a18-b3bf-3e1dcf988f68,Cole Armstrong,Cole,Armstrong,Falls Academy,69a6fcb68d2c56aa82e48a6b,52,75,208,junior,27,9,33
0bc5600c-fb73-4a14-b6e0-9bf89d38f6d3,Josh Scally,Josh,Scally,Falls Academy,69a6fcb68d2c56aa82e48a6b,33,66,144,senior,24,24,31
372b6e9d-9701-41ea-afad-e95c9a4a0f32,Denis McNeal,Denis,McNeal,Falls Academy,69a6fcb68d2c56aa82e48a6b,7,77,229,sophomore,13,33,40
a9119e37-0344-4e7a-a6a6-bfaac5b40829,Tyshawn Manson,Tyshawn,Manson,Falls Academy,69a6fcb68d2c56aa82e48a6b,20,68,160,sophomore,6,27,29
99d7919e-a098-47eb-b5a1-516ecdb319c5,Hayden Garner,Hayden,Garner,Falls Academy,69a6fcb68d2c56aa82e48a6b,50,72,192,sophomore,5,20,30
d69667e7-024f-4433-8ef5-1366a84313da,Robbie Ruiz,Robbie,Ruiz,Falls Academy,69a6fcb68d2c56aa82e48a6b,2,72,200,senior,89,13,64
8b567f84-60d8-4704-9d3b-3642642a9f52,Hank Pearson,Hank,Pearson,Upstate,69a6fcb68d2c56aa82e48a6c,52,73,189,junior,78,57,61
c9c16538-d704-4ea2-964d-dfaad5e0df61,Jefferey Patel,Jefferey,Patel,Upstate,69a6fcb68d2c56aa82e48a6c,4,67,151,senior,13,52,42
aab8733c-e318-4ecd-8a3f-9269fbf5985d,David Boese,David,Boese,Upstate,69a6fcb68d2c56aa82e48a6c,5,67,159,sophomore,26,17,43
48ba2ac4-ddf4-400a-ac88-97fd6b5e7f15,Llyod Hamm,Llyod,Hamm,Upstate,69a6fcb68d2c56aa82e48a6c,17,70,183,senior,14,5,42
7171e0fc-f669-4538-8973-6cb6e892bf83,Pete Harris,Pete,Harris,Upstate,69a6fcb68d2c56aa82e48a6c,42,69,169,senior,48,54,36
7a35e5ae-af93-4201-a8fc-0e0f1a2360ec,Dwayne Eggleton,Dwayne,Eggleton,Upstate,69a6fcb68d2c56aa82e48a6c,8,78,239,junior,30,69,52
beb4bf0c-e53d-4274-97d1-75034e063b2f,Brian Yu,Brian,Yu,Upstate,69a6fcb68d2c56aa82e48a6c,43,78,231,freshman,17,15,29
50894cce-dd3f-45b3-9828-8548610844cb,Carson Campos,Carson,Campos,Upstate,69a6fcb68d2c56aa82e48a6c,26,77,228,junior,40,54,62
0c0757f3-9d9b-4e9b-9cb9-2aa4080b3666,Danny Davies,Danny,Davies,Upstate,69a6fcb68d2c56aa82e48a6c,7,68,169,sophomore,20,28,37
22938a00-b7a4-4127-bb98-8bf9768115aa,Carlton Conley,Carlton,Conley,Upstate,69a6fcb68d2c56aa82e48a6c,12,82,264,freshman,5,6,22
20467cb6-a948-47de-ba14-63bbdf58208a,Patrick Barajas,Patrick,Barajas,Upstate,69a6fcb68d2c56aa82e48a6c,30,78,234,junior,36,61,56
dcd54deb-aaca-4801-a523-75e9d49c8043,Rick Winter,Rick,Winter,Upstate,69a6fcb68d2c56aa82e48a6c,36,71,177,sophomore,44,39,55
5bbed75f-cbaf-4b60-852f-e3cabe1f2d64,Shawn Davis Jr,Shawn,Davis Jr,St Peters,69a6fcb68d2c56aa82e48a6d,50,81,249,junior,49,54,59
91310cd1-4fb5-4cbb-bc59-68cb0667c6cf,John Manske,John,Manske,St Peters,69a6fcb68d2c56aa82e48a6d,26,69,168,sophomore,66,40,67
4d459f46-3af9-4447-97c5-50878f287a37,Donald David,Donald,David,St Peters,69a6fcb68d2c56aa82e48a6d,10,68,162,junior,78,29,70
db4db728-c54b-4a6e-9204-faf576f3512a,Jeff Beard,Jeff,Beard,St Peters,69a6fcb68d2c56aa82e48a6d,32,76,218,senior,7,53,49
e9daf91f-6631-4b65-872b-b9dc26594119,Grant Klein,Grant,Klein,St Peters,69a6fcb68d2c56aa82e48a6d,13,77,216,sophomore,58,92,89
f75e3ace-a3ee-44a8-8286-153d5cb24d09,Lowell Colon,Lowell,Colon,St Peters,69a6fcb68d2c56aa82e48a6d,54,70,186,senior,10,17,26
fd0ec76a-53a2-44b6-9b10-e5c61bc0e5dc,Val Butler,Val,Butler,St Peters,69a6fcb68d2c56aa82e48a6d,55,72,199,senior,42,52,56
bfe35090-371e-4af0-9dcc-87f41d4a4f6b,Talvin Poppy,Talvin,Poppy,St Peters,69a6fcb68d2c56aa82e48a6d,1,79,233,sophomore,28,39,55
c6f7cc88-d807-4928-85fa-43ed1683056c,Roy Farrell,Roy,Farrell,St Peters,69a6fcb68d2c56aa82e48a6d,5,79,236,senior,25,26,42
264e73be-31e6-4c7a-b947-68298d552b3e,Tommy Frey,Tommy,Frey,St Peters,69a6fcb68d2c56aa82e48a6d,47,76,230,sophomore,70,42,65
3cd83add-a8e4-4840-a7dc-1243cbb6b190,Fletcher Miles,Fletcher,Miles,St Peters,69a6fcb68d2c56aa82e48a6d,4,72,189,junior,55,50,45
10250038-5f81-4538-baec-38e5ee72467d,Grant Robinson,Grant,Robinson,St Peters,69a6fcb68d2c56aa82e48a6d,11,70,175,senior,50,47,48
63cb703a-88a8-48ee-8c80-7b215da75bf6,Pro Dowling,Pro,Dowling,Empire City,69a6fcb68d2c56aa82e48a6e,51,72,195,senior,26,17,41
cfde1cb6-3824-49fb-a9c7-a167dc24c80e,Cole Page,Cole,Page,Empire City,69a6fcb68d2c56aa82e48a6e,20,73,195,junior,36,38,41
bef2a43e-eb8b-43cf-ba32-acd97b766d58,Lamont Marcus,Lamont,Marcus,Empire City,69a6fcb68d2c56aa82e48a6e,44,69,179,senior,67,58,57
0beed454-0c07-4c8c-aa7e-8a722c34d964,Cornelius Ramirez,Cornelius,Ramirez,Empire City,69a6fcb68d2c56aa82e48a6e,1,72,203,sophomore,39,21,37
db7a7408-50f6-4f53-9e5f-a9dc6b4318c6,Gregory Bishop,Gregory,Bishop,Empire City,69a6fcb68d2c56aa82e48a6e,30,74,209,senior,73,66,76
f284cec7-13b6-4436-b0f4-5c1018e69f47,Cedric Brown,Cedric,Brown,Empire City,69a6fcb68d2c56aa82e48a6e,2,76,215,junior,55,25,51
c1e250cf-de90-401f-96b1-2411aa35a60b,Nazir Dahlke,Nazir,Dahlke,Empire City,69a6fcb68d2c56aa82e48a6e,5,71,179,junior,92,92,85
e69ee0bf-2359-402a-bf49-dc75dffe9cc3,Jayson Blue,Jayson,Blue,Empire City,69a6fcb68d2c56aa82e48a6e,34,78,238,senior,53,26,54
3bdecb5b-3477-4849-ac3a-c82703708e6a,Ivan Lebedev,Ivan,Lebedev,Empire City,69a6fcb68d2c56aa82e48a6e,12,70,166,senior,40,52,35
89b6cfb9-1bbe-4371-93a7-bc9a5a7f72ed,Donovan Fox,Donovan,Fox,Empire City,69a6fcb68d2c56aa82e48a6e,25,72,190,junior,27,39,38
f9728d6b-cd66-430a-b053-b208ddc610b8,Michael Arnett,Michael,Arnett,Empire City,69a6fcb68d2c56aa82e48a6e,6,73,201,junior,45,76,59
e0426346-a77f-4b79-abe7-ede341cb59b2,Zavien Liu,Zavien,Liu,Empire City,69a6fcb68d2c56aa82e48a6e,14,72,196,sophomore,52,55,51
48712619-e356-44e0-af02-643efe9e3509,Keenan Paul,Keenan,Paul,Syracuse,69a6fcb68d2c56aa82e48a6f,55,75,204,senior,54,27,49
ab3f86fb-5c52-4426-aaa2-d14ab3ca8792,Carlo Carr,Carlo,Carr,Syracuse,69a6fcb68d2c56aa82e48a6f,15,71,188,junior,44,23,36
da03811f-7dc1-4d55-9f54-4225e15f8e7b,Theodore Muster,Theodore,Muster,Syracuse,69a6fcb68d2c56aa82e48a6f,32,70,185,junior,36,26,40
08d4fb9f-3a6a-41e2-be0e-efd0d4ba25fa,Henry Underwood,Henry,Underwood,Syracuse,69a6fcb68d2c56aa82e48a6f,33,73,197,senior,30,17,55
dabbcc5b-c9dc-4c59-b80d-01de3b165441,Malaki Rodl,Malaki,Rodl,Syracuse,69a6fcb68d2c56aa82e48a6f,30,77,224,senior,29,20,54
5d968be2-fd48-4b75-b0a6-77d959da3c14,Hunter Hopkins,Hunter,Hopkins,Syracuse,69a6fcb68d2c56aa82e48a6f,10,74,212,sophomore,40,20,53
5180f502-3315-4cea-9590-034ff7b5c0ff,Oscar Kelley,Oscar,Kelley,Syracuse,69a6fcb68d2c56aa82e48a6f,52,78,231,junior,55,73,59
fb22a21c-c3a3-4bb3-8c2c-fd43f9d26d1d,Joey Birkenstock,Joey,Birkenstock,Syracuse,69a6fcb68d2c56aa82e48a6f,22,71,196,senior,29,11,34
46a287f2-9329-40b9-bb13-7172e95bb22d,Clifford Casselman,Clifford,Casselman,Syracuse,69a6fcb68d2c56aa82e48a6f,5,70,181,sophomore,80,17,50
6fe19f1b-6123-46a2-98b1-2341cf5f0e39,Kasey Hatfield,Kasey,Hatfield,Syracuse,69a6fcb68d2c56aa82e48a6f,50,75,217,senior,62,34,54
a485d801-aa0c-4e88-850f-696d782804c0,Theodore Dunklin,Theodore,Dunklin,Syracuse,69a6fcb68d2c56aa82e48a6f,1,72,210,junior,17,17,33
7045a726-26fc-4ab9-b5d8-a81c681146fc,David Elsworth,David,Elsworth,Syracuse,69a6fcb68d2c56aa82e48a6f,77,72,205,junior,62,78,83
6e95223f-b726-4c93-a27d-2e751b7adb7e,Asante Schreiber,Asante,Schreiber,Toronto Limited,69a6fcb68d2c56aa82e48a70,52,70,174,junior,54,36,46
cffe254f-8912-4a45-8455-786c820d8809,Miles Matthews,Miles,Matthews,Toronto Limited,69a6fcb68d2c56aa82e48a70,44,82,266,senior,17,42,52
026080aa-9a11-4b93-815d-4fec5bd773ad,Jermaine Barnett,Jermaine,Barnett,Toronto Limited,69a6fcb68d2c56aa82e48a70,13,69,171,senior,48,47,49
55eac548-dae8-4ea4-adb4-27b4f8080ef1,Jamie Hernandez,Jamie,Hernandez,Toronto Limited,69a6fcb68d2c56aa82e48a70,15,72,193,junior,59,48,57
bb6e7f1c-a9cd-4622-81b8-23ee9f8b3102,August Huber,August,Huber,Toronto Limited,69a6fcb68d2c56aa82e48a70,21,75,201,senior,42,55,51
d32e8d59-9a9e-4521-bb07-40aea173ba3d,Craig Rountree,Craig,Rountree,Toronto Limited,69a6fcb68d2c56aa82e48a70,50,75,212,senior,44,17,46
b5e02b5d-242f-4c7e-937e-b5577b9f5e05,Kai Alahari,Kai,Alahari,Toronto Limited,69a6fcb68d2c56aa82e48a70,3,71,197,freshman,10,21,34
f7669258-010b-4a04-96f3-e3bf2ce24184,Ray Berger,Ray,Berger,Toronto Limited,69a6fcb68d2c56aa82e48a70,54,68,160,senior,61,72,67
6734b648-4406-4e8b-8610-4ecf33c54f4c,Donavan Gaines,Donavan,Gaines,Toronto Limited,69a6fcb68d2c56aa82e48a70,20,74,202,junior,16,77,62
c0a438a0-f592-421f-a86f-e440df08ac64,Kelly Miles,Kelly,Miles,Toronto Limited,69a6fcb68d2c56aa82e48a70,10,76,228,freshman,46,49,47
24050cba-e2f5-44c4-b3db-cb0d1911750c,Luka Mattos,Luka,Mattos,Toronto Limited,69a6fcb68d2c56aa82e48a70,6,77,218,senior,11,35,44
ae269980-7be6-414b-a545-4f2a25bd502a,Shawn Dunlap,Shawn,Dunlap,Toronto Limited,69a6fcb68d2c56aa82e48a70,41,70,174,senior,40,66,47
47c761d3-a3a1-4fd0-8608-808304a2ab4f,Porfirio Ferguson,Porfirio,Ferguson,Long Island Methodist,69a6fcb68d2c56aa82e48a71,15,74,208,freshman,28,45,54
3e248491-586b-4f5e-aba8-aeca4ff538b5,Bart Andrews,Bart,Andrews,Long Island Methodist,69a6fcb68d2c56aa82e48a71,9,75,212,senior,20,22,34
1b967c99-4b65-423b-9c63-e322fb099f74,Drake McAdams,Drake,McAdams,Long Island Methodist,69a6fcb68d2c56aa82e48a71,54,78,241,junior,24,38,48
bd7bbac3-2365-429c-a630-408044e445c0,Kyle McGrath,Kyle,McGrath,Long Island Methodist,69a6fcb68d2c56aa82e48a71,21,70,177,junior,55,30,58
0656b15d-1738-4fb2-b22b-6df910f3c7f4,Kyree Douglas,Kyree,Douglas,Long Island Methodist,69a6fcb68d2c56aa82e48a71,30,77,231,senior,52,10,58
b36eb0a9-c9f5-4e3f-91dd-a81221f12db7,Jamar Williams,Jamar,Williams,Long Island Methodist,69a6fcb68d2c56aa82e48a71,2,67,160,junior,17,40,37
13ff36db-32d7-40e0-96e2-251bf815b301,Jefferey Twiss,Jefferey,Twiss,Long Island Methodist,69a6fcb68d2c56aa82e48a71,4,66,152,senior,7,11,24
129b57ca-66d7-446c-a816-ffcf007e9f66,Maximilian Hammond,Maximilian,Hammond,Long Island Methodist,69a6fcb68d2c56aa82e48a71,1,70,162,freshman,75,62,58
204afc3e-d065-4afc-8d0b-756fa86649f1,Galen Templeton,Galen,Templeton,Long Island Methodist,69a6fcb68d2c56aa82e48a71,3,78,230,junior,36,45,53
29e9b3a1-77d1-41ea-859c-de81b9ce6dcc,Ike Hines,Ike,Hines,Long Island Methodist,69a6fcb68d2c56aa82e48a71,45,77,234,freshman,36,61,46
d670d4d1-537e-43ff-8833-40d95a423087,Rodney Parkey,Rodney,Parkey,Long Island Methodist,69a6fcb68d2c56aa82e48a71,33,71,193,senior,16,30,31
6a9e2288-b611-4167-8e36-53dfa01dd397,Maximilian Owens,Maximilian,Owens,Long Island Methodist,69a6fcb68d2c56aa82e48a71,26,70,175,sophomore,13,37,54
73de24df-6e24-4f18-a2dd-6b8362bb295b,Lamont Friesen,Lamont,Friesen,Harding Central,69a6fcb68d2c56aa82e48a72,20,80,250,senior,35,45,55
d4c5578a-e2fc-4315-b69e-e565eab9add3,Carl Miles,Carl,Miles,Harding Central,69a6fcb68d2c56aa82e48a72,33,73,212,junior,90,50,75
59dddeb0-dd1d-4a6d-bfc4-e8ff7dbe93bc,Darrell Wunsch,Darrell,Wunsch,Harding Central,69a6fcb68d2c56aa82e48a72,53,73,203,sophomore,17,34,47
645da2bb-deae-4b96-9ed4-1414b9cff154,Scot Veit,Scot,Veit,Harding Central,69a6fcb68d2c56aa82e48a72,51,70,170,junior,72,73,59
6500cb1f-31aa-4df9-8bef-a43de7faa6a8,Woody Rakowski,Woody,Rakowski,Harding Central,69a6fcb68d2c56aa82e48a72,3,74,198,freshman,7,29,37
d6c034ec-2544-4f89-8b84-6214a2554fae,Seth Coots,Seth,Coots,Harding Central,69a6fcb68d2c56aa82e48a72,39,70,174,freshman,12,36,37
82134f75-8499-4985-b8a2-9d48f4e6dd2f,Randall Pennington,Randall,Pennington,Harding Central,69a6fcb68d2c56aa82e48a72,42,75,209,sophomore,57,39,54
fb71cf4c-e9bf-486f-9945-569998f67a34,Ace Mendoza,Ace,Mendoza,Harding Central,69a6fcb68d2c56aa82e48a72,21,79,237,junior,27,22,48
4eee544d-647b-4804-9352-0aacac83aaee,Colin Clemans,Colin,Clemans,Harding Central,69a6fcb68d2c56aa82e48a72,5,69,178,senior,48,35,48
7724a6e4-0943-4420-b479-42d3a4a7164c,Dean Barajas,Dean,Barajas,Harding Central,69a6fcb68d2c56aa82e48a72,31,74,200,junior,15,37,35
034e321c-cc53-4dab-a05a-55f7d9cb94a5,Kelvin Ward,Kelvin,Ward,Harding Central,69a6fcb68d2c56aa82e48a72,8,74,209,junior,6,12,31
6ba898ce-6ce8-489d-8f75-2f910d47cc76,Patrick Noble,Patrick,Noble,Harding Central,69a6fcb68d2c56aa82e48a72,43,75,208,senior,60,61,56
b0a24abe-cb87-483c-8a24-6245c327ebdb,Dalton Vaughn,Dalton,Vaughn,Upper Peninsula,69a6fcb68d2c56aa82e48a73,44,77,224,freshman,48,52,54
004eb1ad-ad7a-4724-906a-cfecff3cbf1c,Matias Woodward,Matias,Woodward,Upper Peninsula,69a6fcb68d2c56aa82e48a73,11,70,163,junior,50,40,43
d95b834f-5200-4421-b469-55c6682fad8c,Julio Harper,Julio,Harper,Upper Peninsula,69a6fcb68d2c56aa82e48a73,22,70,178,senior,26,41,30
bfa9447c-c9bb-4f30-838f-9009ff02c020,Leon Wallace,Leon,Wallace,Upper Peninsula,69a6fcb68d2c56aa82e48a73,52,73,197,senior,33,26,48
6e83c278-b15c-468e-8479-eab8cc0f6ccf,Rashad Trombley,Rashad,Trombley,Upper Peninsula,69a6fcb68d2c56aa82e48a73,33,77,215,senior,35,40,46
28aa91c2-f487-4339-9bbe-fc0d7d59d74a,Gavyn Almazan,Gavyn,Almazan,Upper Peninsula,69a6fcb68d2c56aa82e48a73,34,74,204,senior,59,40,49
21bfe91c-c4ff-486e-af50-a0959554ef01,Rasul Leach,Rasul,Leach,Upper Peninsula,69a6fcb68d2c56aa82e48a73,1,70,169,senior,86,44,61
6695b314-51ec-4a5b-92e9-34974ef0f270,Weston Benitez,Weston,Benitez,Upper Peninsula,69a6fcb68d2c56aa82e48a73,24,76,220,senior,29,17,43
751e0743-1588-4476-ae1e-e09c271a5440,Larry Salinas,Larry,Salinas,Upper Peninsula,69a6fcb68d2c56aa82e48a73,30,70,161,freshman,51,40,39
d1bce108-0f7d-4d0a-9485-67889949a55c,Ryder Hutchinson,Ryder,Hutchinson,Upper Peninsula,69a6fcb68d2c56aa82e48a73,12,74,204,freshman,50,15,50
a7cb102c-34ab-48ce-8665-0b02138e78b2,Kenneth Ford,Kenneth,Ford,Upper Peninsula,69a6fcb68d2c56aa82e48a73,53,71,186,senior,46,55,41
a8899502-6d57-4f64-a421-89f5bfed334c,Darryl Delacerda,Darryl,Delacerda,Upper Peninsula,69a6fcb68d2c56aa82e48a73,50,75,211,senior,53,29,46
6c77d8a3-ff70-4f0a-ba1d-2c0694863dbe,Wilber Grahn,Wilber,Grahn,Mynsk,69a6fcb68d2c56aa82e48a74,13,71,188,sophomore,73,27,77
08936558-385f-46ba-9cb1-74af99f3533e,Jarvis Gardner,Jarvis,Gardner,Mynsk,69a6fcb68d2c56aa82e48a74,6,77,227,junior,26,29,46
ab16c1d2-cd4b-4f0f-96ee-e70b68ec9171,Kenneth Holder,Kenneth,Holder,Mynsk,69a6fcb68d2c56aa82e48a74,8,70,166,sophomore,25,42,49
037c9cf8-0af2-4a4e-8007-21b58a019116,Holden Murray,Holden,Murray,Mynsk,69a6fcb68d2c56aa82e48a74,24,69,163,sophomore,17,13,40
0cd53d8e-bd2c-45f6-8f96-e9bbcd78f6dd,Evan Dupont,Evan,Dupont,Mynsk,69a6fcb68d2c56aa82e48a74,32,79,238,sophomore,41,39,56
05c987bc-adc4-4228-9386-5c2b851194bc,Darren Barrera,Darren,Barrera,Mynsk,69a6fcb68d2c56aa82e48a74,1,76,215,senior,4,3,29
493e98b1-99f3-4849-bc59-cdc10aca1a05,Stinky Wilkerson,Stinky,Wilkerson,Mynsk,69a6fcb68d2c56aa82e48a74,30,71,190,junior,3,1,31
abf29f1f-deea-48ca-b95d-78a9567e887d,Tuan Park,Tuan,Park,Mynsk,69a6fcb68d2c56aa82e48a74,3,71,196,senior,1,5,19
846b4c70-9983-4202-9ec3-0d63c3b9dcb1,Omari Sherman,Omari,Sherman,Mynsk,69a6fcb68d2c56aa82e48a74,11,68,162,senior,17,11,25
ca382515-e043-47fa-82f2-9571f5589307,Marques McCoy,Marques,McCoy,Mynsk,69a6fcb68d2c56aa82e48a74,15,72,198,junior,22,24,34
ff2abcb8-8ffe-45fe-92de-d12068d3171e,Tyler Garrett,Tyler,Garrett,Mynsk,69a6fcb68d2c56aa82e48a74,21,70,170,freshman,8,22,26
26cdd28d-9ed2-40e7-a0a3-f43cdefb0d24,Enos Enis,Enos,Enis,Mynsk,69a6fcb68d2c56aa82e48a74,52,71,179,sophomore,6,37,30
9727b8c9-526d-47be-adf1-18aa5a6c983d,Lance Darner,Lance,Darner,Ann Arbor,69a6fcb68d2c56aa82e48a75,31,76,215,sophomore,6,10,35
dab01f15-2197-44e3-9169-07fefa18baf7,Jrae Howard,Jrae,Howard,Ann Arbor,69a6fcb68d2c56aa82e48a75,51,79,244,senior,47,25,55
7c54743b-00b2-42ba-b0c2-1f08f31b86eb,Chet Gaver,Chet,Gaver,Ann Arbor,69a6fcb68d2c56aa82e48a75,25,76,211,junior,33,48,57
ccc89530-e6cc-4868-a67f-bc58b45ac91b,Matthias Whitney,Matthias,Whitney,Ann Arbor,69a6fcb68d2c56aa82e48a75,38,75,219,junior,42,57,41
8609a170-7733-47fe-b1a5-0ac0d14e00ab,Bridger Mally,Bridger,Mally,Ann Arbor,69a6fcb68d2c56aa82e48a75,44,77,217,junior,26,25,50
5bade940-a042-40c1-874a-5357cb6d5447,Anton O'Brien,Anton,O'Brien,Ann Arbor,69a6fcb68d2c56aa82e48a75,42,83,290,senior,86,92,91
824c7b86-d4c1-4782-9db7-356c614a8509,Eddie Terrell,Eddie,Terrell,Ann Arbor,69a6fcb68d2c56aa82e48a75,13,70,182,senior,45,39,45
a20209b6-5c38-4bea-b24f-6a935c46efcc,Cortez Conway,Cortez,Conway,Ann Arbor,69a6fcb68d2c56aa82e48a75,53,78,229,senior,83,92,75
b3455ac2-e621-4bf9-aae7-05080a4b180f,Fisher Velez,Fisher,Velez,Ann Arbor,69a6fcb68d2c56aa82e48a75,10,70,158,sophomore,41,44,35
5f9a7b06-bbc6-43de-857d-a69a9d009562,Mervin Floyd,Mervin,Floyd,Ann Arbor,69a6fcb68d2c56aa82e48a75,14,68,159,senior,7,2,33
06dfa633-820c-4a36-8789-0ea0c88dc03d,Landon Gordon,Landon,Gordon,Ann Arbor,69a6fcb68d2c56aa82e48a75,66,82,248,junior,37,74,67
22660046-e68f-4e43-b0b5-ff6a486e57b0,Titus Hong,Titus,Hong,Ann Arbor,69a6fcb68d2c56aa82e48a75,15,70,188,sophomore,19,7,32
4eee1fa7-7a3a-45c8-bea6-2d390d0f3f05,Sean Chambers,Sean,Chambers,Hardwood Fields,69a6fcb68d2c56aa82e48a76,33,68,169,junior,92,8,77
f246b215-c67c-4d9a-9d53-517cd36efad4,Keaton Crestshire,Keaton,Crestshire,Hardwood Fields,69a6fcb68d2c56aa82e48a76,17,67,162,senior,48,48,42
77942268-e90b-454e-b259-7e1d3d6541f9,Joshua Heckart,Joshua,Heckart,Hardwood Fields,69a6fcb68d2c56aa82e48a76,1,67,156,freshman,10,9,18
e0aa9ff9-e963-4f79-ac00-58235b2e6279,Kendrick Tuma,Kendrick,Tuma,Hardwood Fields,69a6fcb68d2c56aa82e48a76,8,80,247,junior,54,59,58
31efddaa-dfeb-4c09-89a6-bfb377364cbb,Douglass Zimmerman,Douglass,Zimmerman,Hardwood Fields,69a6fcb68d2c56aa82e48a76,43,76,211,sophomore,39,29,74
4db63d14-dbdc-4894-98de-1c4061fbe782,Chris Smith-Weibel,Chris,Smith-Weibel,Hardwood Fields,69a6fcb68d2c56aa82e48a76,40,70,167,senior,14,52,43
9aae1a1f-a6dd-4490-a68f-82c46d6a14b2,Jaylen Peterson,Jaylen,Peterson,Hardwood Fields,69a6fcb68d2c56aa82e48a76,4,71,196,senior,10,30,28
a9938c17-e941-40bc-9ea3-ff9c5c773f9b,Marcus Molina,Marcus,Molina,Hardwood Fields,69a6fcb68d2c56aa82e48a76,7,67,160,senior,39,34,67
e7c635c8-04fc-4fb1-9d9b-c0cc83db16de,James Burke,James,Burke,Hardwood Fields,69a6fcb68d2c56aa82e48a76,10,77,232,sophomore,32,63,55
46a1881f-24ba-460d-854f-657bd3104123,Andy Martin,Andy,Martin,Hardwood Fields,69a6fcb68d2c56aa82e48a76,55,78,240,junior,46,35,43
ff16bffa-d2a9-458a-8de0-c18b5ae85710,Edward Gomez,Edward,Gomez,Hardwood Fields,69a6fcb68d2c56aa82e48a76,12,75,217,junior,15,16,41
8c67f930-850f-4728-849a-09e7092fc850,Leland Dougherty,Leland,Dougherty,Hardwood Fields,69a6fcb68d2c56aa82e48a76,15,69,156,senior,34,13,32
fcc3542d-6e46-457e-9096-c8281d70e73c,AZ Ross,AZ,Ross,Columbus,69a6fcb68d2c56aa82e48a77,6,72,183,junior,32,13,37
a96399d1-a74a-4641-abe5-28a1250a786e,Vincent Kidd,Vincent,Kidd,Columbus,69a6fcb68d2c56aa82e48a77,1,69,168,senior,7,20,28
c7327943-9bcd-47a4-832c-d5e0086baee2,Hai Stucker,Hai,Stucker,Columbus,69a6fcb68d2c56aa82e48a77,8,80,247,freshman,29,41,67
fca95735-97f6-49fd-9810-ba47e9205d43,Marquez Wilmoth,Marquez,Wilmoth,Columbus,69a6fcb68d2c56aa82e48a77,23,76,218,senior,62,46,54
b9dd8de9-4e68-4d45-89af-049a459c7931,Jayce Bond,Jayce,Bond,Columbus,69a6fcb68d2c56aa82e48a77,31,81,249,senior,32,17,56
b26b94c9-ea6f-4119-a7a6-bf181f3f849c,Ezequiel Battle,Ezequiel,Battle,Columbus,69a6fcb68d2c56aa82e48a77,10,72,199,senior,38,24,38
17eea490-1df2-48c1-a46f-ffd6b3a05aff,Gilberto Hopkins,Gilberto,Hopkins,Columbus,69a6fcb68d2c56aa82e48a77,35,70,177,senior,7,11,23
546694d4-491e-4ace-befb-8f896b59fec5,Ryan Finley,Ryan,Finley,Columbus,69a6fcb68d2c56aa82e48a77,42,73,190,junior,40,60,52
b36f6b13-adff-4ebb-8267-903491580873,Than Kime,Than,Kime,Columbus,69a6fcb68d2c56aa82e48a77,2,70,172,senior,1,3,22
56ce9c68-2214-4335-9d3f-b2f627762427,Chad McKinney,Chad,McKinney,Columbus,69a6fcb68d2c56aa82e48a77,50,65,145,senior,46,78,55
53d37329-4257-416a-8693-5487fef4ec9f,Micah Parrish,Micah,Parrish,Columbus,69a6fcb68d2c56aa82e48a77,32,72,198,junior,29,35,37
57071513-5f41-43d1-9099-d61a350f4c97,Tyler Allison,Tyler,Allison,Columbus,69a6fcb68d2c56aa82e48a77,22,70,169,senior,4,8,27
95c69ff8-9d74-414e-8ebb-1275b5185ee7,Toby Schroeder Jr,Toby,Schroeder Jr,North Columbus,69a6fcb68d2c56aa82e48a78,24,72,200,sophomore,63,39,54
7af0a731-8c68-4fa7-bcba-fb9eeae5f8ae,Lerod Giles,Lerod,Giles,North Columbus,69a6fcb68d2c56aa82e48a78,6,76,231,junior,32,26,46
7f47e5bd-c567-460c-884f-457c8523266f,Jabari Taunton,Jabari,Taunton,North Columbus,69a6fcb68d2c56aa82e48a78,20,71,180,senior,15,4,38
d8e2fb01-fbec-4b8b-8a44-bef684cbfb49,Mckinley Stiffler,Mckinley,Stiffler,North Columbus,69a6fcb68d2c56aa82e48a78,33,74,215,freshman,37,54,47
2509ac41-4d55-4e34-a027-f9342d57b812,Braden Smith,Braden,Smith,North Columbus,69a6fcb68d2c56aa82e48a78,48,76,216,freshman,7,70,50
d2e0341a-7449-40f9-a8e2-c92a724e19f9,Dexter Jordan,Dexter,Jordan,North Columbus,69a6fcb68d2c56aa82e48a78,40,76,222,junior,46,51,59
5801a7bc-605e-41e5-a529-a488528bc7a6,Edmund Hilliard,Edmund,Hilliard,North Columbus,69a6fcb68d2c56aa82e48a78,26,71,175,sophomore,48,17,34
3991127a-6674-4406-9e81-fa3e53c1bc7d,Morton Cobb,Morton,Cobb,North Columbus,69a6fcb68d2c56aa82e48a78,4,78,232,freshman,17,41,44
b3a58cde-b604-4eb6-8e21-9981da769b3e,Lennon Chan,Lennon,Chan,North Columbus,69a6fcb68d2c56aa82e48a78,7,69,170,senior,48,39,41
a9eacdd9-de14-49e7-8682-a6805c45edf7,Donald Solberg,Donald,Solberg,North Columbus,69a6fcb68d2c56aa82e48a78,12,79,242,freshman,19,29,43
50259959-40dc-4a0c-8ae7-038ca89be582,Erik Tate,Erik,Tate,North Columbus,69a6fcb68d2c56aa82e48a78,18,73,199,senior,65,66,57
d32315ae-1c3e-4f63-880a-02035a7ec97a,Jeremy Strickland,Jeremy,Strickland,North Columbus,69a6fcb68d2c56aa82e48a78,55,78,231,junior,33,63,64
b40bf68f-f558-48de-a6fd-d6bc77055d4d,Jose Mercadito,Jose,Mercadito,Cleveland-Carlysle,69a6fcb68d2c56aa82e48a79,25,71,197,senior,25,15,34
956ceb8a-a908-4180-8b67-90975fdf8b62,Dax Hughes,Dax,Hughes,Cleveland-Carlysle,69a6fcb68d2c56aa82e48a79,33,70,174,junior,24,54,38
75a28bd0-a2d8-44a1-bfff-ee3fc4de3b69,Francisco Conner,Francisco,Conner,Cleveland-Carlysle,69a6fcb68d2c56aa82e48a79,53,77,224,junior,55,89,64
2d04d247-7e40-47a1-a439-5e4122ff0cb1,Immanuel Newton,Immanuel,Newton,Cleveland-Carlysle,69a6fcb68d2c56aa82e48a79,13,71,184,senior,8,4,38
c799de71-51fd-4a28-a096-ca47301cd991,Caden Savino,Caden,Savino,Cleveland-Carlysle,69a6fcb68d2c56aa82e48a79,6,75,201,junior,42,53,60
1235792f-4813-46e1-9d52-35c8718af9ba,Darwin Willette,Darwin,Willette,Cleveland-Carlysle,69a6fcb68d2c56aa82e48a79,43,75,209,sophomore,75,64,80
8509a4b8-5f86-4a7a-8ed3-b3246a1de729,Marques Bailey,Marques,Bailey,Cleveland-Carlysle,69a6fcb68d2c56aa82e48a79,20,71,194,senior,50,52,46
61470709-2a85-435f-84a4-7bfe80dbe373,Courtney Wyatt,Courtney,Wyatt,Cleveland-Carlysle,69a6fcb68d2c56aa82e48a79,2,71,187,freshman,44,52,55
b6086454-2542-4d9f-a36a-46456c26008c,Graham Stefan,Graham,Stefan,Cleveland-Carlysle,69a6fcb68d2c56aa82e48a79,51,68,159,junior,6,9,18
a4b40ebe-ee01-4599-8082-2248020310e2,Sterling Renninger,Sterling,Renninger,Cleveland-Carlysle,69a6fcb68d2c56aa82e48a79,52,78,241,freshman,40,33,46
4a99966e-52f9-430b-aa23-f6073cd0035c,Ezra Rice,Ezra,Rice,Cleveland-Carlysle,69a6fcb68d2c56aa82e48a79,1,67,163,sophomore,12,14,22
e9f7bfc0-2c99-4f22-8877-c8d5e7b5d071,Javion Felice,Javion,Felice,Cleveland-Carlysle,69a6fcb68d2c56aa82e48a79,54,70,172,junior,33,5,39
612e132a-8a38-468f-ae6b-66f80b214fe4,Leonard Lindahl,Leonard,Lindahl,Burroughs,69a6fcb68d2c56aa82e48a7a,42,72,200,senior,67,63,49
0d8a4cb1-c3c6-4ec1-ab8e-de84962a77ca,Koen Hogsett,Koen,Hogsett,Burroughs,69a6fcb68d2c56aa82e48a7a,53,67,170,senior,34,16,45
cc16918d-7bad-4f2d-b686-6c5e8f175aac,Charles Wilis,Charles,Wilis,Burroughs,69a6fcb68d2c56aa82e48a7a,32,76,214,sophomore,92,85,75
3d809637-1388-4a9e-a09d-b0b5e3a851ae,Lane Brock,Lane,Brock,Burroughs,69a6fcb68d2c56aa82e48a7a,50,78,225,junior,23,80,68
72240308-de01-47dd-9611-5f17355a19ee,Issac Le,Issac,Le,Burroughs,69a6fcb68d2c56aa82e48a7a,20,70,182,sophomore,20,28,30
62da6dea-b06c-491b-8e46-3c148284911d,Travis Werner,Travis,Werner,Burroughs,69a6fcb68d2c56aa82e48a7a,45,77,212,junior,50,47,49
6a8f69e2-e189-4360-be6a-5350e63a6528,Dennis Granda,Dennis,Granda,Burroughs,69a6fcb68d2c56aa82e48a7a,19,75,227,junior,32,91,62
40c8d54b-9f0c-4543-a084-67abcd0728de,Arjun Phelps,Arjun,Phelps,Burroughs,69a6fcb68d2c56aa82e48a7a,7,70,181,senior,29,29,35
32daf2b0-11bb-431e-9988-82c13ea3b765,Kendrick Molyneaux,Kendrick,Molyneaux,Burroughs,69a6fcb68d2c56aa82e48a7a,6,68,159,senior,62,39,45
9e5ef922-d089-4065-aa6e-18025268bbef,Eddie Zuniga,Eddie,Zuniga,Burroughs,69a6fcb68d2c56aa82e48a7a,18,70,173,junior,1,39,48
384bcad4-c068-4657-91ea-98e98f58212b,Jeff McDowell,Jeff,McDowell,Burroughs,69a6fcb68d2c56aa82e48a7a,11,72,204,freshman,24,17,49
4eb31bfa-0456-4868-96da-ca99150c2d1e,Kyan Jackson,Kyan,Jackson,Burroughs,69a6fcb68d2c56aa82e48a7a,9,77,219,freshman,40,48,57
c8a57816-c0bc-4a62-ad8b-b65016271e15,KJ Bargo,KJ,Bargo,Wacker West,69a6fcb68d2c56aa82e48a7b,35,71,182,senior,23,33,35
d8e030f8-3001-4ff1-bdac-7d99df074211,Davante Paige,Davante,Paige,Wacker West,69a6fcb68d2c56aa82e48a7b,55,69,166,senior,17,7,28
06b61d17-88d8-44ea-b9e5-8d42f941d2c9,Wayne Burke,Wayne,Burke,Wacker West,69a6fcb68d2c56aa82e48a7b,27,68,163,sophomore,50,34,41
cf4edc33-426b-4204-92e4-b076b88950e8,Keagan Prosperie,Keagan,Prosperie,Wacker West,69a6fcb68d2c56aa82e48a7b,41,73,212,junior,57,69,66
451d9c77-742a-4d8d-b7ff-84a20a577ac6,Vaughn Wiggins,Vaughn,Wiggins,Wacker West,69a6fcb68d2c56aa82e48a7b,32,77,222,freshman,29,47,53
6fc892f9-3070-44c2-a417-dd9e64c5c2a9,Philip Blair,Philip,Blair,Wacker West,69a6fcb68d2c56aa82e48a7b,6,72,193,senior,28,16,38
cedd74f1-a3ce-4964-988a-5c6332104fb7,Jamar Butler,Jamar,Butler,Wacker West,69a6fcb68d2c56aa82e48a7b,7,70,178,senior,15,28,30
00cb2d4d-35fe-40b5-bd2f-a5d31551032c,Immanuel Amare,Immanuel,Amare,Wacker West,69a6fcb68d2c56aa82e48a7b,45,81,248,sophomore,24,82,74
204abddc-4c0a-4d30-b734-6d3aabdbf2d0,Darrell Avery,Darrell,Avery,Wacker West,69a6fcb68d2c56aa82e48a7b,12,73,209,senior,27,72,53
9eee089e-5df7-4e70-af36-9c5c71efb60a,Melvin Jensen,Melvin,Jensen,Wacker West,69a6fcb68d2c56aa82e48a7b,53,78,233,senior,28,30,44
acdfb7ab-c4e0-489d-ad32-6d6087b4e4fe,Raiden Wright,Raiden,Wright,Wacker West,69a6fcb68d2c56aa82e48a7b,3,72,190,junior,69,92,73
42d91685-3ec4-46ab-99b6-6768293d0670,Pinky Howell,Pinky,Howell,Wacker West,69a6fcb68d2c56aa82e48a7b,17,79,247,senior,44,26,53
e500c899-ea20-4995-a98a-f22d4764824a,Scott Warner,Scott,Warner,Archbishop McClellan,69a6fcb68d2c56aa82e48a7c,1,77,232,freshman,78,70,65
07aa4671-1d3e-4cce-b6b8-6a36e23f2ab6,Taylor Lopez,Taylor,Lopez,Archbishop McClellan,69a6fcb68d2c56aa82e48a7c,2,73,199,senior,40,61,45
ee301fb1-6b72-444a-9aa4-7d0c161ddde4,Jeremiah McDonald,Jeremiah,McDonald,Archbishop McClellan,69a6fcb68d2c56aa82e48a7c,12,71,177,sophomore,52,15,47
37d25067-47eb-446a-93a7-caf60f8a43ea,Braylon Williams,Braylon,Williams,Archbishop McClellan,69a6fcb68d2c56aa82e48a7c,10,76,215,sophomore,33,48,48
16ed946d-f7a6-4e57-ba30-8296617338f6,Carter Herring,Carter,Herring,Archbishop McClellan,69a6fcb68d2c56aa82e48a7c,13,67,152,senior,75,63,72
c0a0d787-9f40-4b11-a743-c75f31b947f0,Jason Toms,Jason,Toms,Archbishop McClellan,69a6fcb68d2c56aa82e48a7c,20,75,197,sophomore,41,39,40
6f0fc1f1-ef89-467e-87a6-59fcfd662b4b,David Welch,David,Welch,Archbishop McClellan,69a6fcb68d2c56aa82e48a7c,15,78,224,senior,32,57,77
3f2909ac-8e00-4d3b-875b-e40e66871723,Leonardo Wittman,Leonardo,Wittman,Archbishop McClellan,69a6fcb68d2c56aa82e48a7c,44,71,181,freshman,48,60,68
8e02e4a2-a0da-42d5-b863-f7496fdf4cba,Robt Glenn,Robt,Glenn,Archbishop McClellan,69a6fcb68d2c56aa82e48a7c,50,78,218,senior,48,42,64
e43a1ac6-0779-497c-bb34-dcbab41c9b00,Tyler Dargan,Tyler,Dargan,Archbishop McClellan,69a6fcb68d2c56aa82e48a7c,41,78,227,freshman,9,32,46
3fba6eaf-81d1-44fb-9601-d0a0fb32aa76,Jackson Thomas,Jackson,Thomas,Archbishop McClellan,69a6fcb68d2c56aa82e48a7c,18,75,208,junior,62,36,61
c834ab6d-f2b9-4cb3-86c3-fc1eacc494b6,Jonas Ayers,Jonas,Ayers,Archbishop McClellan,69a6fcb68d2c56aa82e48a7c,43,69,186,senior,21,9,41
18dc5b9e-95cb-4fee-8aba-44ba176c8663,Ruben Becker,Ruben,Becker,Sacred Heart,69a6fcb68d2c56aa82e48a7d,25,69,166,junior,22,40,65
476c2a03-241d-4e24-ac35-754dcea38581,Octavio Cook,Octavio,Cook,Sacred Heart,69a6fcb68d2c56aa82e48a7d,11,70,186,freshman,44,34,42
9931587e-ced5-4304-a3bc-6157731f586c,Matias Tapscott,Matias,Tapscott,Sacred Heart,69a6fcb68d2c56aa82e48a7d,24,67,160,junior,32,19,36
0d9fe49f-e0bf-477f-bf18-af2de42f6127,LJ Buckley,LJ,Buckley,Sacred Heart,69a6fcb68d2c56aa82e48a7d,44,76,225,junior,12,36,38
676fe395-1a5f-4169-b2c7-434849b47b62,Cleo Hall,Cleo,Hall,Sacred Heart,69a6fcb68d2c56aa82e48a7d,45,70,170,senior,15,4,30
e86e43b1-5057-4dd4-bbb7-631d03f4bbdc,Wes Porter,Wes,Porter,Sacred Heart,69a6fcb68d2c56aa82e48a7d,17,70,163,senior,5,1,38
f751b821-0d98-4f42-a1af-3c476100d30e,Takyo Hairston,Takyo,Hairston,Sacred Heart,69a6fcb68d2c56aa82e48a7d,22,78,229,freshman,26,41,49
1eafdef0-7b3b-48ae-be89-46d2ff69c05e,Byron McKee,Byron,McKee,Sacred Heart,69a6fcb68d2c56aa82e48a7d,4,70,161,junior,48,28,35
1d5baacf-af1b-455f-aa3e-dca0188e652a,Robby Cox,Robby,Cox,Sacred Heart,69a6fcb68d2c56aa82e48a7d,3,75,217,sophomore,34,13,43
2bfd9054-ae4c-4032-b74e-bff872d98b18,Moises Levy,Moises,Levy,Sacred Heart,69a6fcb68d2c56aa82e48a7d,32,70,165,freshman,13,13,50
50feed42-27fb-458f-8311-2e9781c35600,Steve Barker,Steve,Barker,Sacred Heart,69a6fcb68d2c56aa82e48a7d,21,70,179,freshman,79,91,90
538bbb06-14cb-42af-b852-f8aa2c080009,Becker Estrada,Becker,Estrada,Sacred Heart,69a6fcb68d2c56aa82e48a7d,13,71,189,junior,34,30,37
b6b4c579-7095-48f6-b2e2-d9e0303b49b7,Ronan Huff,Ronan,Huff,Templeton-Wesley,69a6fcb68d2c56aa82e48a7e,21,70,180,freshman,19,63,52
47cd11b2-c84f-4a37-964d-5095d495f81b,Tristen Lewis,Tristen,Lewis,Templeton-Wesley,69a6fcb68d2c56aa82e48a7e,12,67,160,senior,46,29,37
0e2fd7d9-699a-4cd8-b3e7-d3e3810095fb,Ellis Padillo,Ellis,Padillo,Templeton-Wesley,69a6fcb68d2c56aa82e48a7e,43,74,194,freshman,27,39,38
508d66b0-433e-4aaa-8b61-b0fda81d5d96,Gauge Griffith,Gauge,Griffith,Templeton-Wesley,69a6fcb68d2c56aa82e48a7e,1,72,200,senior,58,33,42
78487beb-c30e-47bc-ab8a-7efb65019faf,Ernest Jefferson,Ernest,Jefferson,Templeton-Wesley,69a6fcb68d2c56aa82e48a7e,34,65,152,senior,92,88,85
60d7907c-80b0-4acd-868e-8093f3fc7cd1,Harold Mathis,Harold,Mathis,Templeton-Wesley,69a6fcb68d2c56aa82e48a7e,11,68,162,sophomore,76,62,57
09278628-9d6b-4860-827f-338d966eaab0,Rudy Barnes,Rudy,Barnes,Templeton-Wesley,69a6fcb68d2c56aa82e48a7e,32,71,190,senior,35,35,44
d211cfae-8a5a-4778-b253-e4a5410453d6,Josiah Douglas,Josiah,Douglas,Templeton-Wesley,69a6fcb68d2c56aa82e48a7e,35,73,199,senior,32,28,34
3865fe9c-bac6-48bf-8b58-dec46e8d8f11,Patrick Ashbrook,Patrick,Ashbrook,Templeton-Wesley,69a6fcb68d2c56aa82e48a7e,31,71,188,sophomore,3,34,31
42762660-3150-425f-bc97-19fe3371f8ac,Will McMahon,Will,McMahon,Templeton-Wesley,69a6fcb68d2c56aa82e48a7e,3,69,178,freshman,9,7,36
1842813a-5787-4225-97fc-8e430d24158c,Phoenix Moon,Phoenix,Moon,Templeton-Wesley,69a6fcb68d2c56aa82e48a7e,18,69,160,senior,26,13,43
2d64627c-d358-4e45-be6d-4c66e235a73d,Walter Quick,Walter,Quick,Templeton-Wesley,69a6fcb68d2c56aa82e48a7e,90,80,241,senior,86,54,75
8068bc4c-4ffb-4094-9c9a-44b790f2c71f,Rickey Moles,Rickey,Moles,Dillinger,69a6fcb68d2c56aa82e48a7f,43,75,204,freshman,63,61,60
da7e0b89-8203-4546-9653-9ba39449e406,Rodney Shimizu,Rodney,Shimizu,Dillinger,69a6fcb68d2c56aa82e48a7f,48,72,197,junior,62,53,58
dd50bd51-12db-452e-af36-122a42f899d4,Jaiden Gray,Jaiden,Gray,Dillinger,69a6fcb68d2c56aa82e48a7f,10,74,212,junior,32,70,47
7666e200-771a-4efa-b061-08585e525a3f,Angel Acevedo,Angel,Acevedo,Dillinger,69a6fcb68d2c56aa82e48a7f,30,66,143,sophomore,40,13,35
d4e9508a-0893-4233-b5a4-e16bc4e41954,Houston Greenblatt,Houston,Greenblatt,Dillinger,69a6fcb68d2c56aa82e48a7f,58,80,232,sophomore,65,57,65
2e8dc3e5-b1dc-4868-8a0e-d64aee0f7092,R'Qwan Armie,R'Qwan,Armie,Dillinger,69a6fcb68d2c56aa82e48a7f,31,73,187,junior,22,26,36
373573d8-7949-4ebb-9f74-160ce6fbfe7c,Sonny Burgess,Sonny,Burgess,Dillinger,69a6fcb68d2c56aa82e48a7f,21,76,219,sophomore,33,19,52
3092fd84-0c87-4486-94b4-463aff704b23,Dez Lowery,Dez,Lowery,Dillinger,69a6fcb68d2c56aa82e48a7f,45,76,228,junior,71,52,59
bd0358b0-4508-4b01-9579-cbc40db54341,Mason Fikes,Mason,Fikes,Dillinger,69a6fcb68d2c56aa82e48a7f,2,71,191,junior,20,8,32
9f35c31d-36bc-4b6f-8692-1fe724118c13,Atticus Haynes,Atticus,Haynes,Dillinger,69a6fcb68d2c56aa82e48a7f,9,71,187,freshman,28,24,32
5d6270fe-045a-47a5-8a27-7c4e1adf9ba7,Damon Tabb,Damon,Tabb,Dillinger,69a6fcb68d2c56aa82e48a7f,19,74,196,senior,35,28,41
a3c093cf-d1ea-4f39-ad67-62cedbe39e6c,Jay Zwiebel,Jay,Zwiebel,Dillinger,69a6fcb68d2c56aa82e48a7f,20,69,164,sophomore,14,40,57
7bea0093-a617-46d1-bf1b-a7567326da24,Jaime Brewer,Jaime,Brewer,Quigley Catholic,69a6fcb68d2c56aa82e48a80,32,76,224,freshman,54,45,42
8eee81a0-f896-4605-ae85-e6f6bfb76cca,Theo Olson,Theo,Olson,Quigley Catholic,69a6fcb68d2c56aa82e48a80,2,67,158,junior,70,92,79
dee1390a-3933-4193-934c-354bfb2cb0c5,Kyle Ansley,Kyle,Ansley,Quigley Catholic,69a6fcb68d2c56aa82e48a80,12,76,218,junior,48,62,53
ac42bf06-cd59-4d95-8d36-dd1a630117a0,Johan Petersen,Johan,Petersen,Quigley Catholic,69a6fcb68d2c56aa82e48a80,50,72,202,freshman,37,59,48
3f2a1a7c-3246-4f1b-989c-fa306be803da,Mathias Morris,Mathias,Morris,Quigley Catholic,69a6fcb68d2c56aa82e48a80,5,72,200,freshman,54,79,69
91a74305-a135-4d35-ad7f-6a40be0ffbc9,Jax Hesser,Jax,Hesser,Quigley Catholic,69a6fcb68d2c56aa82e48a80,10,73,198,sophomore,48,26,47
53a17a30-be88-44b5-a373-8a6746db776d,Gary Hammonds,Gary,Hammonds,Quigley Catholic,69a6fcb68d2c56aa82e48a80,11,64,142,senior,9,4,11
38a1cc3f-69ca-463c-8caf-41d2e1a47c15,Carlton James,Carlton,James,Quigley Catholic,69a6fcb68d2c56aa82e48a80,25,69,165,senior,62,15,48
8f14bd21-1e6c-4105-93ae-ad027ddcc356,Mark Whitney,Mark,Whitney,Quigley Catholic,69a6fcb68d2c56aa82e48a80,8,71,187,sophomore,11,45,33
157fb0b5-fe3b-4490-8775-3d9d998d245d,Jim Arrowood,Jim,Arrowood,Quigley Catholic,69a6fcb68d2c56aa82e48a80,34,74,201,junior,92,78,78
ea978fb7-db6c-4a28-ac91-35c00bddfee6,Carter Snyder,Carter,Snyder,Quigley Catholic,69a6fcb68d2c56aa82e48a80,40,75,211,freshman,14,22,36
7fa31ac7-c19e-4c3d-a8ec-52e2fe92f93e,Eric Hazelton,Eric,Hazelton,Quigley Catholic,69a6fcb68d2c56aa82e48a80,3,73,200,freshman,21,17,33
86e595d7-8b03-41e0-9c72-ee09781cc1a5,JJ Tunstall,JJ,Tunstall,Evanston,69a6fcb68d2c56aa82e48a81,7,72,195,sophomore,40,42,46
6722fae0-4738-4042-a798-713d69b926ac,Ethan Blair,Ethan,Blair,Evanston,69a6fcb68d2c56aa82e48a81,11,71,182,freshman,42,38,40
8374fcb0-a377-4878-8a41-126061801569,Monty Sailer,Monty,Sailer,Evanston,69a6fcb68d2c56aa82e48a81,41,82,250,senior,92,92,86
8d04f9ef-ecc5-4c71-b7bc-bd97db54af56,Trinidad Brooks,Trinidad,Brooks,Evanston,69a6fcb68d2c56aa82e48a81,5,70,171,sophomore,30,10,41
f6c4a131-8ee2-4ac1-99b3-bb7d6873839d,Billy Kirby,Billy,Kirby,Evanston,69a6fcb68d2c56aa82e48a81,37,69,170,sophomore,17,48,39
94b0872e-f320-4e7c-aec9-1d4b736e557d,Derrick Bundrick,Derrick,Bundrick,Evanston,69a6fcb68d2c56aa82e48a81,1,68,159,senior,20,19,27
076dc83f-2ba5-48d0-a9af-742bcf6d3303,Deven Barr,Deven,Barr,Evanston,69a6fcb68d2c56aa82e48a81,8,73,193,sophomore,9,38,37
adc470f6-249b-4295-acf4-a7d52fecaae9,Stanley Brown Jr,Stanley,Brown Jr,Evanston,69a6fcb68d2c56aa82e48a81,19,74,197,sophomore,62,34,57
a6210662-88c7-4ded-b612-ed4cb2c6fa94,Ron Strecker,Ron,Strecker,Evanston,69a6fcb68d2c56aa82e48a81,2,74,195,junior,48,71,72
ea736ee8-48f1-47f9-867e-a47305d59690,Bruce Sanders,Bruce,Sanders,Evanston,69a6fcb68d2c56aa82e48a81,42,69,177,senior,16,60,40
2848a0e1-65ac-4e84-b4a6-34a0cf95fcd2,Savion McQueeney,Savion,McQueeney,Evanston,69a6fcb68d2c56aa82e48a81,51,81,243,junior,23,52,51
13e0cab8-a133-44de-b977-604f50cee205,Jabari Pruitt,Jabari,Pruitt,Evanston,69a6fcb68d2c56aa82e48a81,40,72,196,senior,29,30,46
58335b29-2f3d-43f9-aa49-82fb7322ef01,Tomas Badgley,Tomas,Badgley,Crimson County,69a6fcb68d2c56aa82e48a82,53,75,206,junior,62,65,76
3a9df8df-c675-4524-820c-c6b109e3d972,Kiki Christensen,Kiki,Christensen,Crimson County,69a6fcb68d2c56aa82e48a82,25,80,251,senior,92,61,89
b5c5cd1f-23ff-439e-bf33-c88cd485baf1,Enoch Pope,Enoch,Pope,Crimson County,69a6fcb68d2c56aa82e48a82,16,76,216,senior,58,44,60
567bceb6-3d13-4d72-b3a3-88b38368186a,Jerimiah Kalina,Jerimiah,Kalina,Crimson County,69a6fcb68d2c56aa82e48a82,4,71,183,senior,28,26,42
8775a82c-8550-4c27-84f6-4b6c47582fae,Roman Sampson,Roman,Sampson,Crimson County,69a6fcb68d2c56aa82e48a82,21,68,164,senior,27,23,56
c8cdc910-2a9d-40e8-b11d-78fa9c25d73e,Triston Harrington,Triston,Harrington,Crimson County,69a6fcb68d2c56aa82e48a82,34,69,162,sophomore,54,17,46
c93c138f-d10b-4ba3-bb13-193bfba74cc9,Sergio Horvath,Sergio,Horvath,Crimson County,69a6fcb68d2c56aa82e48a82,6,70,174,sophomore,53,48,48
99690b65-e19d-48f8-bc27-e04e39a08edc,Lumpy DeRoche,Lumpy,DeRoche,Crimson County,69a6fcb68d2c56aa82e48a82,10,71,183,senior,92,92,79
be03f5a4-6908-4cd8-bbcd-87419b7d82f6,Geraldo McDuffee,Geraldo,McDuffee,Crimson County,69a6fcb68d2c56aa82e48a82,11,72,199,sophomore,59,75,52
2259edad-8131-42bb-8def-1a8e6f77de2d,Shirley Kane,Shirley,Kane,Crimson County,69a6fcb68d2c56aa82e48a82,7,70,172,sophomore,62,69,53
4a002da9-2934-4cb0-9d7a-8a29c6a48899,Darnell Fisher,Darnell,Fisher,Crimson County,69a6fcb68d2c56aa82e48a82,31,72,190,senior,39,58,43
05b62284-c564-44fa-befc-d92cb128bb21,Timmy Robertson,Timmy,Robertson,Crimson County,69a6fcb68d2c56aa82e48a82,42,65,160,senior,83,92,87
f0bef2ce-550b-4dc1-bc23-bd01a44e59bd,Yahir Dublin,Yahir,Dublin,Myrtle Private,69a6fcb68d2c56aa82e48a83,48,73,205,sophomore,35,73,45
facf3258-87ac-4bac-a098-c22f8d413613,Dashawn Winters,Dashawn,Winters,Myrtle Private,69a6fcb68d2c56aa82e48a83,44,77,228,junior,13,33,41
5c42309f-3701-4df4-92d8-41b5c5db93fc,Danilo McMahon,Danilo,McMahon,Myrtle Private,69a6fcb68d2c56aa82e48a83,22,72,183,junior,30,29,39
99f9da86-c263-416a-b824-18b148a1b6ee,Amari Williams,Amari,Williams,Myrtle Private,69a6fcb68d2c56aa82e48a83,32,69,169,senior,58,13,45
6a3dd956-91e1-4715-8589-e613e5a7b470,Omar Ramsburg,Omar,Ramsburg,Myrtle Private,69a6fcb68d2c56aa82e48a83,2,77,219,senior,92,92,83
0c97bc59-364b-4000-8a79-dfeb55ff4243,Giovanni Kearse,Giovanni,Kearse,Myrtle Private,69a6fcb68d2c56aa82e48a83,54,77,221,junior,83,72,72
d7406701-1799-48ae-a0e3-36fb44bbe45e,Everett Blevins,Everett,Blevins,Myrtle Private,69a6fcb68d2c56aa82e48a83,12,69,179,senior,29,33,45
71a11649-9360-4127-8a01-129182b710ad,Darius Morrison,Darius,Morrison,Myrtle Private,69a6fcb68d2c56aa82e48a83,17,76,217,junior,51,76,58
9b9bef47-3b96-48d5-b6a7-c845f442968e,Greg Koonce,Greg,Koonce,Myrtle Private,69a6fcb68d2c56aa82e48a83,3,76,221,senior,17,30,46
cf3aad17-defe-40d9-aae2-fb4523776e03,Kendrick Columbus,Kendrick,Columbus,Myrtle Private,69a6fcb68d2c56aa82e48a83,30,74,204,freshman,91,78,65
b7e17490-a1d3-4ae2-82b0-09c345c91516,Zebediah Wolfe,Zebediah,Wolfe,Myrtle Private,69a6fcb68d2c56aa82e48a83,6,77,224,freshman,49,29,60
37793d64-cd5f-4a46-84c3-8153c304e646,Hugo Schwarz,Hugo,Schwarz,Myrtle Private,69a6fcb68d2c56aa82e48a83,13,75,206,senior,52,62,50
ed5b2dbe-6660-4804-8151-dbcbf122e944,Keon Rush,Keon,Rush,Washington Carver,69a6fcb68d2c56aa82e48a84,6,72,194,freshman,27,11,39
f0dfa6ba-b173-4cd6-90ee-73e9adf0b7e0,Joseph Carlson,Joseph,Carlson,Washington Carver,69a6fcb68d2c56aa82e48a84,16,70,167,junior,19,6,39
f2952102-1360-4efd-b97c-0a66a4c4ed01,Savion Chandler,Savion,Chandler,Washington Carver,69a6fcb68d2c56aa82e48a84,40,75,205,junior,44,59,54
13faaa97-5f76-40b5-884b-57079b302857,Frank Ballin,Frank,Ballin,Washington Carver,69a6fcb68d2c56aa82e48a84,4,77,227,senior,20,15,39
9d20e44e-a70d-4ce4-97d9-fb8407dbd29c,Donavan Mattice,Donavan,Mattice,Washington Carver,69a6fcb68d2c56aa82e48a84,22,80,249,sophomore,61,50,62
dfe8824b-564d-41dc-88a1-b3e481afd6d4,Kerry Byrd,Kerry,Byrd,Washington Carver,69a6fcb68d2c56aa82e48a84,31,73,201,junior,14,17,32
9579d68e-c902-4602-906a-f4531d5f0dda,Monte Fowler,Monte,Fowler,Washington Carver,69a6fcb68d2c56aa82e48a84,2,71,192,junior,17,17,52
5750566c-1670-4174-b9c7-721b44696b7d,Kadyn Hodgkins,Kadyn,Hodgkins,Washington Carver,69a6fcb68d2c56aa82e48a84,42,78,226,sophomore,47,33,52
c7217373-8db7-449a-81ee-063b1374a9cf,Braxton Carlson,Braxton,Carlson,Washington Carver,69a6fcb68d2c56aa82e48a84,5,75,204,senior,91,47,72
50863e02-4d0b-4cea-af5c-30e49207fe10,Deacon Donner,Deacon,Donner,Washington Carver,69a6fcb68d2c56aa82e48a84,23,75,219,sophomore,24,50,45
143bee41-b602-4973-96fa-6f85527f7cad,Bryce Robbins,Bryce,Robbins,Washington Carver,69a6fcb68d2c56aa82e48a84,30,75,210,junior,64,92,63
bc0bf92f-1aec-4d99-85f6-83f0d0a13858,DeShawn Sandersfeld,DeShawn,Sandersfeld,Washington Carver,69a6fcb68d2c56aa82e48a84,51,70,164,sophomore,40,29,36
d75718c8-d273-429f-9ece-008829beeeb4,Kelvin Johnson-Olde,Kelvin,Johnson-Olde,Knoxville,69a6fcb68d2c56aa82e48a85,54,73,208,senior,75,92,84
b4356365-1e64-4b76-a90f-96c3ec49709e,Wilburn Ressler,Wilburn,Ressler,Knoxville,69a6fcb68d2c56aa82e48a85,12,73,202,sophomore,51,33,47
2a296195-b43c-4af0-a937-16e45858c230,Lincoln Ellis,Lincoln,Ellis,Knoxville,69a6fcb68d2c56aa82e48a85,35,77,218,freshman,46,60,55
c23a4e68-68db-476e-aba1-f131dba0b626,Matias Vaulkner,Matias,Vaulkner,Knoxville,69a6fcb68d2c56aa82e48a85,33,70,163,senior,42,20,41
11642e3d-c713-4b9d-b436-294a54e6d12c,Noah Patrick,Noah,Patrick,Knoxville,69a6fcb68d2c56aa82e48a85,11,77,236,freshman,92,87,88
37efbdef-3f56-4182-99ba-0c96cdea1629,Clark Delgado,Clark,Delgado,Knoxville,69a6fcb68d2c56aa82e48a85,10,78,237,senior,10,48,55
4bab02d2-2437-4a09-a770-b5bb0e057907,Bo Nixon,Bo,Nixon,Knoxville,69a6fcb68d2c56aa82e48a85,30,75,199,freshman,42,50,59
aa1f0080-6330-43eb-b78d-6a833e5eeb6c,Quinton Cleveland,Quinton,Cleveland,Knoxville,69a6fcb68d2c56aa82e48a85,44,76,223,senior,65,54,66
c0ba333e-5115-4805-9a85-8d0571a5e683,Doyle Varn,Doyle,Varn,Knoxville,69a6fcb68d2c56aa82e48a85,16,68,160,senior,4,25,30
28e1924c-b5b5-4130-b53f-d00caa49f568,Sambo Dickson,Sambo,Dickson,Knoxville,69a6fcb68d2c56aa82e48a85,1,71,197,senior,45,51,42
ebd40da6-89d4-4c87-bc63-2b7d8e22f758,Amare Bryant,Amare,Bryant,Knoxville,69a6fcb68d2c56aa82e48a85,2,70,170,junior,35,62,50
2a713d48-d2e0-491e-9e08-38cccc1144a2,Tarron High,Tarron,High,Knoxville,69a6fcb68d2c56aa82e48a85,3,73,196,senior,10,8,26
adea23fa-1488-4422-a2a6-b066f332d6c5,Billy Brooks,Billy,Brooks,Biloxi,69a6fcb68d2c56aa82e48a86,4,69,166,senior,1,11,26
ed935f4e-2664-4829-be75-3fc4f09526d3,Murray Benson,Murray,Benson,Biloxi,69a6fcb68d2c56aa82e48a86,7,79,233,senior,17,39,49
69333258-2544-4f3a-88fb-5695c0659ca4,Alexi Arellano,Alexi,Arellano,Biloxi,69a6fcb68d2c56aa82e48a86,12,70,164,junior,47,7,46
1fd8633a-b30b-4c00-be7d-fc7fc3681436,Stone Fill,Stone,Fill,Biloxi,69a6fcb68d2c56aa82e48a86,19,83,263,sophomore,8,8,42
4dfc7f94-3e0e-4c78-b9d6-1bfb15265567,Dewey Martz,Dewey,Martz,Biloxi,69a6fcb68d2c56aa82e48a86,52,87,273,junior,92,92,82
ddd53529-1286-4dba-963f-3450cb3b09c8,Charles Heart,Charles,Heart,Biloxi,69a6fcb68d2c56aa82e48a86,43,79,236,senior,40,59,67
120cd768-5ce6-4834-a6eb-633d5647469c,Duyami Mystowiak,Duyami,Mystowiak,Biloxi,69a6fcb68d2c56aa82e48a86,54,66,154,freshman,20,17,36
a12db962-512b-4145-8631-e1695aa8b6bc,Arturo Carr,Arturo,Carr,Biloxi,69a6fcb68d2c56aa82e48a86,44,75,212,freshman,26,69,55
f287304e-8a5d-4285-ad22-157c81697113,Lorenzo McFarren,Lorenzo,McFarren,Biloxi,69a6fcb68d2c56aa82e48a86,15,73,201,sophomore,75,52,59
6c44b785-6e71-4893-9935-99694e8628b0,Nikolai Bowers,Nikolai,Bowers,Biloxi,69a6fcb68d2c56aa82e48a86,40,72,196,freshman,15,53,52
22bcc5fd-513f-4e86-8421-1047a5c9f0e1,Chace Salazar,Chace,Salazar,Biloxi,69a6fcb68d2c56aa82e48a86,39,69,169,freshman,45,17,39
736548b4-7637-4e58-b9d0-2b3a01455be8,Lester Client,Lester,Client,Biloxi,69a6fcb68d2c56aa82e48a86,42,69,158,sophomore,40,74,51
3972dad8-4449-4550-b822-c507dd44db87,Ike Parkey,Ike,Parkey,Mobile,69a6fcb68d2c56aa82e48a87,31,81,247,sophomore,7,20,44
19987973-3eea-4df3-9cf5-c68f2e345805,Harrison Conner,Harrison,Conner,Mobile,69a6fcb68d2c56aa82e48a87,10,76,224,sophomore,17,40,47
71aab5d8-9e76-4568-a4f4-733aea6afdd8,Dan Wagstaff,Dan,Wagstaff,Mobile,69a6fcb68d2c56aa82e48a87,12,70,174,junior,7,4,26
dab2e4a3-c2f0-4fdf-8f28-17163cdbcdcc,Romeo McFee,Romeo,McFee,Mobile,69a6fcb68d2c56aa82e48a87,44,72,192,junior,54,21,65
fae50097-e7a2-477b-9d54-e22242208d0f,Irvin Flowers,Irvin,Flowers,Mobile,69a6fcb68d2c56aa82e48a87,38,78,237,senior,17,53,48
4b6dcddf-426b-4301-ba65-1ccc130cf060,Austin Taylor,Austin,Taylor,Mobile,69a6fcb68d2c56aa82e48a87,35,77,226,sophomore,92,78,87
bbfe951a-1aae-41b9-b6ea-ef8cbc72a86b,Nathan Santiago,Nathan,Santiago,Mobile,69a6fcb68d2c56aa82e48a87,32,75,214,freshman,52,13,46
1ab28e84-22c4-4aef-b2b8-5f14fa33cfeb,Kylan McMillan,Kylan,McMillan,Mobile,69a6fcb68d2c56aa82e48a87,51,72,194,sophomore,48,41,49
d2288f49-b8d4-4ebb-a25c-1bca74ce38f6,Levi Lynch,Levi,Lynch,Mobile,69a6fcb68d2c56aa82e48a87,23,70,179,senior,39,63,73
04f406bc-4852-4122-a11e-56387a049b9a,Craig McClure,Craig,McClure,Mobile,69a6fcb68d2c56aa82e48a87,20,74,206,junior,41,63,58
83a5cd0a-62fb-4c1f-a37f-bbeba6c5e15f,Brent Garrett,Brent,Garrett,Mobile,69a6fcb68d2c56aa82e48a87,42,77,228,senior,50,6,55
b0691d00-2366-438a-ab68-8c3a143c9d8d,Isai Goodin,Isai,Goodin,Mobile,69a6fcb68d2c56aa82e48a87,7,77,235,senior,57,50,64
5a762760-4ae7-4e55-ad15-fba192646942,Sidney Gay,Sidney,Gay,Monroe-Hayes,69a6fcb68d2c56aa82e48a88,50,71,186,junior,11,33,34
df380d19-4250-465c-a084-fce68bfcb36a,Rueben Groves,Rueben,Groves,Monroe-Hayes,69a6fcb68d2c56aa82e48a88,54,70,173,junior,27,76,59
004a18fd-057f-43ac-aae1-d8e1429cc72e,Erasmo Weeks,Erasmo,Weeks,Monroe-Hayes,69a6fcb68d2c56aa82e48a88,41,74,204,junior,33,40,48
7ac18ade-8315-4064-b3aa-6260bb000889,Ryder Faz,Ryder,Faz,Monroe-Hayes,69a6fcb68d2c56aa82e48a88,24,72,200,senior,7,33,50
d4b2653a-c34d-49ed-9046-f91b5c38ca83,Declan Estes,Declan,Estes,Monroe-Hayes,69a6fcb68d2c56aa82e48a88,22,69,164,senior,73,59,59
dc39ff46-1ddf-441f-8969-7b88d6615bf8,Cody Beasley,Cody,Beasley,Monroe-Hayes,69a6fcb68d2c56aa82e48a88,1,67,163,senior,40,4,42
d3f8c30a-0f86-432b-a989-16570b5a8120,Antwan Phillips,Antwan,Phillips,Monroe-Hayes,69a6fcb68d2c56aa82e48a88,7,71,189,freshman,33,50,40
21526aab-ed88-4ffa-9c7c-ffd702027724,Chaz Perkins,Chaz,Perkins,Monroe-Hayes,69a6fcb68d2c56aa82e48a88,51,74,206,junior,70,86,64
95973bc5-ad94-42a0-b7d3-87d9bcc9daed,Levi Baxter,Levi,Baxter,Monroe-Hayes,69a6fcb68d2c56aa82e48a88,49,77,220,freshman,33,33,50
961fb0be-8770-4d99-92f6-a1fc3ec4b8bc,Finn Shelton,Finn,Shelton,Monroe-Hayes,69a6fcb68d2c56aa82e48a88,12,79,246,freshman,70,76,64
4a428edd-f990-4de8-b3e0-175b6dfd6865,Ty Hinton,Ty,Hinton,Monroe-Hayes,69a6fcb68d2c56aa82e48a88,31,80,234,senior,92,62,78
72fa2f61-6a20-417a-af15-ca35ef14b3b4,Charlie Gordon,Charlie,Gordon,Monroe-Hayes,69a6fcb68d2c56aa82e48a88,6,65,150,senior,32,57,42
675d1b5c-58de-439b-96d6-ba9246ba926f,Cedric Ayala,Cedric,Ayala,Lexington,69a6fcb68d2c56aa82e48a89,28,77,223,senior,90,79,83
4982ad50-183c-42dd-8661-1e56e0b4d8b3,Thomas McCabe,Thomas,McCabe,Lexington,69a6fcb68d2c56aa82e48a89,1,70,175,junior,14,52,35
7fea87c3-a2a9-40bb-97d8-7437e9f322e0,Axel Brock,Axel,Brock,Lexington,69a6fcb68d2c56aa82e48a89,51,68,161,sophomore,63,74,58
78d824d3-db6c-43a0-bf3c-27b7b606be05,Jackie Johnson,Jackie,Johnson,Lexington,69a6fcb68d2c56aa82e48a89,2,78,241,senior,89,87,78
fd7242c4-0bb3-42c0-9005-92c74ab143e6,Jovani Arroyo,Jovani,Arroyo,Lexington,69a6fcb68d2c56aa82e48a89,6,69,177,senior,10,19,38
1539ee20-7ee0-46ba-9124-9ff3d5b3133c,Isaac Mooney,Isaac,Mooney,Lexington,69a6fcb68d2c56aa82e48a89,18,68,159,senior,42,17,40
9029f88f-081b-4a2b-80b7-96cc6e311d91,Horace Backus,Horace,Backus,Lexington,69a6fcb68d2c56aa82e48a89,45,75,202,sophomore,24,19,54
97260a43-cff1-4561-81c4-904a403c9c8e,Earl Carpenter,Earl,Carpenter,Lexington,69a6fcb68d2c56aa82e48a89,30,77,213,senior,55,66,73
f3b5bee2-dbb8-422e-8844-b6cf6f5fbbc5,Casey Franklin,Casey,Franklin,Lexington,69a6fcb68d2c56aa82e48a89,25,69,172,senior,21,28,47
4dcc5ca9-fa91-4ae8-b6df-ff9b54db94a8,Jacoby Lopez,Jacoby,Lopez,Lexington,69a6fcb68d2c56aa82e48a89,16,77,224,senior,74,66,64
f1680a05-599d-4fe9-ace9-74be00318db4,Davis Acevedo,Davis,Acevedo,Lexington,69a6fcb68d2c56aa82e48a89,9,67,165,senior,52,57,40
22c535a0-5415-4ef7-be4b-5af0becbf04e,Trevon Burkhart,Trevon,Burkhart,Lexington,69a6fcb68d2c56aa82e48a89,23,79,242,senior,29,37,50
f79b096d-5f98-4f21-aa81-3dc7242d799a,Tyson Junk,Tyson,Junk,Keys High,69a6fcb68d2c56aa82e48a8a,9,77,233,freshman,62,70,51
be66e221-9961-4675-a817-7fa4134504dd,Noah Garcia,Noah,Garcia,Keys High,69a6fcb68d2c56aa82e48a8a,16,77,219,freshman,48,44,57
9f7526d3-5073-4828-9202-88e743e0622d,Noah Cross,Noah,Cross,Keys High,69a6fcb68d2c56aa82e48a8a,19,68,179,sophomore,14,17,22
1ea3f8a9-9ce0-403b-96e7-28e27db64d32,Trevor Matthews,Trevor,Matthews,Keys High,69a6fcb68d2c56aa82e48a8a,12,80,250,senior,14,54,52
bd8b3f7a-af23-4bd4-9436-55db2a782ff5,Saint Parker,Saint,Parker,Keys High,69a6fcb68d2c56aa82e48a8a,21,72,196,junior,92,35,71
c8a47e73-3d7d-4f6b-ab8d-6bddc05d573a,Isben Curry,Isben,Curry,Keys High,69a6fcb68d2c56aa82e48a8a,41,67,156,senior,26,29,62
7ae02bb3-ed07-48b1-8128-ac1334d8c42b,Bruce Long,Bruce,Long,Keys High,69a6fcb68d2c56aa82e48a8a,30,78,234,freshman,63,69,62
709a7919-2d21-4ef5-b36d-571055200ed3,Damon Sanders,Damon,Sanders,Keys High,69a6fcb68d2c56aa82e48a8a,34,77,224,freshman,32,50,46
287e1b6c-a708-4e43-9eac-268424300e47,Dannie Fischer,Dannie,Fischer,Keys High,69a6fcb68d2c56aa82e48a8a,45,72,192,junior,49,32,59
f28c6d96-5d1a-4381-8a93-d44cccbe740d,Eden Gutierrez,Eden,Gutierrez,Keys High,69a6fcb68d2c56aa82e48a8a,25,72,199,senior,63,50,51
710d735f-247f-4e79-8402-588aca98543c,Afeatu Hoover,Afeatu,Hoover,Keys High,69a6fcb68d2c56aa82e48a8a,54,71,185,sophomore,11,72,60
de4045d5-5996-4d99-8d42-f63b3ec1e104,Jonathan McGwire,Jonathan,McGwire,Keys High,69a6fcb68d2c56aa82e48a8a,55,73,216,senior,47,50,48
70bac827-a766-4c78-82cf-63e93e10ab2b,Miguel Simon,Miguel,Simon,Gainesville,69a6fcb68d2c56aa82e48a8b,21,76,229,freshman,41,17,44
a881a4fc-f7f2-4fd6-a8e9-bf32d824b698,Jordan Long,Jordan,Long,Gainesville,69a6fcb68d2c56aa82e48a8b,3,71,184,junior,29,28,56
8d7b26dc-cdac-42ed-b959-90b482492c1c,Tanner English,Tanner,English,Gainesville,69a6fcb68d2c56aa82e48a8b,30,75,209,senior,57,55,53
6b042b3a-022e-4a05-979b-c36ff3ae448f,Kyle Tollingsworth,Kyle,Tollingsworth,Gainesville,69a6fcb68d2c56aa82e48a8b,16,75,209,junior,84,12,66
88e04d4c-8b4d-471a-999a-075c01ba95c7,Justin Junction,Justin,Junction,Gainesville,69a6fcb68d2c56aa82e48a8b,32,75,220,freshman,66,58,56
5f115f83-4a13-430d-9e78-3de72ac83738,Mekhi Richmond,Mekhi,Richmond,Gainesville,69a6fcb68d2c56aa82e48a8b,23,66,157,freshman,14,13,30
7b0b8b82-f33d-4077-a920-863038ac3345,Jasper Allen,Jasper,Allen,Gainesville,69a6fcb68d2c56aa82e48a8b,17,75,205,senior,88,92,91
c1857ea2-94be-4a49-a341-5deea5024990,Hobert Huffman,Hobert,Huffman,Gainesville,69a6fcb68d2c56aa82e48a8b,13,76,221,junior,52,54,47
e047c347-a850-4a0b-9407-74b293b1b674,Umabi McGrath,Umabi,McGrath,Gainesville,69a6fcb68d2c56aa82e48a8b,14,76,231,junior,35,42,36
20818325-ad30-4a4c-a68c-4f2a1636f5da,Nehemiah Blair,Nehemiah,Blair,Gainesville,69a6fcb68d2c56aa82e48a8b,20,70,176,freshman,13,28,65
e1a1ef44-a3f9-4417-a20d-df021dc35c1b,Cedrick Tanner,Cedrick,Tanner,Gainesville,69a6fcb68d2c56aa82e48a8b,2,73,205,senior,10,14,31
4a53a081-5a2f-4a55-a11a-d2383c16d298,Tripp Dave,Tripp,Dave,Gainesville,69a6fcb68d2c56aa82e48a8b,41,75,216,junior,13,49,67
9619a30d-2281-4782-a282-d2f4a7408a81,Pablo Finn,Pablo,Finn,Valdosta Valley,69a6fcb68d2c56aa82e48a8c,12,68,180,freshman,26,26,40
5e80788a-d754-440c-8f1f-ea0c082caa53,Hubert Joseph,Hubert,Joseph,Valdosta Valley,69a6fcb68d2c56aa82e48a8c,3,70,171,sophomore,82,30,78
5739a756-f5e9-4088-b760-2ed703e34891,Damonte Adayenbodo,Damonte,Adayenbodo,Valdosta Valley,69a6fcb68d2c56aa82e48a8c,11,74,203,junior,91,66,78
acc757da-6655-45fd-8b95-8ab30e7b44b4,Vincent Willis,Vincent,Willis,Valdosta Valley,69a6fcb68d2c56aa82e48a8c,53,78,233,freshman,39,35,47
a04c328c-6cdc-4cfd-9e16-3df9c1a26b5a,Harvey Holloway,Harvey,Holloway,Valdosta Valley,69a6fcb68d2c56aa82e48a8c,33,67,152,senior,26,7,35
8617ead8-fda3-45f6-834a-b5794c312cbe,Brandon Ptacek,Brandon,Ptacek,Valdosta Valley,69a6fcb68d2c56aa82e48a8c,32,77,226,sophomore,17,26,39
9a8ab601-62e6-4cc7-b206-9b65f976482d,Sean Selders,Sean,Selders,Valdosta Valley,69a6fcb68d2c56aa82e48a8c,21,70,170,junior,10,8,35
6ae82ca6-913f-4a13-ab6e-d5f26cd5ecc8,Ronald North,Ronald,North,Valdosta Valley,69a6fcb68d2c56aa82e48a8c,6,74,203,senior,92,78,77
372b8962-f964-4d5f-8326-6a8b76b6952f,Steven Grumbles,Steven,Grumbles,Valdosta Valley,69a6fcb68d2c56aa82e48a8c,4,77,217,junior,33,42,52
77399e0e-3a65-405b-a943-e8f5423c8fe9,Will Cochran,Will,Cochran,Valdosta Valley,69a6fcb68d2c56aa82e48a8c,41,66,164,senior,7,1,15
5852558a-f3f0-475f-b4fc-5ad18cd4255a,Timothy Lowe,Timothy,Lowe,Valdosta Valley,69a6fcb68d2c56aa82e48a8c,50,81,248,senior,17,33,46
5985c7c1-1a0f-4a6e-9396-effb6e0cc1ac,Chaim Kluender,Chaim,Kluender,Valdosta Valley,69a6fcb68d2c56aa82e48a8c,45,75,208,freshman,45,48,56
b2cc70ab-10de-4bba-8a52-c51fc80671c9,Ty Booth,Ty,Booth,DeLand,69a6fcb68d2c56aa82e48a8d,29,67,146,senior,6,22,12
6b616e9c-0e10-4f72-9ea4-ec59d509147a,Nelson Nadel,Nelson,Nadel,DeLand,69a6fcb68d2c56aa82e48a8d,19,72,194,junior,48,57,46
baff3249-d0bd-44e1-9347-0c1130700076,Manual Bell,Manual,Bell,DeLand,69a6fcb68d2c56aa82e48a8d,25,78,235,sophomore,30,35,46
52b7a26a-3a29-472a-923d-966446aa55d4,Larry Shelton,Larry,Shelton,DeLand,69a6fcb68d2c56aa82e48a8d,3,68,163,senior,11,11,36
0a41b863-a38d-440e-8690-1db4f0e5ccb9,Ali Galiano,Ali,Galiano,DeLand,69a6fcb68d2c56aa82e48a8d,40,77,239,senior,92,35,87
3c02c379-acac-489a-bfa5-9334b8780fb4,Curtis Fischer,Curtis,Fischer,DeLand,69a6fcb68d2c56aa82e48a8d,34,71,172,sophomore,54,54,54
3eab5e6c-965f-461e-ba28-dd43dba5db45,Donnie Frazier,Donnie,Frazier,DeLand,69a6fcb68d2c56aa82e48a8d,4,69,173,junior,23,46,33
364f6bb1-3110-4754-8980-9529077c64c0,Steven Ventura,Steven,Ventura,DeLand,69a6fcb68d2c56aa82e48a8d,42,69,166,freshman,34,32,42
4fd11b60-06a5-41f8-a226-01d4be159639,Mitchell Dorsey,Mitchell,Dorsey,DeLand,69a6fcb68d2c56aa82e48a8d,21,74,217,freshman,69,24,65
5fd32e81-d046-4924-9b0a-ee1af5bacfdd,Rory Rehbein,Rory,Rehbein,DeLand,69a6fcb68d2c56aa82e48a8d,17,76,222,senior,67,66,80
559f3d03-5f83-47ce-ab75-d3db13e99ded,Victor Leonard,Victor,Leonard,DeLand,69a6fcb68d2c56aa82e48a8d,22,68,157,sophomore,42,27,33
f974ecb6-8dff-4580-bde2-3401c3e3248e,Kelvin Coots,Kelvin,Coots,DeLand,69a6fcb68d2c56aa82e48a8d,44,78,238,sophomore,62,76,57
3cf05902-0c12-46f2-b2e3-7c43f84db17c,Derick Gilmore,Derick,Gilmore,Grayson Ranch,69a6fcb68d2c56aa82e48a8e,53,65,154,senior,4,22,14
20644945-1dc2-44c3-889c-6625f257c831,Wynston Sawyer,Wynston,Sawyer,Grayson Ranch,69a6fcb68d2c56aa82e48a8e,44,68,157,sophomore,29,15,38
a2cfef44-b437-4601-84ca-e67278e2a95f,Danny Valentine,Danny,Valentine,Grayson Ranch,69a6fcb68d2c56aa82e48a8e,4,67,151,junior,90,92,67
f2790eb9-cf1e-42ef-92bd-523904ad4313,Gee Johnson,Gee,Johnson,Grayson Ranch,69a6fcb68d2c56aa82e48a8e,11,71,188,junior,20,42,37
aa069bc8-c274-4955-8726-6bce25a51809,Reyes Burnett,Reyes,Burnett,Grayson Ranch,69a6fcb68d2c56aa82e48a8e,12,70,172,junior,4,7,25
7638d47e-3c41-4d24-bd79-5f3c69c29e92,Karson Darden-James,Karson,Darden-James,Grayson Ranch,69a6fcb68d2c56aa82e48a8e,19,80,249,junior,20,26,45
6e23def8-4e2a-4fd4-9598-f6c69365f329,Ahmad Luft,Ahmad,Luft,Grayson Ranch,69a6fcb68d2c56aa82e48a8e,6,71,171,freshman,17,23,30
061225d1-5d31-48d9-bb01-dc55f704a4b4,Luca Montiago,Luca,Montiago,Grayson Ranch,69a6fcb68d2c56aa82e48a8e,5,81,245,freshman,47,33,42
248acb3f-f11d-4b4e-9d60-18185d1d2322,Julien Shaffer,Julien,Shaffer,Grayson Ranch,69a6fcb68d2c56aa82e48a8e,3,70,167,senior,36,19,38
1e252eaa-f2bb-48df-bf24-b2997524e95c,Sanford Larson,Sanford,Larson,Grayson Ranch,69a6fcb68d2c56aa82e48a8e,20,67,148,junior,45,33,45
dad3b9d9-5d74-40bd-b481-898c484628c5,Keyode Randall,Keyode,Randall,Grayson Ranch,69a6fcb68d2c56aa82e48a8e,16,71,190,freshman,40,42,76
ffc45a3c-5284-4a36-98dd-6c9d9efb85c9,Gavin Tripodi,Gavin,Tripodi,Grayson Ranch,69a6fcb68d2c56aa82e48a8e,7,75,214,senior,29,22,33
f48f35cb-e731-465f-9b68-13d841217d85,Clarence Cantrell,Clarence,Cantrell,Reardon-Mayes,69a6fcb68d2c56aa82e48a8f,23,73,198,senior,29,12,38
6a5bca6b-e64c-4e88-8be2-0625d5eca851,Jimmy Strong,Jimmy,Strong,Reardon-Mayes,69a6fcb68d2c56aa82e48a8f,4,77,224,senior,52,36,56
a1b80359-13c8-456a-8212-1555818b8d49,Carlo Gatton,Carlo,Gatton,Reardon-Mayes,69a6fcb68d2c56aa82e48a8f,45,72,196,senior,44,44,52
efcbc0d9-f8b1-4530-975f-3f1a893185cc,Dashawn Bonenfant,Dashawn,Bonenfant,Reardon-Mayes,69a6fcb68d2c56aa82e48a8f,41,78,228,junior,20,63,51
ea13c49a-c13c-41df-ad65-14cc051d8f12,Colnoel Owens,Colnoel,Owens,Reardon-Mayes,69a6fcb68d2c56aa82e48a8f,25,75,211,senior,89,72,73
e7affb27-e2e3-4494-aa16-bc7e5c7df863,Devin Clayton,Devin,Clayton,Reardon-Mayes,69a6fcb68d2c56aa82e48a8f,2,74,206,senior,92,92,86
7e0ca976-6807-4cb8-ab63-431c126d7a5b,Michael Tuck,Michael,Tuck,Reardon-Mayes,69a6fcb68d2c56aa82e48a8f,53,79,231,freshman,38,66,68
d753471e-657b-4db2-aa9d-772d55464617,Parker Grady,Parker,Grady,Reardon-Mayes,69a6fcb68d2c56aa82e48a8f,8,71,202,senior,34,26,44
e6304109-8ad4-47cc-9eda-fb3703e09f06,Mario Terry,Mario,Terry,Reardon-Mayes,69a6fcb68d2c56aa82e48a8f,24,72,194,junior,36,16,41
e7ea17d1-1622-4dc3-8333-ffb44cacb3b3,Carlo McConnell,Carlo,McConnell,Reardon-Mayes,69a6fcb68d2c56aa82e48a8f,18,75,214,junior,36,70,64
fc10ac54-8d59-4a2f-be14-6570728a9e47,Gregory Stroman,Gregory,Stroman,Reardon-Mayes,69a6fcb68d2c56aa82e48a8f,7,68,172,sophomore,47,16,41
83779ec3-e7f7-4f36-993a-a76fcea8e836,Deonte Russo,Deonte,Russo,Reardon-Mayes,69a6fcb68d2c56aa82e48a8f,15,78,225,junior,60,66,72
1f7097cf-7dd1-4100-9a50-00ba3f284865,Brandon Wall,Brandon,Wall,Dade Academy,69a6fcb68d2c56aa82e48a90,18,72,201,sophomore,22,37,50
928fe211-5cc9-45fc-ad27-9eec5ecd7938,Jarred Burts,Jarred,Burts,Dade Academy,69a6fcb68d2c56aa82e48a90,51,73,189,sophomore,59,65,59
19c37502-e3a5-4bf1-b620-25251462468d,TJ Hickman,TJ,Hickman,Dade Academy,69a6fcb68d2c56aa82e48a90,11,76,215,sophomore,61,64,53
cf0fff24-2ffe-4f1a-beed-2e7eb29a6a3f,Zion Fields,Zion,Fields,Dade Academy,69a6fcb68d2c56aa82e48a90,44,74,203,sophomore,38,33,48
b107a28f-c9d4-439d-be3b-957ca40bba7d,Elroy McLeod,Elroy,McLeod,Dade Academy,69a6fcb68d2c56aa82e48a90,0,80,236,junior,27,92,84
16c7d754-2cd8-45aa-a622-a8eda48d0bcf,Asahari Cortez,Asahari,Cortez,Dade Academy,69a6fcb68d2c56aa82e48a90,4,74,214,junior,70,33,54
04aeb7f7-8cea-47db-afee-b7ae1446af5c,Herbert Bernard,Herbert,Bernard,Dade Academy,69a6fcb68d2c56aa82e48a90,55,68,169,junior,75,46,54
41b30e46-704f-4dfb-a8ed-d6713c148bb1,Curtis Roman,Curtis,Roman,Dade Academy,69a6fcb68d2c56aa82e48a90,9,76,216,senior,29,19,37
7d3be55d-20ec-4d90-8556-286c7dced190,Thaddeus Wesson,Thaddeus,Wesson,Dade Academy,69a6fcb68d2c56aa82e48a90,3,67,160,junior,38,69,43
3e427818-520b-4016-989f-434d756f29f4,Daniel Smith,Daniel,Smith,Dade Academy,69a6fcb68d2c56aa82e48a90,7,73,196,senior,17,30,52
97e2cd56-c58c-40ba-8f2f-bce9d44c2fb2,Chris George,Chris,George,Dade Academy,69a6fcb68d2c56aa82e48a90,14,70,165,freshman,17,53,38
7e72d4cf-2b46-485c-a68f-2213d8151880,Darrick Rodriguez,Darrick,Rodriguez,Dade Academy,69a6fcb68d2c56aa82e48a90,10,86,278,junior,24,65,61
e792d3a8-0d76-44ca-863d-4d8228c4d3d2,Alan Bray,Alan,Bray,Tallahassee,69a6fcb68d2c56aa82e48a91,55,79,250,senior,63,92,69
2c67751b-7138-47c7-847f-6124c6c559ed,Cale Wessington,Cale,Wessington,Tallahassee,69a6fcb68d2c56aa82e48a91,30,78,243,sophomore,21,74,52
9090dfac-2071-4c6b-ad84-e864f913c4cc,Horace Lowe,Horace,Lowe,Tallahassee,69a6fcb68d2c56aa82e48a91,23,72,205,senior,62,61,59
58a836d8-cee0-49a1-82c2-a0d57597fdc7,Michael Vining,Michael,Vining,Tallahassee,69a6fcb68d2c56aa82e48a91,4,69,179,freshman,35,35,39
22261336-917a-48e7-81f0-0018c94e914f,Edison Scheerer,Edison,Scheerer,Tallahassee,69a6fcb68d2c56aa82e48a91,14,67,158,freshman,9,11,26
4179be60-980b-4982-972a-6686e4c39948,Valentine O'Neal,Valentine,O'Neal,Tallahassee,69a6fcb68d2c56aa82e48a91,13,71,163,junior,8,35,37
ea0ea76c-3039-4035-8beb-b36c21cec1c6,Ethan Sales,Ethan,Sales,Tallahassee,69a6fcb68d2c56aa82e48a91,44,75,210,junior,62,65,49
6607b5aa-d5f2-4563-b7ec-55d230460082,Peyton Roberts,Peyton,Roberts,Tallahassee,69a6fcb68d2c56aa82e48a91,31,67,155,senior,25,37,34
551f2064-8813-4f47-8882-df9877688846,Chandler Quan,Chandler,Quan,Tallahassee,69a6fcb68d2c56aa82e48a91,5,76,206,junior,62,22,64
44777cd5-fe9f-43dc-b053-8c9f33e05b39,Edmund Alm,Edmund,Alm,Tallahassee,69a6fcb68d2c56aa82e48a91,51,77,224,senior,92,55,65
d4b3f3e7-9831-47c5-af23-0e6cc64cedaf,Hai Kerrigan,Hai,Kerrigan,Tallahassee,69a6fcb68d2c56aa82e48a91,22,69,173,senior,34,17,31
9017807c-da83-49dc-a893-70466a9721d4,Hayden McGinnis,Hayden,McGinnis,Tallahassee,69a6fcb68d2c56aa82e48a91,42,78,236,senior,63,41,54
433513aa-28ad-4707-8a07-de7b7f1f03c5,Killian Swanson,Killian,Swanson,Hyde Methodist,69a6fcb68d2c56aa82e48a92,22,76,214,senior,82,61,70
dc6c2b53-70e5-4b2d-a53e-ff64dc89c78e,Johnathon Gillespie,Johnathon,Gillespie,Hyde Methodist,69a6fcb68d2c56aa82e48a92,44,73,197,senior,20,26,36
31ad62b2-837d-4ff8-a3ea-2a85f586ecd8,Lucian Jimenez,Lucian,Jimenez,Hyde Methodist,69a6fcb68d2c56aa82e48a92,20,71,184,freshman,34,23,55
e880be7d-22e5-4817-a0e2-7533407b8cac,Seth Buchheit,Seth,Buchheit,Hyde Methodist,69a6fcb68d2c56aa82e48a92,1,73,194,sophomore,35,26,41
453b151b-2bd6-44d9-b123-78fd3cbb087d,Drew Dunn,Drew,Dunn,Hyde Methodist,69a6fcb68d2c56aa82e48a92,30,69,176,freshman,21,38,36
2e3f6f7c-c5a5-45a3-931f-86208c22b7d6,Duncan Duran,Duncan,Duran,Hyde Methodist,69a6fcb68d2c56aa82e48a92,7,71,184,senior,9,1,24
ac36aaf8-0285-4010-a79e-6faeaf4d69a9,Jamien Duran,Jamien,Duran,Hyde Methodist,69a6fcb68d2c56aa82e48a92,3,68,158,junior,92,77,85
a74e0f87-2e21-4980-b436-1eb2a0da2c6d,Jared Pellingsty,Jared,Pellingsty,Hyde Methodist,69a6fcb68d2c56aa82e48a92,10,68,162,senior,7,7,20
a1987a14-2d31-478e-809d-d3eef1efb8ed,Jacoby Waldorf,Jacoby,Waldorf,Hyde Methodist,69a6fcb68d2c56aa82e48a92,40,80,244,junior,26,28,57
5f5bf83a-1458-45ef-b9b5-deadba1bb84c,Shawn Purtee,Shawn,Purtee,Hyde Methodist,69a6fcb68d2c56aa82e48a92,14,75,205,freshman,19,16,36
dcd8ebfd-91bd-4717-a7bf-1adcc3240b11,D'Wayne Hinze,D'Wayne,Hinze,Hyde Methodist,69a6fcb68d2c56aa82e48a92,53,75,216,sophomore,40,33,42
fddc7f29-40db-40fa-a537-0e007068d925,Jim Oberlin,Jim,Oberlin,Hyde Methodist,69a6fcb68d2c56aa82e48a92,46,71,188,junior,29,42,39
317271cb-b0f6-401d-af22-76f81b973378,Noble Ochoa,Noble,Ochoa,Wash U Prep,69a6fcb68d2c56aa82e48a93,4,70,173,sophomore,26,17,37
70886e67-f6f8-4d77-9d47-b7b4e8374cbd,Refugio Tempel,Refugio,Tempel,Wash U Prep,69a6fcb68d2c56aa82e48a93,24,72,193,senior,52,61,57
681181a7-b26e-4507-b87a-4b33b67a2aee,Wesley Pope,Wesley,Pope,Wash U Prep,69a6fcb68d2c56aa82e48a93,31,71,189,sophomore,52,48,48
e45ea7d3-95ab-41d1-9fc3-d7334fe4c0f3,Tanner Franco,Tanner,Franco,Wash U Prep,69a6fcb68d2c56aa82e48a93,43,83,261,senior,58,92,76
cbd8d9fd-734a-4453-a124-7b84c05a9a3e,Dewey Hooper,Dewey,Hooper,Wash U Prep,69a6fcb68d2c56aa82e48a93,13,69,168,junior,17,27,35
1368af0d-fd1b-4ab1-bf23-ef65540c03d6,Jacoby Alvarez,Jacoby,Alvarez,Wash U Prep,69a6fcb68d2c56aa82e48a93,29,72,198,freshman,78,51,75
f4216dc5-b5ff-421f-a85c-993ce3e6c489,Rashad Evans,Rashad,Evans,Wash U Prep,69a6fcb68d2c56aa82e48a93,1,68,157,sophomore,40,14,37
8f792ead-3123-46b0-941a-cf7e8c26b61f,Gabriel Horn,Gabriel,Horn,Wash U Prep,69a6fcb68d2c56aa82e48a93,12,71,180,senior,25,63,86
92958720-4ca3-4967-aedb-264804c1602d,Frank Mauk,Frank,Mauk,Wash U Prep,69a6fcb68d2c56aa82e48a93,42,69,163,senior,13,61,43
b585c29f-a1c5-479a-81a1-87f8cbc89b72,Devin Brittan,Devin,Brittan,Wash U Prep,69a6fcb68d2c56aa82e48a93,21,68,156,junior,4,16,31
bbeb6435-29c0-4f3e-905b-cd22b7d0a724,Errol Ugarte,Errol,Ugarte,Wash U Prep,69a6fcb68d2c56aa82e48a93,32,72,196,junior,17,55,51
92307139-b938-4f7f-9d16-c9d6ed4e99e2,Collin Alexander,Collin,Alexander,Wash U Prep,69a6fcb68d2c56aa82e48a93,51,73,202,senior,63,26,47
79428b8b-a16c-4592-ba1e-127c27cee201,Gerald Daughtery,Gerald,Daughtery,Lawrence,69a6fcb68d2c56aa82e48a94,35,80,247,junior,33,44,55
5dcc424a-f3c1-4028-84a9-1d7ac8a12d64,Cason Diez,Cason,Diez,Lawrence,69a6fcb68d2c56aa82e48a94,4,81,246,freshman,40,52,61
ef6afe0a-a966-4193-99e7-0d5d4186eb9a,Malik Watson,Malik,Watson,Lawrence,69a6fcb68d2c56aa82e48a94,2,71,191,freshman,4,9,29
df3e5252-a339-4573-bf2c-198d9386fc8c,Ben Summers,Ben,Summers,Lawrence,69a6fcb68d2c56aa82e48a94,11,70,178,senior,24,75,56
dc990111-3169-4a62-9c78-c8b8d5ed4d63,Cade Carlson,Cade,Carlson,Lawrence,69a6fcb68d2c56aa82e48a94,10,78,240,senior,38,61,61
f4adc0ff-748c-4537-8a9b-795de7ffd946,Eddie Rubio,Eddie,Rubio,Lawrence,69a6fcb68d2c56aa82e48a94,34,70,172,sophomore,92,70,73
e4a88ae7-6cc2-4608-9e49-268fc07d48e0,Samuel Greve,Samuel,Greve,Lawrence,69a6fcb68d2c56aa82e48a94,43,71,188,senior,92,83,83
df2a6fe8-e6a3-48b7-918b-13a96f8e6c3f,Bryce Jackson,Bryce,Jackson,Lawrence,69a6fcb68d2c56aa82e48a94,54,70,179,junior,35,44,59
e2475005-887e-4b95-acac-5699f73c30fd,Gil Hunter,Gil,Hunter,Lawrence,69a6fcb68d2c56aa82e48a94,12,70,176,junior,44,70,45
f650be23-ae5f-4d85-be6c-8655b263880c,Shaun Burnett,Shaun,Burnett,Lawrence,69a6fcb68d2c56aa82e48a94,0,69,164,senior,33,20,22
a68551c0-350a-4ffd-836d-8d9d71f2f3a8,Milton Curtis,Milton,Curtis,Lawrence,69a6fcb68d2c56aa82e48a94,13,69,154,senior,90,76,80
6fb06f28-c3c1-4b89-9300-c5e9ef06eb4b,Sawyer Rasmussen,Sawyer,Rasmussen,Lawrence,69a6fcb68d2c56aa82e48a94,1,67,167,sophomore,53,44,50
c0d19cff-b401-4592-b5f0-65739deb4b00,Randall Woods,Randall,Woods,Ozark Centre,69a6fcb68d2c56aa82e48a95,15,70,169,junior,27,17,36
a50a36b9-0a3d-4c76-8a3b-3065a1c1ca5a,Monte Blood,Monte,Blood,Ozark Centre,69a6fcb68d2c56aa82e48a95,25,78,237,junior,36,12,44
ca68bc28-ad61-46e1-87c7-645657acc36d,Marcus Farmer,Marcus,Farmer,Ozark Centre,69a6fcb68d2c56aa82e48a95,10,73,197,freshman,14,22,37
b303dc3b-8fd8-46ce-ad02-8eceac8f6a9c,Michael Glass,Michael,Glass,Ozark Centre,69a6fcb68d2c56aa82e48a95,40,68,162,sophomore,46,11,44
fecffa6a-b961-4ec1-9eed-8c3523a6e431,Horace Gorgone,Horace,Gorgone,Ozark Centre,69a6fcb68d2c56aa82e48a95,12,70,181,junior,33,42,42
351d39e8-3fab-4884-80b7-0368147e5d26,Mervin King,Mervin,King,Ozark Centre,69a6fcb68d2c56aa82e48a95,32,73,201,senior,64,50,57
eb017649-1d78-4429-aa08-af6958dccacd,Braylen Webster,Braylen,Webster,Ozark Centre,69a6fcb68d2c56aa82e48a95,19,71,181,senior,55,17,50
c4289775-b8f2-4cfb-9d2e-3ecd1255ead4,Ronnie Bachus,Ronnie,Bachus,Ozark Centre,69a6fcb68d2c56aa82e48a95,8,72,202,senior,45,17,40
5f0df2f9-b9e2-4051-b921-177a44ce61da,Ahmed Geyer,Ahmed,Geyer,Ozark Centre,69a6fcb68d2c56aa82e48a95,13,73,202,senior,40,39,58
7a7a0545-b948-4c25-9148-617a2a4219ec,Kaleb Chandler,Kaleb,Chandler,Ozark Centre,69a6fcb68d2c56aa82e48a95,54,75,219,freshman,22,26,48
20110801-9b1f-4841-b966-8f790cbc33ad,Scott Dart,Scott,Dart,Ozark Centre,69a6fcb68d2c56aa82e48a95,16,67,153,junior,8,4,15
2824946b-3c0a-440f-a5a1-b40f99c4b6de,Josue O'Neal,Josue,O'Neal,Ozark Centre,69a6fcb68d2c56aa82e48a95,41,71,186,freshman,53,51,56
2bd2683f-0f0a-48ed-a88a-c9e84fa0fae3,Chase Galvan,Chase,Galvan,Fielding,69a6fcb68d2c56aa82e48a96,46,71,182,senior,28,33,56
9b5b71d7-11a4-47d1-8c64-f3ae935371be,Case Jennison,Case,Jennison,Fielding,69a6fcb68d2c56aa82e48a96,22,72,196,junior,86,61,77
ae2e29d9-0373-4248-8de7-26f205f4d469,Edmund Kitzman,Edmund,Kitzman,Fielding,69a6fcb68d2c56aa82e48a96,10,70,172,sophomore,37,19,33
42942809-5b2f-4d02-b313-8bd31f8aecfa,Llance Nelson,Llance,Nelson,Fielding,69a6fcb68d2c56aa82e48a96,44,69,173,sophomore,40,26,32
f0826244-031c-40e8-9d77-7c4a0d8560e4,Shawn Graves,Shawn,Graves,Fielding,69a6fcb68d2c56aa82e48a96,20,73,199,junior,26,44,52
fa80c671-5cf1-4b17-b2ae-26987f63d47f,Caleb Grahn,Caleb,Grahn,Fielding,69a6fcb68d2c56aa82e48a96,6,70,175,senior,36,28,44
79c61af8-e1b1-4eec-9816-fed9eacf10f0,Wilburn Gleeson,Wilburn,Gleeson,Fielding,69a6fcb68d2c56aa82e48a96,55,80,235,senior,6,42,47
77460567-b5cb-475e-b7a7-a3e5c94dd351,Walter Stutler,Walter,Stutler,Fielding,69a6fcb68d2c56aa82e48a96,19,77,215,sophomore,73,73,53
b2454a8d-5f43-4aa4-a4fa-530f3ecf3083,Lucas Johnson,Lucas,Johnson,Fielding,69a6fcb68d2c56aa82e48a96,24,69,173,junior,23,28,30
2d67874e-9d9d-4779-b564-ebc354ec8992,Ladell Lyons,Ladell,Lyons,Fielding,69a6fcb68d2c56aa82e48a96,23,77,214,sophomore,74,57,62
f93ecd17-269d-4373-ae98-93a3726f0dd6,Kyson Martinez,Kyson,Martinez,Fielding,69a6fcb68d2c56aa82e48a96,52,76,218,junior,17,17,36
5016e53e-5e41-4e87-8bc9-b83c8b503eb1,Hector Nicholson,Hector,Nicholson,Fielding,69a6fcb68d2c56aa82e48a96,12,77,226,junior,52,76,56
2219397a-ca09-4485-aaf5-329129b85d70,Xavier Sharpe,Xavier,Sharpe,Iowa Academy,69a6fcb68d2c56aa82e48a97,10,70,177,sophomore,48,92,73
5774a3f1-7ca0-4d8c-9790-9c7b09329790,Milton Nettles,Milton,Nettles,Iowa Academy,69a6fcb68d2c56aa82e48a97,9,71,180,freshman,39,17,42
9de72cce-41ff-4155-af73-4fec70c3963a,Izaiah Stultz,Izaiah,Stultz,Iowa Academy,69a6fcb68d2c56aa82e48a97,19,73,188,senior,75,30,64
d314c266-d804-41e3-8e3e-ffb60802f2c9,Judah Bartlett,Judah,Bartlett,Iowa Academy,69a6fcb68d2c56aa82e48a97,11,71,182,freshman,17,63,63
9e940d1c-0873-4d2d-95e6-219b831fe57f,Man Jarvis,Man,Jarvis,Iowa Academy,69a6fcb68d2c56aa82e48a97,1,69,162,junior,73,85,72
6577300a-f665-4a67-88a4-db778a94baf8,JZ Terrell,JZ,Terrell,Iowa Academy,69a6fcb68d2c56aa82e48a97,37,71,179,senior,9,33,48
41e9689d-b2e3-4fbb-9fd4-109b911112ff,Denis Mulholland,Denis,Mulholland,Iowa Academy,69a6fcb68d2c56aa82e48a97,33,71,190,junior,38,57,68
3324ce3e-6968-4e6a-98a8-4e967a199816,Kenneth Brown,Kenneth,Brown,Iowa Academy,69a6fcb68d2c56aa82e48a97,44,66,146,junior,29,5,46
8fe45036-318e-47cd-9398-413bff797815,Robby Pisano,Robby,Pisano,Iowa Academy,69a6fcb68d2c56aa82e48a97,17,72,192,junior,14,4,28
34f3cf3b-3cf3-419a-82c2-d2dfde2b4726,Demetric Gamble,Demetric,Gamble,Iowa Academy,69a6fcb68d2c56aa82e48a97,42,72,192,junior,73,86,73
647c619b-a26f-4582-a27a-379d8882765b,Malcolm Castillo,Malcolm,Castillo,Iowa Academy,69a6fcb68d2c56aa82e48a97,8,70,168,senior,47,48,46
9d988200-dcb7-4acc-831c-b1619327e8aa,Ishaan Wasserman,Ishaan,Wasserman,Iowa Academy,69a6fcb68d2c56aa82e48a97,62,76,212,sophomore,75,82,74
55db9054-d182-4f8e-95a7-560ad5bcce8d,Brian Morris,Brian,Morris,Grupenberg,69a6fcb68d2c56aa82e48a98,49,68,167,sophomore,52,12,32
0d18eb17-7e1a-44f1-84bd-475d59cc3811,Everett Moad,Everett,Moad,Grupenberg,69a6fcb68d2c56aa82e48a98,9,70,183,junior,26,40,43
f0225773-ab4e-44a8-9736-960bb81a4e44,Jason Gregg,Jason,Gregg,Grupenberg,69a6fcb68d2c56aa82e48a98,11,70,174,junior,11,4,23
04a57f7a-a27a-4473-8768-8436398d7ab8,Jerald Saulter,Jerald,Saulter,Grupenberg,69a6fcb68d2c56aa82e48a98,33,65,147,junior,8,38,26
5f26e2a2-ebff-4310-a3f7-ff0c93d9775d,Aldo Zapps,Aldo,Zapps,Grupenberg,69a6fcb68d2c56aa82e48a98,24,68,167,sophomore,42,74,52
d8860b84-a0e1-4e80-82dd-77dd9772b2c5,Royce Scarlett,Royce,Scarlett,Grupenberg,69a6fcb68d2c56aa82e48a98,45,72,196,freshman,13,13,29
ca32eb7f-8b27-40fc-accb-735e21bfac47,Nicholas Stinnett,Nicholas,Stinnett,Grupenberg,69a6fcb68d2c56aa82e48a98,55,66,153,junior,28,50,33
908e9fbf-08cc-4cbd-aa49-e03497ed1bfb,Vernon Flemin,Vernon,Flemin,Grupenberg,69a6fcb68d2c56aa82e48a98,23,70,183,sophomore,36,54,47
50c06c98-d59f-41f2-ba5f-b6b3d6343310,Diego Simmons,Diego,Simmons,Grupenberg,69a6fcb68d2c56aa82e48a98,5,72,204,senior,47,38,38
0d6c7d83-bcb8-43ac-85b3-8f038260c4e5,Jesse Chen,Jesse,Chen,Grupenberg,69a6fcb68d2c56aa82e48a98,4,77,214,senior,21,29,51
1fbba68e-154a-4745-bc55-6aa280773961,Ryan Coursey,Ryan,Coursey,Grupenberg,69a6fcb68d2c56aa82e48a98,40,71,186,freshman,74,87,72
d3d843da-33de-4482-b64d-31c17dce81b5,Olin Thetford,Olin,Thetford,Grupenberg,69a6fcb68d2c56aa82e48a98,21,73,195,junior,29,33,38
f53eb6ee-65d9-4675-a71b-f76c968e1d00,Cliff Smith IV,Cliff,Smith IV,Tri-Cities Prep,69a6fcb68d2c56aa82e48a99,2,75,211,freshman,39,48,39
ae8c7ba1-d1d7-41d4-871d-10490c73ef80,Barrett Richard,Barrett,Richard,Tri-Cities Prep,69a6fcb68d2c56aa82e48a99,25,72,201,junior,8,5,42
c230104f-c15a-4fd5-b17e-47ac02de92d6,Fufu Oceguera,Fufu,Oceguera,Tri-Cities Prep,69a6fcb68d2c56aa82e48a99,7,74,200,senior,20,59,42
76f885fc-f381-43f1-8b4a-b3f9eff67ea2,Keith Harper,Keith,Harper,Tri-Cities Prep,69a6fcb68d2c56aa82e48a99,4,69,174,senior,23,7,27
e0d0a7d4-b770-41f2-b1ed-043c22f3785b,Jalen Wolf,Jalen,Wolf,Tri-Cities Prep,69a6fcb68d2c56aa82e48a99,43,72,194,sophomore,83,80,57
6f30d5c2-5c04-4ec2-9ee5-c6313433a296,Theodore Pratt,Theodore,Pratt,Tri-Cities Prep,69a6fcb68d2c56aa82e48a99,33,74,202,junior,77,19,67
fa08dfb4-1296-4d35-8d90-888ef8de8b8b,Ryan May,Ryan,May,Tri-Cities Prep,69a6fcb68d2c56aa82e48a99,17,72,200,senior,76,62,65
c8f4313e-f59a-4371-bdb6-b8995341bc51,Orval Thiele,Orval,Thiele,Tri-Cities Prep,69a6fcb68d2c56aa82e48a99,54,69,172,freshman,55,52,51
269f6b24-bfd9-40a8-8a01-9267f33cea3f,Douglas Thomas,Douglas,Thomas,Tri-Cities Prep,69a6fcb68d2c56aa82e48a99,6,78,237,sophomore,86,86,70
ace85e02-901b-47dd-9d6d-3a210c045abf,Shaka Gallagher,Shaka,Gallagher,Tri-Cities Prep,69a6fcb68d2c56aa82e48a99,42,75,204,junior,64,27,64
2a9031f4-ade6-4b9a-aba2-1811576fc9b9,Erik Morris,Erik,Morris,Tri-Cities Prep,69a6fcb68d2c56aa82e48a99,15,72,187,senior,30,49,38
01eead75-7da1-43e1-b8cf-c2f9583004ce,Teagan Williamson,Teagan,Williamson,Tri-Cities Prep,69a6fcb68d2c56aa82e48a99,5,71,195,junior,32,27,38
99d6970d-026b-4d75-8c9b-4629d77385f0,Jalen Holmes,Jalen,Holmes,HA Rushmore,69a6fcb68d2c56aa82e48a9a,55,73,203,freshman,48,75,59
891ce7d0-cb4e-443e-b45a-8bbafa5553d7,Jonathan Moyer,Jonathan,Moyer,HA Rushmore,69a6fcb68d2c56aa82e48a9a,5,70,167,junior,41,33,45
ff0bdd57-e83b-4af9-9f4d-676af55663c6,Hai Adkins,Hai,Adkins,HA Rushmore,69a6fcb68d2c56aa82e48a9a,43,72,187,freshman,61,78,60
1e454085-1c08-4d02-9a7e-54ddae787fad,Boston Prescott,Boston,Prescott,HA Rushmore,69a6fcb68d2c56aa82e48a9a,40,74,201,freshman,16,22,44
596237fb-d5d8-45c3-a410-a5b93449bbb3,Jerry Menefee,Jerry,Menefee,HA Rushmore,69a6fcb68d2c56aa82e48a9a,2,74,196,sophomore,45,24,52
f2aecc8b-772e-4126-abfa-7cd940b52f61,Michael Moldanado,Michael,Moldanado,HA Rushmore,69a6fcb68d2c56aa82e48a9a,25,75,214,senior,27,40,48
34793917-da3e-46a5-bd9e-8874c6801f5a,Sam Biel,Sam,Biel,HA Rushmore,69a6fcb68d2c56aa82e48a9a,24,71,183,sophomore,52,84,73
ac87df21-237a-44f1-ae93-8f9cd1d69821,Randy He,Randy,He,HA Rushmore,69a6fcb68d2c56aa82e48a9a,30,69,161,freshman,55,33,41
c296d749-ce28-46e3-96be-9575f73c2e75,Philip Carter,Philip,Carter,HA Rushmore,69a6fcb68d2c56aa82e48a9a,50,71,174,freshman,2,3,21
b2082997-a995-417f-8269-d781312da56e,Rene Tallant,Rene,Tallant,HA Rushmore,69a6fcb68d2c56aa82e48a9a,22,68,157,junior,14,17,38
ad160723-994b-4aef-aedd-c20ffc08bd2c,Rickey Dearmond,Rickey,Dearmond,HA Rushmore,69a6fcb68d2c56aa82e48a9a,36,80,239,senior,80,79,69
fcb16f95-187b-4b86-9ace-e07da47cb576,Jonah Hester,Jonah,Hester,HA Rushmore,69a6fcb68d2c56aa82e48a9a,15,79,231,sophomore,63,54,61
dd1fa23f-d911-425d-b9af-ce26a4d539fe,Kamari Bird,Kamari,Bird,Rodeo Circuit,69a6fcb68d2c56aa82e48a9b,53,72,192,junior,92,54,63
d667ca5f-a254-44e6-9961-a08e3448491e,Dane Mullins,Dane,Mullins,Rodeo Circuit,69a6fcb68d2c56aa82e48a9b,6,72,208,freshman,24,42,41
efbd2a8a-5095-4854-92ad-318a5312accd,Fisher Huntley,Fisher,Huntley,Rodeo Circuit,69a6fcb68d2c56aa82e48a9b,50,68,168,senior,8,7,29
199ece5c-9953-4b2b-a64c-2894f5e87aca,Ben Blyster,Ben,Blyster,Rodeo Circuit,69a6fcb68d2c56aa82e48a9b,11,83,254,senior,40,41,62
6df1ff8c-b076-44cf-9f27-78ca3f77dc60,Keyshawn Houseman,Keyshawn,Houseman,Rodeo Circuit,69a6fcb68d2c56aa82e48a9b,9,69,167,senior,11,40,46
6c4ca069-aa3e-413c-80fc-ab596324d423,Steve Jordan,Steve,Jordan,Rodeo Circuit,69a6fcb68d2c56aa82e48a9b,23,73,204,freshman,14,8,28
414f2ca4-83b3-4e9e-831a-023772015e4d,Alonzo Wednesday,Alonzo,Wednesday,Rodeo Circuit,69a6fcb68d2c56aa82e48a9b,22,69,163,freshman,65,7,50
3dd1dcf3-89cc-4efe-bc92-9ac04bfb5cc4,Forest Donovan,Forest,Donovan,Rodeo Circuit,69a6fcb68d2c56aa82e48a9b,7,80,242,sophomore,10,42,54
5ab9eff7-7249-4b9f-93b1-a2c2b86d1766,Gunnar Barker,Gunnar,Barker,Rodeo Circuit,69a6fcb68d2c56aa82e48a9b,51,76,209,senior,21,32,40
88513db8-1ed4-4ee1-be05-97fa704b4c4f,Robert Pugliese,Robert,Pugliese,Rodeo Circuit,69a6fcb68d2c56aa82e48a9b,2,73,198,freshman,52,61,55
ec3218e9-3b3c-491b-923d-e61cf54ba64c,Shane Perlmutter,Shane,Perlmutter,Rodeo Circuit,69a6fcb68d2c56aa82e48a9b,4,69,159,senior,11,27,30
8ba89dfb-3895-4ec7-9add-fb383e900d86,Brycen Nathanson,Brycen,Nathanson,Rodeo Circuit,69a6fcb68d2c56aa82e48a9b,34,82,233,senior,60,63,73
e3860993-51cb-4b64-be58-76d0e9f155d9,Jorge Carlin,Jorge,Carlin,Mt Simmons,69a6fcb68d2c56aa82e48a9c,59,79,241,junior,38,62,66
3d51b39a-e730-4235-b8e3-3f0f518ec374,Hugh Liu,Hugh,Liu,Mt Simmons,69a6fcb68d2c56aa82e48a9c,10,69,179,sophomore,23,22,64
f6e3defd-8052-4ff6-a6e8-faba631b4f37,Gaston Marsh,Gaston,Marsh,Mt Simmons,69a6fcb68d2c56aa82e48a9c,44,74,207,senior,45,87,48
1d0f80a2-8877-49d5-9b3f-9ab81786126f,Elton Ball,Elton,Ball,Mt Simmons,69a6fcb68d2c56aa82e48a9c,5,78,235,junior,12,35,43
c2799eb8-61c8-4f61-a2b9-ea04d9122e92,Max Hawkins,Max,Hawkins,Mt Simmons,69a6fcb68d2c56aa82e48a9c,18,80,235,freshman,42,40,56
73ac55f7-0aab-4cb2-b986-a6ad7e0b5c5c,Randall Pace,Randall,Pace,Mt Simmons,69a6fcb68d2c56aa82e48a9c,24,70,163,freshman,14,25,28
9d4d8df2-0b3c-4f8f-b385-8c2623ca6a35,Harper Lentini,Harper,Lentini,Mt Simmons,69a6fcb68d2c56aa82e48a9c,1,77,233,junior,45,46,59
e7f97204-5dd6-4253-823e-d931284576f3,Lennon Ryba,Lennon,Ryba,Mt Simmons,69a6fcb68d2c56aa82e48a9c,2,71,179,sophomore,46,32,40
910d9986-81bd-4e1e-8dfe-be7dbae9ee5d,Jaydon Coursey,Jaydon,Coursey,Mt Simmons,69a6fcb68d2c56aa82e48a9c,38,77,227,junior,14,16,38
90bb8393-0bb5-4a3d-868d-df82a42d854b,Will McKey,Will,McKey,Mt Simmons,69a6fcb68d2c56aa82e48a9c,16,67,171,senior,46,19,41
927f5420-9f8c-48c2-880a-089bd7ea52b0,Brenton Wald,Brenton,Wald,Mt Simmons,69a6fcb68d2c56aa82e48a9c,35,75,220,sophomore,47,53,56
e94dbcc8-3e2d-4aed-8fb1-d118c92baf02,Marvin Prince,Marvin,Prince,Mt Simmons,69a6fcb68d2c56aa82e48a9c,50,77,224,senior,83,62,70
ed352bed-cdf3-4532-b0b0-c8961ad09792,Cliff Cardella,Cliff,Cardella,Lewis Catholic,69a6fcb68d2c56aa82e48a9d,12,68,165,junior,22,36,45
79fb7137-9e9e-4c56-9f5b-876e195aa205,Joaquin Camacho Jr,Joaquin,Camacho Jr,Lewis Catholic,69a6fcb68d2c56aa82e48a9d,34,74,205,freshman,16,12,23
91eb79ff-0c15-4fab-9374-c7e57fb761ab,Gregory Carter,Gregory,Carter,Lewis Catholic,69a6fcb68d2c56aa82e48a9d,25,73,210,junior,55,34,54
3e3fd55f-693a-4be0-a751-62ba01e92830,Konnor Jefferis,Konnor,Jefferis,Lewis Catholic,69a6fcb68d2c56aa82e48a9d,23,69,169,junior,45,32,41
ebd71773-7efd-4af4-940d-2b0c0ce4843c,Abdiel Duarte,Abdiel,Duarte,Lewis Catholic,69a6fcb68d2c56aa82e48a9d,44,82,240,sophomore,92,92,84
6dcb12d3-a032-4b68-9c38-57d8b8693da3,Moses Charles,Moses,Charles,Lewis Catholic,69a6fcb68d2c56aa82e48a9d,50,78,235,sophomore,22,19,54
3da7f382-de60-4557-a2f8-b69ccf9c4270,Dawson Valencia,Dawson,Valencia,Lewis Catholic,69a6fcb68d2c56aa82e48a9d,43,73,197,junior,15,19,29
fee1964d-0831-497b-b710-2f5cffeb2ffb,Brett Hart,Brett,Hart,Lewis Catholic,69a6fcb68d2c56aa82e48a9d,6,76,221,senior,26,21,42
76d6be27-aeee-40ee-8f6d-9928975579f8,Waldo Mack,Waldo,Mack,Lewis Catholic,69a6fcb68d2c56aa82e48a9d,20,68,170,senior,38,22,36
cf5060b0-4be8-414e-ac5f-526b5e718eb3,LeCharles Marcuson,LeCharles,Marcuson,Lewis Catholic,69a6fcb68d2c56aa82e48a9d,4,76,218,sophomore,67,17,57
0bbfd130-704d-4c04-80a0-80f4f1b075f3,Ian Trombley,Ian,Trombley,Lewis Catholic,69a6fcb68d2c56aa82e48a9d,22,73,182,senior,62,58,52
adf2852d-d662-4593-9905-7b0f0a8424fa,Tracy Wilkins,Tracy,Wilkins,Lewis Catholic,69a6fcb68d2c56aa82e48a9d,8,76,233,junior,16,4,28
395497c9-9e3c-4c9c-84d8-a5f77a5a0eab,Nash Green,Nash,Green,Crofton,69a6fcb68d2c56aa82e48a9e,40,72,201,senior,54,17,48
133d6ca1-7f6f-4340-a2c4-535723eaeac6,Bugsy McPherson,Bugsy,McPherson,Crofton,69a6fcb68d2c56aa82e48a9e,31,75,217,sophomore,24,48,48
621b2b47-8bb6-4d3a-82e7-78c7e8a555c5,Demario Melvin,Demario,Melvin,Crofton,69a6fcb68d2c56aa82e48a9e,4,76,218,senior,92,80,89
530b0eb0-a72c-4f1f-be9b-a04bbdfde8a9,Johnson McIntyre,Johnson,McIntyre,Crofton,69a6fcb68d2c56aa82e48a9e,12,75,207,sophomore,4,20,40
8011ccae-c161-4f65-b2d5-caa390720018,Joel O'Brien,Joel,O'Brien,Crofton,69a6fcb68d2c56aa82e48a9e,7,70,171,senior,37,21,36
405b3e19-6179-4e7b-b395-57716c31621f,Ismael Fuller,Ismael,Fuller,Crofton,69a6fcb68d2c56aa82e48a9e,11,84,265,senior,92,60,91
fca06cbe-36f3-4a2d-9471-d666b785fbb4,Teagan Maddox,Teagan,Maddox,Crofton,69a6fcb68d2c56aa82e48a9e,35,68,172,senior,23,11,50
72c39c18-414f-4c19-a038-34612fb48e15,Douglas Koester,Douglas,Koester,Crofton,69a6fcb68d2c56aa82e48a9e,25,67,159,senior,17,16,44
c35ba958-7a62-4707-ad6f-7f42326e9e8f,Burt Fuentes,Burt,Fuentes,Crofton,69a6fcb68d2c56aa82e48a9e,32,77,213,junior,14,91,71
006ce8b9-ab5c-4d16-b9c7-dcb04fb06987,Allan Navarro,Allan,Navarro,Crofton,69a6fcb68d2c56aa82e48a9e,19,70,167,freshman,27,44,37
d8b96f2a-24c9-40c7-a296-b1a77a89f5d2,Nick Carney,Nick,Carney,Crofton,69a6fcb68d2c56aa82e48a9e,8,77,231,freshman,92,61,75
4bf080f4-4dc8-43b9-aea3-dcdc1638c921,Vince Miranda,Vince,Miranda,Crofton,69a6fcb68d2c56aa82e48a9e,13,70,174,senior,64,38,45
c147b01e-39ef-431c-bdfa-0713465a7eec,Bobby Byrd,Bobby,Byrd,Minot,69a6fcb68d2c56aa82e48a9f,33,79,236,freshman,52,40,49
2dba508e-924f-4bfc-8f72-f313c5854bc4,Beckham Goode,Beckham,Goode,Minot,69a6fcb68d2c56aa82e48a9f,51,71,181,freshman,59,60,57
f38398ef-aaba-434f-add2-09fa0f53b643,Jaxon Monroe,Jaxon,Monroe,Minot,69a6fcb68d2c56aa82e48a9f,46,69,156,sophomore,42,27,32
03e910d5-891a-46b9-ae5d-edd918a3e4c2,Irving Castro,Irving,Castro,Minot,69a6fcb68d2c56aa82e48a9f,43,70,179,sophomore,23,12,28
9823c831-e4d9-4099-bfb6-acd94bc5f5d2,PJ Colorado,PJ,Colorado,Minot,69a6fcb68d2c56aa82e48a9f,12,73,194,sophomore,29,33,36
d30a7e97-3f12-4a54-8fbe-3e8b07da01d3,Eden Pietrowski,Eden,Pietrowski,Minot,69a6fcb68d2c56aa82e48a9f,1,70,175,freshman,21,26,24
6179855a-7ab9-447f-b810-424bc4b615fe,Owen Woods,Owen,Woods,Minot,69a6fcb68d2c56aa82e48a9f,3,70,178,junior,17,45,41
8ebf69cc-3783-450c-afd1-8ee65551f991,Earl Yates,Earl,Yates,Minot,69a6fcb68d2c56aa82e48a9f,23,71,179,freshman,33,4,24
05772f7d-802d-4542-a5e6-458d29d797c9,Darwin Marable,Darwin,Marable,Minot,69a6fcb68d2c56aa82e48a9f,52,68,160,senior,11,12,36
47288212-d781-4e96-ac50-c063897d2d84,Reid Short,Reid,Short,Minot,69a6fcb68d2c56aa82e48a9f,32,71,184,sophomore,40,60,51
619fa3ac-7e04-42a8-b5a9-2dd98027f74f,Emmett McSwain,Emmett,McSwain,Minot,69a6fcb68d2c56aa82e48a9f,25,80,245,freshman,41,51,51
b17d3d8b-7567-4d42-81d5-fbd610a8e266,Victor Duffy,Victor,Duffy,Minot,69a6fcb68d2c56aa82e48a9f,15,71,201,freshman,14,34,46
015a82e0-2159-4929-8639-4c57888e1ada,Gustavo Tripp,Gustavo,Tripp,Tower Academy,69a6fcb68d2c56aa82e48aa0,7,75,218,senior,80,92,72
d041ead2-864b-41a3-81f4-42db974017cb,Dalton Mendez,Dalton,Mendez,Tower Academy,69a6fcb68d2c56aa82e48aa0,44,67,164,sophomore,29,53,60
402202da-02b9-4389-a11e-2b5ddba86281,Jim Keaton,Jim,Keaton,Tower Academy,69a6fcb68d2c56aa82e48aa0,18,70,174,junior,29,32,33
01d667a3-1510-4e1a-80e9-207a03343313,Eugene Smith,Eugene,Smith,Tower Academy,69a6fcb68d2c56aa82e48aa0,55,75,213,senior,66,66,62
69e96de2-645e-401c-961f-9cfd37672dea,Xander Walls,Xander,Walls,Tower Academy,69a6fcb68d2c56aa82e48aa0,48,73,202,sophomore,26,24,38
62d41fbb-0b36-448f-ad8d-9dd59eda5d43,Duante Harris,Duante,Harris,Tower Academy,69a6fcb68d2c56aa82e48aa0,21,73,211,junior,40,25,44
8a80a98e-3137-4198-b292-6c6d738006c4,Uwe Scalia,Uwe,Scalia,Tower Academy,69a6fcb68d2c56aa82e48aa0,25,69,172,senior,17,11,40
d7af08e8-e635-4a37-ad34-781f45539475,Arlen Hanby,Arlen,Hanby,Tower Academy,69a6fcb68d2c56aa82e48aa0,5,71,189,senior,51,48,48
8d409ea5-c7f4-4d5c-bbbc-a1d98f072b5a,Antoine Soto,Antoine,Soto,Tower Academy,69a6fcb68d2c56aa82e48aa0,14,72,191,junior,26,10,36
f81c9093-5f3a-4a70-9c48-0ece70f722c5,Rich Duren,Rich,Duren,Tower Academy,69a6fcb68d2c56aa82e48aa0,2,73,205,sophomore,27,35,38
132e3e4c-7382-4910-828c-cfdab315c27d,Garfield Cowan,Garfield,Cowan,Tower Academy,69a6fcb68d2c56aa82e48aa0,34,66,156,sophomore,27,62,74
c9507c60-6a8e-47ce-87bc-2552a074b1ea,Brennan Ray,Brennan,Ray,Tower Academy,69a6fcb68d2c56aa82e48aa0,40,75,212,senior,24,51,42
1f38955b-577a-40ad-b04e-a8842f145ca0,Aaron Watts,Aaron,Watts,Two Rivers,69a6fcb68d2c56aa82e48aa1,3,72,195,junior,26,20,29
4ab43dbb-3dd0-4cbe-a3e8-fc322b0c8d12,Jamal Grieco,Jamal,Grieco,Two Rivers,69a6fcb68d2c56aa82e48aa1,5,70,173,senior,33,27,31
d379bfd7-db83-4ff4-be56-98d6a0171095,Nick Daniel,Nick,Daniel,Two Rivers,69a6fcb68d2c56aa82e48aa1,1,75,207,freshman,16,33,53
37dba0d6-d76a-43f9-a9e9-74751990158b,Stephen Williams,Stephen,Williams,Two Rivers,69a6fcb68d2c56aa82e48aa1,42,70,183,freshman,25,62,46
8528990a-792c-46b9-81fa-f145f7aa1a56,Wilber Cervantes,Wilber,Cervantes,Two Rivers,69a6fcb68d2c56aa82e48aa1,4,71,186,sophomore,53,62,57
cc14efb5-3d6a-4e50-b647-56953f9dcde4,Dmitry Winchenbach,Dmitry,Winchenbach,Two Rivers,69a6fcb68d2c56aa82e48aa1,40,67,163,senior,13,6,25
e16527c0-b87f-4dce-adbd-2970fe4190e8,Steve Frye-Cooke,Steve,Frye-Cooke,Two Rivers,69a6fcb68d2c56aa82e48aa1,10,68,160,senior,13,17,23
a08a6f1b-48e3-42cd-94c5-7d4b26da3218,Cleveland Peck,Cleveland,Peck,Two Rivers,69a6fcb68d2c56aa82e48aa1,45,72,186,junior,29,80,56
4b955fe7-e1c3-473d-b09a-480d01d540a4,Rashad Franklin,Rashad,Franklin,Two Rivers,69a6fcb68d2c56aa82e48aa1,44,75,207,junior,52,54,48
6c814f62-b7bf-458d-8abf-df2a5a4be882,Jakobe Faulkner,Jakobe,Faulkner,Two Rivers,69a6fcb68d2c56aa82e48aa1,17,78,234,freshman,48,47,54
80d73592-c1c7-4086-9512-c49b7ba9ee62,Charles Thunderburke,Charles,Thunderburke,Two Rivers,69a6fcb68d2c56aa82e48aa1,29,67,160,senior,25,11,41
70fdbecf-c398-4467-a663-2d7949054ff8,Tyrell Vox,Tyrell,Vox,Two Rivers,69a6fcb68d2c56aa82e48aa1,41,69,165,junior,15,17,29
b0bf2088-5155-43a0-ba58-fcbe82b7e005,Deyo Gorgone,Deyo,Gorgone,Norman,69a6fcb68d2c56aa82e48aa2,35,73,200,senior,40,66,63
6f61f7d5-caab-47cb-8cdf-3c7520d74916,Dylan McFarland,Dylan,McFarland,Norman,69a6fcb68d2c56aa82e48aa2,30,72,188,senior,67,32,59
e584bb24-a984-4eb4-bbe3-388fe51f81b0,Nasir Barnes,Nasir,Barnes,Norman,69a6fcb68d2c56aa82e48aa2,50,78,239,junior,54,32,52
fde82db0-2495-4e7f-b000-86f4d44ba60c,Fletcher Proffit,Fletcher,Proffit,Norman,69a6fcb68d2c56aa82e48aa2,2,72,198,junior,47,23,45
8e8f3c60-4945-45a3-827e-99b25741a621,Dorian Jackson,Dorian,Jackson,Norman,69a6fcb68d2c56aa82e48aa2,55,76,219,senior,54,54,53
ec6a4caa-32d3-4aee-9fa1-15bd16b3aa7d,Lukas Flink,Lukas,Flink,Norman,69a6fcb68d2c56aa82e48aa2,41,76,223,senior,45,46,34
fbaf4501-8146-4227-849f-bb2793d31ce0,Al Gambrell,Al,Gambrell,Norman,69a6fcb68d2c56aa82e48aa2,33,75,206,senior,40,70,41
54b3fb58-427e-434d-a8ef-62292181b532,Justin Foxworth,Justin,Foxworth,Norman,69a6fcb68d2c56aa82e48aa2,15,71,179,sophomore,76,75,72
27ff6207-a4bd-4361-8e87-9a665a5d3489,Javon Black,Javon,Black,Norman,69a6fcb68d2c56aa82e48aa2,6,70,173,junior,54,63,47
9636fb65-7b23-48b0-929f-5f03804163f0,Marques Auyeung,Marques,Auyeung,Norman,69a6fcb68d2c56aa82e48aa2,11,69,165,senior,92,49,72
13c3d195-56a3-404b-87da-06d95a175106,Jarrett Lloyd,Jarrett,Lloyd,Norman,69a6fcb68d2c56aa82e48aa2,13,72,197,senior,13,52,60
a448ccd5-5d2a-4fe0-99b8-3f6c61acf771,Donnie Krahn,Donnie,Krahn,Norman,69a6fcb68d2c56aa82e48aa2,46,74,203,sophomore,16,10,63
43529561-272f-4312-89be-6e6fe88b2f26,Carlos Stone,Carlos,Stone,River's Edge,69a6fcb68d2c56aa82e48aa3,33,72,191,junior,36,32,40
b398a257-e421-404f-9c5b-52eee502eea3,Landyn Macias,Landyn,Macias,River's Edge,69a6fcb68d2c56aa82e48aa3,45,69,170,senior,46,52,42
53b515ee-66c1-4ba3-915f-4f48e3d914d8,Brett Raines,Brett,Raines,River's Edge,69a6fcb68d2c56aa82e48aa3,41,67,158,senior,9,6,10
2f672ce7-a6cf-4795-b578-924186101185,Marlon Huynh,Marlon,Huynh,River's Edge,69a6fcb68d2c56aa82e48aa3,7,68,161,junior,17,17,29
81a16691-c9cb-407a-8279-09d216234147,Tyree Kulesza,Tyree,Kulesza,River's Edge,69a6fcb68d2c56aa82e48aa3,5,73,196,junior,25,66,64
4080e840-1c3c-4085-85e8-f39c4856538e,Lynwood Hardy,Lynwood,Hardy,River's Edge,69a6fcb68d2c56aa82e48aa3,54,72,186,freshman,6,7,19
7dd2712a-440b-4792-a4b3-963dee859c65,Russ Braxton,Russ,Braxton,River's Edge,69a6fcb68d2c56aa82e48aa3,2,76,216,junior,92,82,89
c407bd36-2d1b-40b7-aa4e-ed1857a8752a,Van Daughtery,Van,Daughtery,River's Edge,69a6fcb68d2c56aa82e48aa3,21,70,160,freshman,33,26,55
2aa7c3f0-5b97-4b9a-b628-360e4a754c1f,Coleman Montes,Coleman,Montes,River's Edge,69a6fcb68d2c56aa82e48aa3,17,75,205,senior,73,76,68
3cd475a2-6f50-445c-84a0-29edee5aaa74,Brett Stanton,Brett,Stanton,River's Edge,69a6fcb68d2c56aa82e48aa3,22,73,186,senior,49,8,38
44fa3298-8941-4af4-8297-3dae50e007e9,Clarence Varden,Clarence,Varden,River's Edge,69a6fcb68d2c56aa82e48aa3,50,80,246,sophomore,46,69,60
35cafac7-a7ca-44f5-a941-061a82985ffa,Wyatt Camarillo,Wyatt,Camarillo,River's Edge,69a6fcb68d2c56aa82e48aa3,14,72,184,junior,54,71,85
e0ffe879-6d83-43ce-8cd6-5e221e85e9dc,Winfred Little,Winfred,Little,Amarillo Tech,69a6fcb68d2c56aa82e48aa4,32,71,184,senior,54,15,61
33b8e78c-1188-4038-a5f9-8f2c61cbc38b,Marcel Lyunch,Marcel,Lyunch,Amarillo Tech,69a6fcb68d2c56aa82e48aa4,20,75,209,junior,37,23,45
00a9d393-c03b-4ac2-b357-1dd57e7223f2,GB Selvidge,GB,Selvidge,Amarillo Tech,69a6fcb68d2c56aa82e48aa4,5,70,182,senior,6,5,29
cb3f5463-c9e9-447d-9a96-bd8c9ec6952b,Alexi Turgenev,Alexi,Turgenev,Amarillo Tech,69a6fcb68d2c56aa82e48aa4,2,70,180,senior,29,29,36
37bc3043-356a-4baf-8a9f-0dfddb7fe93b,Sage Simmons,Sage,Simmons,Amarillo Tech,69a6fcb68d2c56aa82e48aa4,52,69,171,senior,75,70,57
b10d7fbc-ceda-4f22-97a5-9abf9056a1a6,Casey Kemp,Casey,Kemp,Amarillo Tech,69a6fcb68d2c56aa82e48aa4,13,70,172,senior,40,80,61
45888d7a-392c-4284-9691-a6ca3d76d57c,Ian Lacefield,Ian,Lacefield,Amarillo Tech,69a6fcb68d2c56aa82e48aa4,30,69,168,junior,49,25,38
0075a182-10a6-4a26-8135-fb12d0d13767,Fred Ashbrook,Fred,Ashbrook,Amarillo Tech,69a6fcb68d2c56aa82e48aa4,16,72,194,senior,29,50,58
5b937e4a-db4e-43ba-a6f4-122445a3daac,Kenny Clarke,Kenny,Clarke,Amarillo Tech,69a6fcb68d2c56aa82e48aa4,24,78,235,junior,15,50,53
61c995ff-ecce-4a85-a639-d0ff524277b2,Charles Felice,Charles,Felice,Amarillo Tech,69a6fcb68d2c56aa82e48aa4,1,69,167,freshman,24,72,68
adaa0534-7ab4-4d13-aa8d-aa76531f7210,Tobias Douglas,Tobias,Douglas,Amarillo Tech,69a6fcb68d2c56aa82e48aa4,22,80,249,senior,47,74,63
247f99b7-6fb1-4ca0-a9fc-261bbf1aba45,Mason Pierce,Mason,Pierce,Amarillo Tech,69a6fcb68d2c56aa82e48aa4,7,69,170,senior,40,19,38
ac7a5fd3-be95-4fc9-8122-8c3d5e65cec2,Dontrell Munoz,Dontrell,Munoz,Pan Handle Limited,69a6fcb68d2c56aa82e48aa5,54,79,237,senior,49,29,52
b88a85e4-6d3e-4c56-8760-8f950d3dfd0b,Jabril Benitez,Jabril,Benitez,Pan Handle Limited,69a6fcb68d2c56aa82e48aa5,9,71,185,junior,15,11,26
2996719f-0ed9-4c4e-8f47-ba4db3f93bb4,DeMarcus Sharp,DeMarcus,Sharp,Pan Handle Limited,69a6fcb68d2c56aa82e48aa5,23,73,198,senior,63,40,65
1c0329d1-6d72-47b5-84f0-6813a89b702e,Sebastian Ebner,Sebastian,Ebner,Pan Handle Limited,69a6fcb68d2c56aa82e48aa5,40,76,226,freshman,41,52,57
209696a3-39ae-4d8f-96d3-3d50d4617719,Tony Ashbrook,Tony,Ashbrook,Pan Handle Limited,69a6fcb68d2c56aa82e48aa5,18,74,194,sophomore,36,26,44
7916b279-93c8-4f06-a1e6-d61b2af8d864,Adrian Darden,Adrian,Darden,Pan Handle Limited,69a6fcb68d2c56aa82e48aa5,19,74,213,senior,21,21,46
d904676d-6d96-4864-bba0-654435fef964,Oswald Spiel,Oswald,Spiel,Pan Handle Limited,69a6fcb68d2c56aa82e48aa5,35,74,215,freshman,52,40,58
fa595015-9020-4443-8dcd-b9ab9bf963ce,Chuckie Mann,Chuckie,Mann,Pan Handle Limited,69a6fcb68d2c56aa82e48aa5,22,66,162,junior,20,9,19
1a2483f0-2516-46d8-9b7d-4c995739e1ec,KJ Brough,KJ,Brough,Pan Handle Limited,69a6fcb68d2c56aa82e48aa5,11,81,248,senior,20,37,54
95efdcd1-3576-4f89-9677-70ca540e5860,Wilson David,Wilson,David,Pan Handle Limited,69a6fcb68d2c56aa82e48aa5,25,71,192,sophomore,11,8,30
cff552f2-531b-4e24-a4ca-7fc263dfcb12,Conrad Mines,Conrad,Mines,Pan Handle Limited,69a6fcb68d2c56aa82e48aa5,30,71,184,senior,33,26,26
81b40df7-1240-4308-8ae7-de69c321f127,Thomas Villarreal,Thomas,Villarreal,Pan Handle Limited,69a6fcb68d2c56aa82e48aa5,47,69,165,freshman,47,23,42
6a5f2d02-cc08-4f48-80cf-a13aad03fe67,Marion Miller,Marion,Miller,Ada,69a6fcb68d2c56aa82e48aa6,18,77,220,junior,52,55,59
501157c9-1c7b-4b55-9ea9-9754441fb315,Jamari Cedano,Jamari,Cedano,Ada,69a6fcb68d2c56aa82e48aa6,53,78,235,sophomore,22,82,56
1ebca8ad-0178-4a94-a191-588d7691edb2,Orlando Christian,Orlando,Christian,Ada,69a6fcb68d2c56aa82e48aa6,12,78,234,sophomore,63,72,60
3ab674ad-4a74-42ce-977b-9ec71a678cd8,Anderson Lara,Anderson,Lara,Ada,69a6fcb68d2c56aa82e48aa6,43,67,163,freshman,2,16,16
e9daaa66-2f11-4a20-abd9-554e81b96587,Sullivan Harris,Sullivan,Harris,Ada,69a6fcb68d2c56aa82e48aa6,1,72,192,sophomore,25,35,42
feb1404f-b2bc-4db6-b1e4-bbea49bdfe76,Omar-Ha Wrenn,Omar-Ha,Wrenn,Ada,69a6fcb68d2c56aa82e48aa6,24,70,178,sophomore,59,15,52
d13605bc-86e9-454a-9398-d6963856f2be,Brady Carrillo,Brady,Carrillo,Ada,69a6fcb68d2c56aa82e48aa6,50,73,206,sophomore,37,30,39
fcbea8eb-8471-4cb9-a5ff-36bafce4bd27,Wilmer Estrada,Wilmer,Estrada,Ada,69a6fcb68d2c56aa82e48aa6,4,73,207,freshman,67,66,61
41e464a6-1d56-47b2-9f8b-6b3248c28ad1,Ernest Barr,Ernest,Barr,Ada,69a6fcb68d2c56aa82e48aa6,42,80,249,freshman,11,16,43
88230d5b-ffaa-4b66-963e-b9f070b25b41,Lester Long,Lester,Long,Ada,69a6fcb68d2c56aa82e48aa6,14,69,166,senior,24,64,53
29584033-7a85-43e1-bbae-7c12dc74e3af,OT Wilson,OT,Wilson,Ada,69a6fcb68d2c56aa82e48aa6,33,71,179,junior,40,14,40
b9449448-2d3f-40c8-a83f-72b48d75fc1e,Johnny Glascock,Johnny,Glascock,Ada,69a6fcb68d2c56aa82e48aa6,3,73,201,senior,17,23,54
d743aa09-688e-42cd-9d83-fdb4bfdc3a0e,Emilio Perry,Emilio,Perry,Kenton,69a6fcb68d2c56aa82e48aa7,17,75,206,sophomore,32,20,63
b8201604-240d-47e8-a9e7-f53e102c9606,Derrick Sandoval,Derrick,Sandoval,Kenton,69a6fcb68d2c56aa82e48aa7,10,71,186,senior,21,62,49
ede51c62-74d9-4d34-b5c2-eb17d3f8ea1e,Junior Chambers,Junior,Chambers,Kenton,69a6fcb68d2c56aa82e48aa7,30,66,151,sophomore,15,46,39
4a48aae9-ff76-4057-97b5-71e53cd3eff8,Xavier McMunster,Xavier,McMunster,Kenton,69a6fcb68d2c56aa82e48aa7,54,67,163,senior,57,21,38
c03375d3-3efb-48ab-8e8c-0bf1472b5f69,Kaiden Dennis,Kaiden,Dennis,Kenton,69a6fcb68d2c56aa82e48aa7,90,79,247,junior,78,70,66
f508875d-06da-4897-93ae-e8eec50d965f,Hayden Holmes,Hayden,Holmes,Kenton,69a6fcb68d2c56aa82e48aa7,42,78,244,freshman,42,59,58
bc4eab6a-d307-4efc-b865-5d9169e510b3,Tanner Allen,Tanner,Allen,Kenton,69a6fcb68d2c56aa82e48aa7,3,81,245,freshman,15,29,31
cb02c71c-90cf-4e0b-b2fe-d1fc7b31c58b,Trenton Madden,Trenton,Madden,Kenton,69a6fcb68d2c56aa82e48aa7,8,69,180,sophomore,52,54,49
c9d8fb5b-fa3a-4891-aa3e-1f267342f79c,John Michael,John,Michael,Kenton,69a6fcb68d2c56aa82e48aa7,13,73,203,sophomore,53,23,49
00aa24fb-e8a0-449d-8211-4138840a59b0,Bernard Einhorn,Bernard,Einhorn,Kenton,69a6fcb68d2c56aa82e48aa7,9,76,222,senior,52,65,62
8d66902f-52e8-490f-aba7-8b2c2632d577,Zayden Lester,Zayden,Lester,Kenton,69a6fcb68d2c56aa82e48aa7,32,70,165,junior,17,12,29
5022d13a-8722-4a75-ba00-644bcb125f9d,Jayden James,Jayden,James,Kenton,69a6fcb68d2c56aa82e48aa7,33,73,195,junior,47,30,48
40e499e4-80c4-4737-a5f4-15cfcfbb3b43,Adam Fennessey,Adam,Fennessey,Reyes-Santiago,69a6fcb68d2c56aa82e48aa8,51,70,166,senior,4,47,51
110569eb-bcc0-4b3b-81bb-7b133af76761,Buddy Gayden,Buddy,Gayden,Reyes-Santiago,69a6fcb68d2c56aa82e48aa8,34,74,202,senior,26,32,32
aeeaccba-6b7d-42d2-8118-bddaef5a510d,Paulson Noble,Paulson,Noble,Reyes-Santiago,69a6fcb68d2c56aa82e48aa8,45,69,174,senior,27,21,29
768e8280-037b-42ec-86ef-c645bd2ea57a,Sage Knapp III,Sage,Knapp III,Reyes-Santiago,69a6fcb68d2c56aa82e48aa8,8,78,244,senior,63,48,68
22fb6e6f-22b6-4cf3-b676-b10b2cdf33a9,Joel Calvin,Joel,Calvin,Reyes-Santiago,69a6fcb68d2c56aa82e48aa8,12,70,168,sophomore,11,4,25
b11e3fa1-82b3-450a-b027-e9ee6e70b512,Quincy McGee,Quincy,McGee,Reyes-Santiago,69a6fcb68d2c56aa82e48aa8,33,77,222,sophomore,45,49,54
6ccf6abb-b114-482e-8093-e9883cdbf52f,Hayden English,Hayden,English,Reyes-Santiago,69a6fcb68d2c56aa82e48aa8,22,67,145,freshman,57,42,44
9a956044-eadd-4fa6-95dc-6d5f7942d36a,Gregory Khan,Gregory,Khan,Reyes-Santiago,69a6fcb68d2c56aa82e48aa8,50,75,209,freshman,48,29,63
4c07623b-4d08-4c70-9da7-8c58f492db5e,Cedric Fox,Cedric,Fox,Reyes-Santiago,69a6fcb68d2c56aa82e48aa8,14,75,216,senior,45,33,37
bbcab1e8-b81b-4887-98a3-74c99cb5d684,Jerry Frederickson,Jerry,Frederickson,Reyes-Santiago,69a6fcb68d2c56aa82e48aa8,30,73,190,sophomore,11,5,35
2770aa38-8db7-42bf-be2e-db6d101cb751,Bryant Almada,Bryant,Almada,Reyes-Santiago,69a6fcb68d2c56aa82e48aa8,7,71,185,freshman,11,9,37
edb5d672-939a-40a5-bff4-38b898d447f1,Jerry McLaughlin,Jerry,McLaughlin,Reyes-Santiago,69a6fcb68d2c56aa82e48aa8,54,74,202,junior,76,16,64
c57fc7d4-a407-4277-93e7-0f4eb39f0f62,Roy Beckett,Roy,Beckett,Stormwood,69a6fcb68d2c56aa82e48aa9,21,85,281,senior,8,33,50
4a504905-1023-4af4-8274-bd7c7af9f800,Blake Gonzalez,Blake,Gonzalez,Stormwood,69a6fcb68d2c56aa82e48aa9,9,70,166,freshman,22,38,35
1979974e-b14c-41c7-bfd5-42a7c6666ed6,Vincent O'Brady,Vincent,O'Brady,Stormwood,69a6fcb68d2c56aa82e48aa9,13,73,190,junior,70,54,52
3164e4d1-7120-4ff5-955c-9c8f2fc07b46,Tylan Rodgers,Tylan,Rodgers,Stormwood,69a6fcb68d2c56aa82e48aa9,33,76,219,sophomore,11,53,43
5e5d1e12-386f-4421-ba3b-b7e0c91693fc,Willie Villora,Willie,Villora,Stormwood,69a6fcb68d2c56aa82e48aa9,34,71,187,senior,39,23,35
8a4e2170-0b69-494b-945a-8613e2c82c00,Columbus Criado,Columbus,Criado,Stormwood,69a6fcb68d2c56aa82e48aa9,32,69,168,junior,47,62,58
45fbb4f8-b9cc-48d5-83fb-693803de08cb,Wilber Biel,Wilber,Biel,Stormwood,69a6fcb68d2c56aa82e48aa9,6,78,237,sophomore,42,29,49
33d04683-f7da-4dd3-a7f0-d8a6d2553661,Eliezer Barton,Eliezer,Barton,Stormwood,69a6fcb68d2c56aa82e48aa9,8,74,208,senior,89,46,69
d7ccb601-1fd9-4cc0-881a-69854d8ab0a4,Devin Policastro,Devin,Policastro,Stormwood,69a6fcb68d2c56aa82e48aa9,5,73,207,senior,8,33,40
4ca26504-9f58-478e-bcfa-bb6d78237075,Brian O'Donnell,Brian,O'Donnell,Stormwood,69a6fcb68d2c56aa82e48aa9,52,81,248,junior,26,60,56
49a1de59-0a1d-428d-ab39-7b80a8e3dd14,Sincere Brough,Sincere,Brough,Stormwood,69a6fcb68d2c56aa82e48aa9,17,65,150,junior,42,13,39
bb4e5997-647c-457f-97de-ec87918891f5,Kent Taylor,Kent,Taylor,Stormwood,69a6fcb68d2c56aa82e48aa9,1,70,188,junior,22,29,36
703f55bc-a80e-402f-9cc0-f2dbe2384fee,Dennis MacDonald,Dennis,MacDonald,Houston Jesuit,69a6fcb68d2c56aa82e48aaa,43,75,211,junior,17,35,52
a4587bfc-395f-45e7-80f0-1dc73efefe3f,Giancarlo Sullivan,Giancarlo,Sullivan,Houston Jesuit,69a6fcb68d2c56aa82e48aaa,35,74,208,freshman,75,66,79
8d2b7cb8-7157-44f6-8efe-8c1492142271,Melvin Ferguson,Melvin,Ferguson,Houston Jesuit,69a6fcb68d2c56aa82e48aaa,11,72,188,senior,40,92,55
acd33c1d-19af-4606-8487-14ac7f506c39,Sheldon Davis,Sheldon,Davis,Houston Jesuit,69a6fcb68d2c56aa82e48aaa,41,83,257,sophomore,59,79,80
5da753b0-4aef-4498-be25-ce9f810de69b,Lamont Hayden,Lamont,Hayden,Houston Jesuit,69a6fcb68d2c56aa82e48aaa,2,73,205,junior,54,64,47
6bfc783f-ee7e-48be-9a99-3585680e285e,Trenton Henson,Trenton,Henson,Houston Jesuit,69a6fcb68d2c56aa82e48aaa,16,68,155,junior,40,34,51
f69ef899-42e0-4044-94ed-ffa83e9a1d35,Thurman Slaughter,Thurman,Slaughter,Houston Jesuit,69a6fcb68d2c56aa82e48aaa,24,71,177,senior,28,63,44
1692d30f-8a85-4496-b5aa-7cd649c77ab0,Jay Chapman,Jay,Chapman,Houston Jesuit,69a6fcb68d2c56aa82e48aaa,14,82,254,junior,29,24,40
fc5be6c6-8910-4625-9432-dcfe043384d6,Alberto Gutierrez,Alberto,Gutierrez,Houston Jesuit,69a6fcb68d2c56aa82e48aaa,20,77,220,senior,47,9,52
50e8ef54-e81a-444c-b034-91d228a1d705,Arnav Anderson,Arnav,Anderson,Houston Jesuit,69a6fcb68d2c56aa82e48aaa,6,73,186,senior,92,92,89
2a5eb2f8-2b4e-42d1-a40a-5858060e495d,Moses Gibson,Moses,Gibson,Houston Jesuit,69a6fcb68d2c56aa82e48aaa,44,73,211,senior,71,41,60
e57c2b0d-78b3-4c67-83ae-fad0a7e23e20,Tyrone Mercer,Tyrone,Mercer,Houston Jesuit,69a6fcb68d2c56aa82e48aaa,38,70,166,junior,34,33,49
2e6ac1e6-76d5-404c-8b37-607d94bb9321,Drew Shea,Drew,Shea,Austin,69a6fcb68d2c56aa82e48aab,4,69,169,senior,11,23,32
ffd7daf5-f027-4765-9b76-d1ee228f65b8,Jair Speights,Jair,Speights,Austin,69a6fcb68d2c56aa82e48aab,7,72,198,junior,10,46,48
ba7ff007-c4d8-4f1b-867e-36ae0873d55d,Ibrahim Mata,Ibrahim,Mata,Austin,69a6fcb68d2c56aa82e48aab,6,75,210,sophomore,21,26,36
36950d6e-b893-4c5e-9d27-381a449a560c,Dexter Hardin,Dexter,Hardin,Austin,69a6fcb68d2c56aa82e48aab,22,71,193,senior,69,90,79
198150a2-92d5-43c4-9351-9a510e2f49c3,Devon Grauer,Devon,Grauer,Austin,69a6fcb68d2c56aa82e48aab,42,80,240,freshman,15,16,32
f4999ce9-a5b4-4af2-aaea-7cd7a00fabdf,Gus Keck,Gus,Keck,Austin,69a6fcb68d2c56aa82e48aab,13,67,158,sophomore,47,92,73
6097027e-c7c9-4130-94c1-07930c46fdbe,Damari Nathan,Damari,Nathan,Austin,69a6fcb68d2c56aa82e48aab,25,71,178,senior,44,23,51
f4da7285-0daf-4ed2-89dc-36a134b58eb6,Boris Ivanov,Boris,Ivanov,Austin,69a6fcb68d2c56aa82e48aab,2,72,195,senior,62,51,54
8cd9782b-0518-4748-bc8d-e71587c16ccc,Aron Dixon,Aron,Dixon,Austin,69a6fcb68d2c56aa82e48aab,32,71,176,freshman,32,47,45
7e2b653f-803d-4f7d-9386-6acfeb60f9c6,Myles Papineau,Myles,Papineau,Austin,69a6fcb68d2c56aa82e48aab,55,69,165,senior,90,40,67
98b11e2e-e687-41c9-ae9e-84f091fa8c54,Kenyon Padilla,Kenyon,Padilla,Austin,69a6fcb68d2c56aa82e48aab,45,71,189,junior,40,28,32
f2f7f8ee-a04a-4591-8c43-607059306787,Hunter Goodwin,Hunter,Goodwin,Austin,69a6fcb68d2c56aa82e48aab,5,66,167,senior,15,27,44
a6138f67-b2d5-4c85-8e65-67174ee747eb,Reece Bullock,Reece,Bullock,GP Prep School,69a6fcb68d2c56aa82e48aac,41,72,194,senior,40,47,42
23de9d72-2914-48f5-9324-243eb8ad2e02,Luciano Bright,Luciano,Bright,GP Prep School,69a6fcb68d2c56aa82e48aac,23,66,160,senior,26,30,30
c1b3df4b-617b-4090-8db6-f6cfd2af882f,Michale Nelson,Michale,Nelson,GP Prep School,69a6fcb68d2c56aa82e48aac,50,79,250,junior,62,40,62
69409bf0-6c37-49fb-a120-c152bcfdb3a0,Garrett Buckwheat,Garrett,Buckwheat,GP Prep School,69a6fcb68d2c56aa82e48aac,1,77,229,sophomore,36,52,43
9e274abe-09cf-48e8-bbd3-f46310a434be,Hal Griffith,Hal,Griffith,GP Prep School,69a6fcb68d2c56aa82e48aac,11,79,241,senior,14,23,33
56571987-0ce5-4703-beb9-982681817f0a,Noah Hanson,Noah,Hanson,GP Prep School,69a6fcb68d2c56aa82e48aac,15,82,247,junior,38,62,71
e546f549-90a8-443b-bd0b-79e9fa4c3d9f,Derrick McKenzie,Derrick,McKenzie,GP Prep School,69a6fcb68d2c56aa82e48aac,20,72,184,freshman,23,17,33
2732068e-b341-4833-bccc-60ccd2b44b36,Benjamin Fleener,Benjamin,Fleener,GP Prep School,69a6fcb68d2c56aa82e48aac,32,77,219,senior,40,92,67
dc60797e-bfd9-4532-a11a-34f6b3dbf738,Kyle Goosby,Kyle,Goosby,GP Prep School,69a6fcb68d2c56aa82e48aac,6,73,209,sophomore,47,67,67
66a97255-af6b-4064-8529-5f07b6731f3b,Earl Birdsell,Earl,Birdsell,GP Prep School,69a6fcb68d2c56aa82e48aac,52,69,174,senior,8,12,24
bf413a31-95fa-4789-86d3-dc2993e23bd6,Markus Willis,Markus,Willis,GP Prep School,69a6fcb68d2c56aa82e48aac,44,68,167,senior,25,17,27
b2f6d95d-7f30-433e-8216-2a3f2f66d8c3,Jensen Craine,Jensen,Craine,GP Prep School,69a6fcb68d2c56aa82e48aac,25,78,233,sophomore,10,29,40
e55d26b0-091e-4ed3-8c2b-ded844919564,Royal Vincent,Royal,Vincent,MiddleTEX,69a6fcb68d2c56aa82e48aad,88,80,241,junior,22,73,63
98536139-beea-4c11-9862-c01d40e37d2a,Leland Oliver,Leland,Oliver,MiddleTEX,69a6fcb68d2c56aa82e48aad,1,73,202,senior,52,40,56
adab6f6d-d518-4f15-a699-219f5b727e40,Will Owens,Will,Owens,MiddleTEX,69a6fcb68d2c56aa82e48aad,40,70,190,freshman,70,38,68
c0807950-6e41-4aca-be80-e52d279dd927,Colby Shields,Colby,Shields,MiddleTEX,69a6fcb68d2c56aa82e48aad,22,73,200,junior,11,5,32
58cc47fd-322d-43fe-bf67-2824a1113040,Dexter Dunn,Dexter,Dunn,MiddleTEX,69a6fcb68d2c56aa82e48aad,44,72,197,sophomore,71,61,57
7bab040c-9ebb-4d3d-8b7f-aca8222b6bad,Mervin Copeland,Mervin,Copeland,MiddleTEX,69a6fcb68d2c56aa82e48aad,17,73,209,senior,26,26,39
32b2dd5c-a4ba-45fb-812e-16a08bb24288,Anonymous Sanderson,Anonymous,Sanderson,MiddleTEX,69a6fcb68d2c56aa82e48aad,2,85,284,junior,20,27,47
a2123ed5-6df2-470d-a23a-e28530d23148,Quincy O'Brien,Quincy,O'Brien,MiddleTEX,69a6fcb68d2c56aa82e48aad,12,69,173,sophomore,40,10,36
2a901fbd-0d4d-46c5-b471-e3b1998ec184,Dalton Gardner,Dalton,Gardner,MiddleTEX,69a6fcb68d2c56aa82e48aad,50,73,203,junior,17,21,37
c29e2df6-2ea5-405d-b47a-bf987ba454ff,Shaun Preston,Shaun,Preston,MiddleTEX,69a6fcb68d2c56aa82e48aad,11,69,165,senior,52,11,59
0aacb890-2e5d-4725-a687-5a7380c4343b,Devyn Graham,Devyn,Graham,MiddleTEX,69a6fcb68d2c56aa82e48aad,5,73,208,junior,79,27,64
8312fccb-a9e4-4d22-8c69-42c76edf1931,Gaylord Giles,Gaylord,Giles,MiddleTEX,69a6fcb68d2c56aa82e48aad,55,83,261,freshman,10,5,24
595bbdc8-7164-4852-8160-647f89198311,Steve Remmington,Steve,Remmington,Abilene,69a6fcb68d2c56aa82e48aae,11,80,238,junior,38,28,57
a9565dde-36fd-4b0f-90f8-0b5dcbbdd237,Cletus Wilson,Cletus,Wilson,Abilene,69a6fcb68d2c56aa82e48aae,4,81,239,senior,57,50,67
72cbf888-4cad-4bc9-af0e-ba35af92bbbd,Jacob Rhodes Jr,Jacob,Rhodes Jr,Abilene,69a6fcb68d2c56aa82e48aae,16,75,215,senior,34,40,41
a8599614-9fbb-459e-9aa6-b74d79e05c68,William Duca,William,Duca,Abilene,69a6fcb68d2c56aa82e48aae,23,70,176,junior,17,33,43
0a431889-ee91-4f71-9a48-2c6173a61a4b,Mark Clukey,Mark,Clukey,Abilene,69a6fcb68d2c56aa82e48aae,52,74,204,junior,24,23,36
58b282ad-bc4e-45a3-9842-c09f9e8c0c1c,Terry Turner,Terry,Turner,Abilene,69a6fcb68d2c56aa82e48aae,32,71,182,senior,28,17,39
e3f50c8d-3ba6-4964-b174-bfe8344b676a,Jamison Moses,Jamison,Moses,Abilene,69a6fcb68d2c56aa82e48aae,34,77,225,senior,9,11,42
0a8bb0e5-a065-4ada-b60e-a51fd97a8ee3,Florentino Downs,Florentino,Downs,Abilene,69a6fcb68d2c56aa82e48aae,20,65,151,senior,22,29,42
cbfcff24-b6f5-421c-950a-94ba1d978435,Tyrone O'Neal,Tyrone,O'Neal,Abilene,69a6fcb68d2c56aa82e48aae,43,75,217,senior,26,30,42
27874a90-f0cd-4283-a681-af5e613ebbef,Alexzander Watson,Alexzander,Watson,Abilene,69a6fcb68d2c56aa82e48aae,15,69,162,junior,33,11,32
0ad46fa4-f5fb-402c-8884-ba201384158f,Tom McCallister,Tom,McCallister,Abilene,69a6fcb68d2c56aa82e48aae,10,68,167,sophomore,16,2,21
a04f1586-6fce-4650-b161-fc590e3895f1,Herschel Tatham,Herschel,Tatham,Abilene,69a6fcb68d2c56aa82e48aae,50,68,166,freshman,40,17,35
67214725-0b7f-4954-91bf-f11a0297849f,Williams Weber,Williams,Weber,Chambless Global,69a6fcb68d2c56aa82e48aaf,14,74,199,senior,28,17,57
62c1ef9e-4ee7-45c7-8c5a-e887998e3253,Ryland Whisenhunt,Ryland,Whisenhunt,Chambless Global,69a6fcb68d2c56aa82e48aaf,46,70,186,senior,10,26,37
6ac6fd03-51eb-4ab8-bc26-58436dbd9c59,Bruno Grant,Bruno,Grant,Chambless Global,69a6fcb68d2c56aa82e48aaf,40,73,202,junior,11,84,64
e626268d-0724-45f2-b06b-4784a108f001,Dave Daniels,Dave,Daniels,Chambless Global,69a6fcb68d2c56aa82e48aaf,52,64,151,senior,87,86,75
0ce3a3cd-6c2f-43e4-8d68-40c6492fdd28,Dominic Williams,Dominic,Williams,Chambless Global,69a6fcb68d2c56aa82e48aaf,6,73,207,junior,62,39,53
b31f3745-da53-459a-a569-544c01e93edd,Luca Betancourt,Luca,Betancourt,Chambless Global,69a6fcb68d2c56aa82e48aaf,3,69,171,freshman,63,30,40
eb058f6a-dce3-4505-951e-6f489d593483,Trevor Ferguson,Trevor,Ferguson,Chambless Global,69a6fcb68d2c56aa82e48aaf,19,75,218,freshman,33,54,63
fadebfcf-c59d-4b23-b678-ee356cdc4295,Riley Bell,Riley,Bell,Chambless Global,69a6fcb68d2c56aa82e48aaf,33,69,168,junior,53,74,55
0b533116-ad1e-4eca-8b83-f4fc08e9ce4a,Travis Schmidt,Travis,Schmidt,Chambless Global,69a6fcb68d2c56aa82e48aaf,4,74,205,sophomore,37,73,57
ca15aac8-915f-4655-b229-5c0647cbfae9,Willie Johnson,Willie,Johnson,Chambless Global,69a6fcb68d2c56aa82e48aaf,54,75,218,junior,47,17,45
1056ceec-7ebf-4dff-823f-c6abe34275fe,Marion Nunez,Marion,Nunez,Chambless Global,69a6fcb68d2c56aa82e48aaf,10,70,189,sophomore,57,25,41
d78cbf59-b62a-489b-a90c-e7a7335c6e67,Wes Hudson,Wes,Hudson,Chambless Global,69a6fcb68d2c56aa82e48aaf,34,70,170,senior,76,82,71
eb1067f9-643c-4306-a2be-a3c149681251,Major Cervantes,Major,Cervantes,Austin West,69a6fcb68d2c56aa82e48ab0,45,69,167,senior,27,44,45
106618db-5578-416c-8b20-972bcc43783b,Trent Dixon,Trent,Dixon,Austin West,69a6fcb68d2c56aa82e48ab0,13,71,181,senior,37,70,53
b127bb19-5653-4376-a132-787d45a9d70f,Calvin Gervais,Calvin,Gervais,Austin West,69a6fcb68d2c56aa82e48ab0,6,68,168,junior,26,16,33
a11665e6-2f46-4258-abfd-05608111d174,Kelvin Frederick,Kelvin,Frederick,Austin West,69a6fcb68d2c56aa82e48ab0,1,77,231,junior,49,40,57
40808a35-e1b5-4a6f-8cdd-e7376baf19ae,Dickie Hall,Dickie,Hall,Austin West,69a6fcb68d2c56aa82e48ab0,11,78,230,junior,34,52,50
606865d9-f5d5-4348-b1a2-1f4f020bdcf1,Ben Reed,Ben,Reed,Austin West,69a6fcb68d2c56aa82e48ab0,9,73,183,freshman,38,16,40
99296f4c-3569-4ca7-8ee4-63f37bbed4d8,Demarcus Cantu,Demarcus,Cantu,Austin West,69a6fcb68d2c56aa82e48ab0,23,70,175,freshman,61,26,60
d8dd02b4-d602-4d89-bc98-8490b6226e9b,Shaun Kim,Shaun,Kim,Austin West,69a6fcb68d2c56aa82e48ab0,35,77,231,freshman,73,48,62
e72886d9-a6f0-47b7-8407-767afaa85754,Victor Deng,Victor,Deng,Austin West,69a6fcb68d2c56aa82e48ab0,43,73,195,sophomore,14,10,47
639037de-940e-40b9-852f-f5558ed3cf51,Robby Hardin,Robby,Hardin,Austin West,69a6fcb68d2c56aa82e48ab0,3,81,245,junior,60,26,60
d03bf27f-3407-4d5a-8f7c-8b76bf91b699,Geovanni Macky,Geovanni,Macky,Austin West,69a6fcb68d2c56aa82e48ab0,12,74,209,junior,35,37,35
4462ceaf-48cd-4f4c-af44-02d75a36d92f,Chadwick Jones,Chadwick,Jones,Austin West,69a6fcb68d2c56aa82e48ab0,21,73,202,senior,63,63,45
3b3264a9-7be9-458e-91f1-557d5763703f,Geoff Wong,Geoff,Wong,Bayou District,69a6fcb68d2c56aa82e48ab1,14,78,227,senior,52,42,61
e1ad5949-9cbb-4464-8eb0-0bdb1d2b1e69,Homer Jackson,Homer,Jackson,Bayou District,69a6fcb68d2c56aa82e48ab1,1,70,179,sophomore,44,29,44
8e1d86d7-d8ff-4e78-b241-73777861fb17,Dougie Neal,Dougie,Neal,Bayou District,69a6fcb68d2c56aa82e48ab1,5,74,195,senior,48,48,61
bbfddbf1-8cca-4198-91f4-10c5c0a9365d,Brooks Sackett,Brooks,Sackett,Bayou District,69a6fcb68d2c56aa82e48ab1,24,74,210,sophomore,85,92,81
9aad2411-ea73-4b42-bcd2-195e164669d0,Layton Bloom,Layton,Bloom,Bayou District,69a6fcb68d2c56aa82e48ab1,4,71,199,senior,35,25,42
18a3a128-c34f-45bb-aebf-90d226094004,Lawerence Tatro,Lawerence,Tatro,Bayou District,69a6fcb68d2c56aa82e48ab1,30,75,211,freshman,36,40,48
6dc60b73-e7b2-4bfb-b60b-6e047fe4a6df,Russ Jackson,Russ,Jackson,Bayou District,69a6fcb68d2c56aa82e48ab1,21,77,223,senior,41,41,60
9bc2ccf7-f384-4350-a79f-654b62554e32,Josh Raye,Josh,Raye,Bayou District,69a6fcb68d2c56aa82e48ab1,16,69,170,junior,25,17,32
7ed10d4a-9416-4bcc-8eb6-476c3d17bc06,James K Bentley,James K,Bentley,Bayou District,69a6fcb68d2c56aa82e48ab1,53,74,214,sophomore,67,92,69
c5e861b8-e766-46cf-93d4-f28151ba8668,Armand Cook,Armand,Cook,Bayou District,69a6fcb68d2c56aa82e48ab1,33,72,195,sophomore,20,26,37
6ea8e22e-3926-408d-adfc-baa28b54f467,Jaylen Holt,Jaylen,Holt,Bayou District,69a6fcb68d2c56aa82e48ab1,19,66,147,senior,34,33,52
dc6277bd-f48c-4453-a2c7-a2f7ddffcac7,Fernando Montoya,Fernando,Montoya,Bayou District,69a6fcb68d2c56aa82e48ab1,13,77,226,senior,32,26,47
17367bfd-dd2b-43fd-bd59-9b103e6c4afe,Bruce Phelps,Bruce,Phelps,Pike's Prep,69a6fcb68d2c56aa82e48ab2,34,76,225,junior,26,92,72
df02d9ac-a1bf-4b13-986d-4ae669992323,Jewell Bond,Jewell,Bond,Pike's Prep,69a6fcb68d2c56aa82e48ab2,10,75,219,junior,5,36,32
dee8eba8-0d22-490b-9f1f-b4965333e30e,Drew Roaches,Drew,Roaches,Pike's Prep,69a6fcb68d2c56aa82e48ab2,14,68,174,senior,15,10,50
b00fd236-4bc1-44f2-afc4-f3c7e28fa316,Marlon Lewis,Marlon,Lewis,Pike's Prep,69a6fcb68d2c56aa82e48ab2,43,76,225,senior,29,59,56
59794f77-5e99-493a-9335-cc5a738dc3f1,Rylan Pagaduan,Rylan,Pagaduan,Pike's Prep,69a6fcb68d2c56aa82e48ab2,0,75,206,senior,38,62,49
f0a59c6e-5169-438a-8338-a7acc74b5442,Everett Vanscoy,Everett,Vanscoy,Pike's Prep,69a6fcb68d2c56aa82e48ab2,22,68,144,senior,15,26,36
d0cb40b6-7af1-46f4-87e2-22a5e4bb21d4,Maddox Helfrich,Maddox,Helfrich,Pike's Prep,69a6fcb68d2c56aa82e48ab2,42,75,223,sophomore,70,54,48
3f0a5134-99fc-428d-b3dc-b82cfb8c5615,Emanuel Paige,Emanuel,Paige,Pike's Prep,69a6fcb68d2c56aa82e48ab2,44,76,238,junior,75,25,70
a925c3e6-3465-4ba9-9748-21410678b5c6,John Spencer,John,Spencer,Pike's Prep,69a6fcb68d2c56aa82e48ab2,19,75,205,freshman,29,21,40
d3d89f8b-7f2e-426a-8081-8a1850da7569,Elias Houston,Elias,Houston,Pike's Prep,69a6fcb68d2c56aa82e48ab2,50,70,168,senior,16,47,40
9cc00814-a9b3-40b2-8525-70666c519380,Jakob Quinn,Jakob,Quinn,Pike's Prep,69a6fcb68d2c56aa82e48ab2,13,78,227,senior,60,75,68
df1982d9-0afb-47f6-a593-5a7a1de30ce6,Vince Chase,Vince,Chase,Pike's Prep,69a6fcb68d2c56aa82e48ab2,51,71,183,junior,49,10,43
8986b278-cbab-4339-89d1-383443224d78,Aditya Hampton,Aditya,Hampton,Desert Regional,69a6fcb68d2c56aa82e48ab3,4,72,184,junior,27,57,48
7c442708-4c9f-4e5e-b498-96ed6a128957,Gilbert Carlson,Gilbert,Carlson,Desert Regional,69a6fcb68d2c56aa82e48ab3,21,68,171,freshman,17,83,64
2fcbd076-3b85-47cc-be56-57f0dd22ebb9,Lawrence Carey,Lawrence,Carey,Desert Regional,69a6fcb68d2c56aa82e48ab3,12,71,182,sophomore,20,48,45
f0c71396-0cf7-4c9c-aecf-40aefb52bde8,Kyan Greene,Kyan,Greene,Desert Regional,69a6fcb68d2c56aa82e48ab3,1,67,161,senior,40,54,55
5afb08d8-4fdc-47e9-8a98-cfe064a74e1d,Camryn Lane,Camryn,Lane,Desert Regional,69a6fcb68d2c56aa82e48ab3,42,72,185,freshman,42,62,54
a1bbc181-8ae6-4a45-be9d-c6c434a38147,Finnegan Cole,Finnegan,Cole,Desert Regional,69a6fcb68d2c56aa82e48ab3,5,69,168,senior,4,9,29
b2c2928a-4083-482a-92ad-000a3b1da644,Casanova Roth,Casanova,Roth,Desert Regional,69a6fcb68d2c56aa82e48ab3,33,67,158,sophomore,33,9,36
d6c45ba6-fa74-4833-9dcc-baa26124d732,Nathen Joyce,Nathen,Joyce,Desert Regional,69a6fcb68d2c56aa82e48ab3,34,78,230,senior,17,39,59
fd4fac6b-4d0f-4842-8655-d9e34ca35db2,Dustin Trial,Dustin,Trial,Desert Regional,69a6fcb68d2c56aa82e48ab3,23,65,150,senior,39,6,36
2d024577-a460-435e-8489-2e74888876b5,Ken Toupin,Ken,Toupin,Desert Regional,69a6fcb68d2c56aa82e48ab3,45,76,214,sophomore,60,40,51
8bc7eb3e-0818-46e5-9326-f53b7148fce5,Enoch Luken,Enoch,Luken,Desert Regional,69a6fcb68d2c56aa82e48ab3,54,71,188,senior,63,41,64
143f7faa-4072-4e9c-9a54-481ff68b90bb,Pedro Jennings,Pedro,Jennings,Desert Regional,69a6fcb68d2c56aa82e48ab3,17,74,203,sophomore,10,26,25
3e494812-86ba-4915-abb8-0d3de14f97fe,Johnnie Myers,Johnnie,Myers,East Rockies,69a6fcb68d2c56aa82e48ab4,19,71,194,senior,33,32,51
f291f455-c87a-4caa-861e-54879e2c3df7,Dave Bigley,Dave,Bigley,East Rockies,69a6fcb68d2c56aa82e48ab4,14,70,171,senior,38,46,42
ba903538-a849-47ba-bf7a-7ef10bbfbb8f,Donovan Mack-Woods,Donovan,Mack-Woods,East Rockies,69a6fcb68d2c56aa82e48ab4,51,72,195,sophomore,13,29,31
806d6d9d-c67d-401f-a2a8-77640f82d413,Jovanni Saunders,Jovanni,Saunders,East Rockies,69a6fcb68d2c56aa82e48ab4,41,78,229,junior,20,30,68
532a3ee8-0bc3-4956-8e5e-724085d2f9ae,Tad Sandoval,Tad,Sandoval,East Rockies,69a6fcb68d2c56aa82e48ab4,32,74,205,senior,48,36,43
3ad25614-74ff-4562-a69a-5f89303cd99d,Russell Andersen,Russell,Andersen,East Rockies,69a6fcb68d2c56aa82e48ab4,13,70,178,senior,7,3,29
2513c25a-de55-4507-a9cd-2360fdf2c833,Harold Durbin,Harold,Durbin,East Rockies,69a6fcb68d2c56aa82e48ab4,17,70,185,senior,17,34,33
3112dabd-4c5a-4fd6-91b2-3e05aad4672f,Conner Murray Jr,Conner,Murray Jr,East Rockies,69a6fcb68d2c56aa82e48ab4,20,71,188,junior,28,36,25
81208473-3ffd-41a2-b7e4-8e6bfa23ed31,Abraham Deleon,Abraham,Deleon,East Rockies,69a6fcb68d2c56aa82e48ab4,52,79,245,sophomore,45,33,40
1e70fee8-89b8-40fd-a1fe-9665e28bafc1,Moses McFarland,Moses,McFarland,East Rockies,69a6fcb68d2c56aa82e48ab4,2,72,185,senior,82,22,74
55514874-6465-4b38-a11a-7e9578d8497e,Ray Palmer,Ray,Palmer,East Rockies,69a6fcb68d2c56aa82e48ab4,9,69,177,freshman,41,11,47
63f9247c-de17-49d6-b820-0db433ac4e85,Waylon Doggett,Waylon,Doggett,East Rockies,69a6fcb68d2c56aa82e48ab4,54,80,244,senior,20,28,35
3f2f8738-c8ab-47cc-be3a-05006d24b377,Irvin Thomas,Irvin,Thomas,Circus Circus,69a6fcb68d2c56aa82e48ab5,25,72,195,junior,37,42,35
ad6b3850-e0a7-4f0b-a172-7281e8eec958,Claud Ryan,Claud,Ryan,Circus Circus,69a6fcb68d2c56aa82e48ab5,40,78,238,freshman,27,52,32
b06d5768-75ec-479b-a781-20906ba3b17c,Jeremy Snow,Jeremy,Snow,Circus Circus,69a6fcb68d2c56aa82e48ab5,10,69,168,junior,9,14,24
3b56da29-3030-411f-b411-384e2614dd29,Theo Solomon,Theo,Solomon,Circus Circus,69a6fcb68d2c56aa82e48ab5,98,81,261,senior,62,92,79
b0d0c6ad-b6b6-406f-b4aa-c63f622e6ed6,Felix Vernon,Felix,Vernon,Circus Circus,69a6fcb68d2c56aa82e48ab5,55,70,164,freshman,6,8,25
81cfdefc-826d-48b1-a8ea-7f5859f7cf82,Kareem Rawles,Kareem,Rawles,Circus Circus,69a6fcb68d2c56aa82e48ab5,8,77,228,freshman,27,54,63
ef3175ad-af59-48ad-a510-2bc13df69941,Zaid Gates,Zaid,Gates,Circus Circus,69a6fcb68d2c56aa82e48ab5,27,79,238,senior,11,17,36
0c0c8824-efac-438d-9869-8365cac458ce,Jeffrey Sheriff,Jeffrey,Sheriff,Circus Circus,69a6fcb68d2c56aa82e48ab5,19,67,164,sophomore,10,27,26
5cbac182-f35b-4228-a9ac-7ed1c5f0d92b,Anthony Swim,Anthony,Swim,Circus Circus,69a6fcb68d2c56aa82e48ab5,33,73,216,sophomore,61,92,81
a6abcbe5-1d8b-449d-a324-fa1eb41ed13d,Jagger Sutton,Jagger,Sutton,Circus Circus,69a6fcb68d2c56aa82e48ab5,14,82,245,senior,17,66,52
c956a54b-e267-44c6-a207-1642644b37ba,Gary Patton,Gary,Patton,Circus Circus,69a6fcb68d2c56aa82e48ab5,12,70,168,sophomore,51,53,44
b0f1fd05-78c7-4dd5-aaff-6f06f78257cb,Hans Hickerson,Hans,Hickerson,Circus Circus,69a6fcb68d2c56aa82e48ab5,9,78,242,senior,37,28,35
d9d72a9d-8143-43cc-a540-2a806751c1f3,Thad Saunders,Thad,Saunders,Tucson,69a6fcb68d2c56aa82e48ab6,6,70,172,senior,24,63,48
754da9f2-a166-4257-9104-08749ff03245,Larry Livingston,Larry,Livingston,Tucson,69a6fcb68d2c56aa82e48ab6,1,76,218,junior,11,52,51
61d2884e-765f-4a7e-8a8b-ef481a1f9270,Gerald Ferriera,Gerald,Ferriera,Tucson,69a6fcb68d2c56aa82e48ab6,25,75,215,freshman,16,61,59
08184290-940e-4c35-9615-f2fb73ebace4,Henry Anthony,Henry,Anthony,Tucson,69a6fcb68d2c56aa82e48ab6,4,68,159,senior,25,24,32
e7ba7c47-1d8a-4bdc-8cd1-0103431ec47e,Jakobe Ortiz,Jakobe,Ortiz,Tucson,69a6fcb68d2c56aa82e48ab6,12,73,204,sophomore,40,76,59
daf7d2ab-ae19-48e4-ad1e-42b4f3e1473a,Wes Brin,Wes,Brin,Tucson,69a6fcb68d2c56aa82e48ab6,23,72,188,senior,45,67,53
293300b7-1983-4e6a-b657-fdd88b4a8756,Chuck Speers,Chuck,Speers,Tucson,69a6fcb68d2c56aa82e48ab6,11,71,188,junior,25,17,55
41609a90-97b5-4477-8b64-f1d2e77c9ab7,Burton Simons,Burton,Simons,Tucson,69a6fcb68d2c56aa82e48ab6,42,78,225,sophomore,63,85,60
36dc50be-8648-4f21-b540-0ee7c3b022d2,Evan O'Neill,Evan,O'Neill,Tucson,69a6fcb68d2c56aa82e48ab6,3,70,167,junior,75,17,51
01c1703a-df54-4a79-a38f-ccc48a2419f2,Marlon Smith,Marlon,Smith,Tucson,69a6fcb68d2c56aa82e48ab6,31,69,172,senior,29,74,68
77ccd064-b578-4ab5-825e-9f35431c878c,Osa Walters,Osa,Walters,Tucson,69a6fcb68d2c56aa82e48ab6,43,83,261,sophomore,48,42,58
10c74d2e-825f-439e-9de1-73173d1efb88,Jameson Arch,Jameson,Arch,Tucson,69a6fcb68d2c56aa82e48ab6,2,67,156,junior,38,17,43
86b84e2a-1384-48d1-838a-e3208d417e96,Sydney Stuart,Sydney,Stuart,Barton Lutheran,69a6fcb68d2c56aa82e48ab7,54,69,176,senior,24,33,49
9b7be6bf-dcdc-4aa5-a706-9f1826b3fa2c,Jermie Boyer,Jermie,Boyer,Barton Lutheran,69a6fcb68d2c56aa82e48ab7,9,70,166,senior,15,34,60
e9712741-012e-453b-93b8-9dcec510060f,Rolando Faircloth,Rolando,Faircloth,Barton Lutheran,69a6fcb68d2c56aa82e48ab7,5,73,192,sophomore,8,11,36
baf97681-8117-400b-8167-fc72367c2f24,Lionel Williams,Lionel,Williams,Barton Lutheran,69a6fcb68d2c56aa82e48ab7,8,74,198,senior,8,4,33
13881467-b3bb-4cd6-a0dd-840f11396b80,Keith Wilson Jr,Keith,Wilson Jr,Barton Lutheran,69a6fcb68d2c56aa82e48ab7,50,86,268,senior,10,11,27
e98068fc-849c-4d29-8c6f-1ef2860f49a3,Phillip McGuire,Phillip,McGuire,Barton Lutheran,69a6fcb68d2c56aa82e48ab7,37,75,205,junior,51,41,61
dacdd0c2-69af-4d28-aa05-28157c8d22b4,Rick James,Rick,James,Barton Lutheran,69a6fcb68d2c56aa82e48ab7,3,76,221,sophomore,52,61,44
e0ad993b-5a58-476b-9052-7ac345bea22f,Tre' Barajas,Tre',Barajas,Barton Lutheran,69a6fcb68d2c56aa82e48ab7,53,74,194,junior,28,28,57
a0e3ad00-7e57-44e5-800b-fe28a0e96bd5,Michael Berner-Banks,Michael,Berner-Banks,Barton Lutheran,69a6fcb68d2c56aa82e48ab7,23,73,200,senior,26,52,42
d4da5fe0-b828-4764-b688-e6d28974a80d,Herbert Smith,Herbert,Smith,Barton Lutheran,69a6fcb68d2c56aa82e48ab7,35,68,171,junior,33,48,47
3edcb616-069e-4c11-be1d-f622d3392d2e,Luke DeLeon,Luke,DeLeon,Barton Lutheran,69a6fcb68d2c56aa82e48ab7,41,73,195,senior,19,20,28
aaa9a2e8-a142-4257-8953-455262554c65,Jose Colligiari,Jose,Colligiari,Barton Lutheran,69a6fcb68d2c56aa82e48ab7,1,78,228,freshman,19,30,34
2267767b-a94a-4c87-b354-ea7d9804810a,Brian Somers,Brian,Somers,Border Academy,69a6fcb68d2c56aa82e48ab8,15,72,181,senior,39,50,53
89bfcd9b-ce41-4fa7-93cf-e10e9e6f50b3,Marco Mines,Marco,Mines,Border Academy,69a6fcb68d2c56aa82e48ab8,5,73,196,senior,36,58,41
ee8d6fc7-0b4e-4601-b98d-e7620a127bc8,Chris Choat,Chris,Choat,Border Academy,69a6fcb68d2c56aa82e48ab8,55,72,183,junior,40,46,34
9d24957c-30a9-4689-9ab7-072809880727,Sean Hooper,Sean,Hooper,Border Academy,69a6fcb68d2c56aa82e48ab8,1,74,210,freshman,69,49,65
d3b2968f-1acf-4586-a17a-d184967001d7,Daniel Hughes,Daniel,Hughes,Border Academy,69a6fcb68d2c56aa82e48ab8,24,74,206,sophomore,49,84,56
4fb1d9c7-de54-438b-90c1-af44cb02254b,Mac O'Donnell,Mac,O'Donnell,Border Academy,69a6fcb68d2c56aa82e48ab8,41,67,151,junior,34,26,40
bb4df27d-ccab-4679-b878-cdf7ac510641,Jamar Wrinkle,Jamar,Wrinkle,Border Academy,69a6fcb68d2c56aa82e48ab8,52,76,212,junior,53,49,52
7f904d63-2389-41e0-935a-54df6ae7c7b4,Harley Cole,Harley,Cole,Border Academy,69a6fcb68d2c56aa82e48ab8,12,70,185,senior,41,37,47
48a61522-faed-4dbf-94f5-68c957e9b1e4,Landon Alvarado,Landon,Alvarado,Border Academy,69a6fcb68d2c56aa82e48ab8,17,72,192,sophomore,44,50,40
c1693d0e-0592-48bc-9200-65112444f45e,Adrian Beltran,Adrian,Beltran,Border Academy,69a6fcb68d2c56aa82e48ab8,13,67,164,sophomore,17,13,34
3dd6a28b-a4ac-4226-b8b6-961c054dfc42,Slade Yepez,Slade,Yepez,Border Academy,69a6fcb68d2c56aa82e48ab8,54,70,177,senior,30,22,36
e8ff4836-315c-48b5-bcac-2ae315354cd5,Jessie Charles,Jessie,Charles,Border Academy,69a6fcb68d2c56aa82e48ab8,23,74,198,senior,20,37,41
e9d50386-2fe8-42ec-aa66-562ff4426ab3,Stan Rayburn,Stan,Rayburn,Southwest Miner,69a6fcb68d2c56aa82e48ab9,22,71,191,senior,77,48,60
5599c829-823a-4eff-b5fb-9db1b87eb752,Savion Wilson,Savion,Wilson,Southwest Miner,69a6fcb68d2c56aa82e48ab9,31,77,220,sophomore,63,11,50
e097a59c-b8d6-43f6-b7d0-109415725507,Todd McCann,Todd,McCann,Southwest Miner,69a6fcb68d2c56aa82e48ab9,4,76,219,junior,40,14,42
7f3217d3-ff19-416c-bd53-e5315ccf95bc,Jarred Collinson,Jarred,Collinson,Southwest Miner,69a6fcb68d2c56aa82e48ab9,17,68,172,senior,47,26,42
038c92db-62f5-436e-9b8a-4a7ed165c87b,Dante Reese,Dante,Reese,Southwest Miner,69a6fcb68d2c56aa82e48ab9,5,69,174,freshman,20,15,35
8726aad6-0da6-4baf-ad79-26cf02612fe3,Norbert Othello,Norbert,Othello,Southwest Miner,69a6fcb68d2c56aa82e48ab9,3,69,177,freshman,17,40,39
301c9232-4787-4c28-a146-3bfa81d69701,Conrad Ball,Conrad,Ball,Southwest Miner,69a6fcb68d2c56aa82e48ab9,10,73,209,freshman,39,40,49
40479f68-8a0d-4675-b9ec-ff50e770f9a5,Jeremiah Love,Jeremiah,Love,Southwest Miner,69a6fcb68d2c56aa82e48ab9,14,76,212,freshman,26,32,27
22e3279d-e73c-45e4-912c-87aa98490425,Zander Heldt,Zander,Heldt,Southwest Miner,69a6fcb68d2c56aa82e48ab9,16,78,240,freshman,48,39,41
f644ce2a-9199-4895-b4e7-8222754ce0a8,Richard Bates,Richard,Bates,Southwest Miner,69a6fcb68d2c56aa82e48ab9,25,70,176,senior,22,10,35
1adbd6ac-82ad-48e9-8826-a5a5c5551380,Orville Harrison,Orville,Harrison,Southwest Miner,69a6fcb68d2c56aa82e48ab9,35,76,218,junior,78,80,70
0c451685-b19b-444b-a755-7535086b7147,Quinten Worthington,Quinten,Worthington,Southwest Miner,69a6fcb68d2c56aa82e48ab9,44,71,176,junior,33,36,52
ded02e85-795b-4ece-a023-6cb228ba8b42,Franklin Parker,Franklin,Parker,Rainier Central,69a6fcb68d2c56aa82e48aba,7,68,177,junior,17,11,29
123e5a6a-82da-4ca7-adda-1d26f408afe5,Misael Miller,Misael,Miller,Rainier Central,69a6fcb68d2c56aa82e48aba,35,70,176,senior,11,8,24
32d69443-4c07-4cb3-b02c-7bfc0acc4d45,Samuel Bold,Samuel,Bold,Rainier Central,69a6fcb68d2c56aa82e48aba,2,73,205,sophomore,70,24,56
298060a2-6d18-40a1-9ade-804c216d9812,Digambe Amabe,Digambe,Amabe,Rainier Central,69a6fcb68d2c56aa82e48aba,32,71,173,freshman,28,82,63
15b2e688-c582-4a4a-9b79-018a598f9196,Trent Hobgood,Trent,Hobgood,Rainier Central,69a6fcb68d2c56aa82e48aba,21,69,166,freshman,23,86,73
037a4cf0-f048-449a-8cb9-1ef613fb4d04,Ellis Lee,Ellis,Lee,Rainier Central,69a6fcb68d2c56aa82e48aba,14,73,209,junior,52,41,46
3e3e978c-0235-47dc-a097-c9bddc6ffb31,Valentine Cowden,Valentine,Cowden,Rainier Central,69a6fcb68d2c56aa82e48aba,3,70,174,sophomore,39,48,41
cf836cd6-34c4-4b29-b8b6-44d98451a823,Nickolas Beckworth,Nickolas,Beckworth,Rainier Central,69a6fcb68d2c56aa82e48aba,42,68,158,junior,52,80,55
6278e4be-b90d-4319-9805-b5a201ed1600,Donald Parker,Donald,Parker,Rainier Central,69a6fcb68d2c56aa82e48aba,15,74,187,senior,26,5,35
ea5eac7c-35c2-4b3d-9faf-b02e67280aa9,Bentley Boyd,Bentley,Boyd,Rainier Central,69a6fcb68d2c56aa82e48aba,8,70,171,junior,65,84,83
f5765560-5665-4798-867c-8475dd48eccb,Tariq Kesner,Tariq,Kesner,Rainier Central,69a6fcb68d2c56aa82e48aba,30,82,249,senior,74,74,71
ca73d2ae-c65a-4157-a930-b9be33501cd3,Shawn Marcos,Shawn,Marcos,Rainier Central,69a6fcb68d2c56aa82e48aba,25,79,253,senior,11,48,52
2fd6e758-a749-4b80-8626-5f37a95e5e6f,Milton Wheeless,Milton,Wheeless,Salem,69a6fcb68d2c56aa82e48abb,8,72,196,freshman,27,16,47
576dee59-7341-42a6-b69c-411c420ecb2e,Jarrett Mercado,Jarrett,Mercado,Salem,69a6fcb68d2c56aa82e48abb,16,71,176,sophomore,27,28,37
3973553a-52f6-4dff-9a50-bfa9c9fcbc24,Landon Channing,Landon,Channing,Salem,69a6fcb68d2c56aa82e48abb,21,71,171,freshman,42,47,40
e674ec2b-ada7-4da1-acab-76daa92cde16,Rishi Dorsey,Rishi,Dorsey,Salem,69a6fcb68d2c56aa82e48abb,9,72,189,senior,30,65,48
97f32eb8-2723-4ce0-a57e-462b3d629995,Charles Tapscott,Charles,Tapscott,Salem,69a6fcb68d2c56aa82e48abb,41,71,182,sophomore,51,47,44
206fded7-c698-4fa5-b32d-edd1b314ab24,Nico Camacho,Nico,Camacho,Salem,69a6fcb68d2c56aa82e48abb,10,71,190,junior,9,4,31
50480f78-1e5f-4efa-a294-2a0eec0e6f5a,Gerald Zambia,Gerald,Zambia,Salem,69a6fcb68d2c56aa82e48abb,2,70,179,junior,36,25,42
e3ebd2a3-561d-4bd3-b80b-9da1084e62ee,Shooter Fitzgerald,Shooter,Fitzgerald,Salem,69a6fcb68d2c56aa82e48abb,3,71,188,freshman,33,25,40
ebf4c37c-19c4-4d23-89d1-bbc9d2445fca,Todd Gallegos,Todd,Gallegos,Salem,69a6fcb68d2c56aa82e48abb,52,79,236,freshman,34,33,48
075cc917-03b5-4b5a-9575-b5feb5e5ab50,Clint Tran,Clint,Tran,Salem,69a6fcb68d2c56aa82e48abb,25,71,185,sophomore,48,17,42
e9e0ed1e-13ee-48ee-99b9-06c5b950e2c2,Sahir Salas,Sahir,Salas,Salem,69a6fcb68d2c56aa82e48abb,55,68,157,freshman,37,38,45
fb0da886-9c16-41ac-8fd7-dfc8db856e5b,Levi Hardge,Levi,Hardge,Salem,69a6fcb68d2c56aa82e48abb,51,69,165,senior,78,40,66
e3cb8ee7-adb1-492d-a99e-ce502b40f954,Juan Davila,Juan,Davila,Swoosh,69a6fcb68d2c56aa82e48abc,7,78,226,junior,14,50,48
89a38d07-ec3b-4d02-aaf9-eee660ca674a,Johnie Freeman,Johnie,Freeman,Swoosh,69a6fcb68d2c56aa82e48abc,19,69,176,senior,58,44,70
7f69e882-167e-4a1f-b552-209a6a61ff2f,Jack Wall,Jack,Wall,Swoosh,69a6fcb68d2c56aa82e48abc,35,72,186,sophomore,74,19,60
978b3143-af58-42e4-a013-24ea1f6e3b85,Giovani Stevenson,Giovani,Stevenson,Swoosh,69a6fcb68d2c56aa82e48abc,45,80,237,sophomore,77,69,69
14e942f3-4cb6-4be7-a092-a4179602ae4c,Sidney Jones,Sidney,Jones,Swoosh,69a6fcb68d2c56aa82e48abc,59,81,246,senior,84,92,81
d3eff80b-5fe3-418a-a584-6969931f1293,Greg Fox-Dodson,Greg,Fox-Dodson,Swoosh,69a6fcb68d2c56aa82e48abc,41,67,154,junior,1,4,42
0e43191c-a645-40d8-8a01-305ea7ec11f5,Razor McIntyre,Razor,McIntyre,Swoosh,69a6fcb68d2c56aa82e48abc,5,76,208,freshman,63,57,58
7ecc8d6c-6071-4516-a2aa-272609a5c711,Kolten Wood,Kolten,Wood,Swoosh,69a6fcb68d2c56aa82e48abc,1,84,272,senior,30,67,81
4a35d35f-43e0-4c55-a92a-29b2ffd49edd,Calvin Guiney,Calvin,Guiney,Swoosh,69a6fcb68d2c56aa82e48abc,30,76,221,senior,37,54,54
6346c5fe-e26e-44fe-91cc-c25be2b22ced,Jett Scheller,Jett,Scheller,Swoosh,69a6fcb68d2c56aa82e48abc,4,74,204,sophomore,17,22,36
620c4d04-fa1c-4078-8c2a-9f62be90c8db,Robbie Byrd-Moxie,Robbie,Byrd-Moxie,Swoosh,69a6fcb68d2c56aa82e48abc,50,77,232,senior,44,50,50
77972c97-6666-4fc0-8d72-0ceb33297bf5,Jordyn Mathers,Jordyn,Mathers,Swoosh,69a6fcb68d2c56aa82e48abc,44,74,211,junior,92,85,82
9ac85097-f14f-48e8-91dd-27791c7b487e,Wilber Mullen,Wilber,Mullen,Seattle AAA,69a6fcb68d2c56aa82e48abd,15,73,197,senior,49,17,33
d01ca759-1547-49f8-ab51-b44d724d5517,Arnulfo Todd,Arnulfo,Todd,Seattle AAA,69a6fcb68d2c56aa82e48abd,14,70,186,sophomore,54,58,43
3e81ad49-cb4c-4591-b8a7-10182d5b6b78,Chris Poppe,Chris,Poppe,Seattle AAA,69a6fcb68d2c56aa82e48abd,50,68,168,freshman,14,7,23
0507112c-420a-4687-b4c8-df5e6bf8902e,George Green,George,Green,Seattle AAA,69a6fcb68d2c56aa82e48abd,2,69,168,senior,52,13,48
aa850724-0cfc-46bf-942c-145f6427d31f,Chubby Karnes,Chubby,Karnes,Seattle AAA,69a6fcb68d2c56aa82e48abd,12,70,174,freshman,28,52,45
75f23a71-5eca-4e8c-84af-e51c2fe9a055,Leo Gilmore,Leo,Gilmore,Seattle AAA,69a6fcb68d2c56aa82e48abd,45,66,159,senior,44,15,56
4a2a61ba-71b6-4dee-abb2-97cb36ef6579,Sir Olsen,Sir,Olsen,Seattle AAA,69a6fcb68d2c56aa82e48abd,40,75,215,senior,11,20,31
13f5506a-adb4-4155-b782-257295476b8e,Francois St James,Francois,St James,Seattle AAA,69a6fcb68d2c56aa82e48abd,3,72,189,senior,26,70,63
63165488-66b2-4f90-baec-955ed74bced9,Anthony Avila,Anthony,Avila,Seattle AAA,69a6fcb68d2c56aa82e48abd,19,74,206,senior,48,26,51
748ef609-81b0-4cb5-8242-d63b21bf72d7,Slade Bolton,Slade,Bolton,Seattle AAA,69a6fcb68d2c56aa82e48abd,43,71,183,freshman,33,53,43
1ab6e08b-3e85-44ef-9df6-eacd4c846047,Emile Gregory,Emile,Gregory,Seattle AAA,69a6fcb68d2c56aa82e48abd,30,77,228,freshman,21,44,58
091c904a-d1b1-4664-b06a-942207001e8e,DD Forshee,DD,Forshee,Seattle AAA,69a6fcb68d2c56aa82e48abd,20,76,229,freshman,15,65,47
e2bc725a-a0a0-43aa-acd2-d089e684b337,Jerald Ros,Jerald,Ros,Vancouver,69a6fcb68d2c56aa82e48abe,21,69,172,sophomore,65,36,58
bcee36ff-29ab-4716-aff6-df47fec27f52,Patrick Gatton,Patrick,Gatton,Vancouver,69a6fcb68d2c56aa82e48abe,13,81,238,senior,80,25,63
891ee5a7-46f5-446b-bc4e-5118740ffcfc,Mervin Dalrymple,Mervin,Dalrymple,Vancouver,69a6fcb68d2c56aa82e48abe,6,69,178,senior,28,17,55
40a48107-5473-4d28-a8cd-9446f4e17b28,Danny Banks,Danny,Banks,Vancouver,69a6fcb68d2c56aa82e48abe,7,76,216,junior,22,52,56
397384e6-a981-42ca-993b-1ddacd1b8bdd,Konnor Wyant,Konnor,Wyant,Vancouver,69a6fcb68d2c56aa82e48abe,42,70,183,senior,8,11,37
bc95ada3-3b0e-4466-9adc-b6051bafd9bb,Leonard Hayes,Leonard,Hayes,Vancouver,69a6fcb68d2c56aa82e48abe,31,77,229,junior,39,27,56
d6387418-de3a-4141-b9e4-01e06e48bc61,Skyler Pilson,Skyler,Pilson,Vancouver,69a6fcb68d2c56aa82e48abe,2,79,257,sophomore,48,50,56
f4e4e6c1-1f21-48d7-a54b-7be75486b4b2,Davis Criado,Davis,Criado,Vancouver,69a6fcb68d2c56aa82e48abe,17,68,156,freshman,35,63,42
76e1a4d7-b6ff-4b10-8d1d-d843d8e9035b,Geoffrey Ward,Geoffrey,Ward,Vancouver,69a6fcb68d2c56aa82e48abe,55,70,169,junior,34,69,67
1bbaf414-e08b-487a-99ca-52da7867a501,Grant Costa,Grant,Costa,Vancouver,69a6fcb68d2c56aa82e48abe,24,70,172,senior,24,26,33
a420cc25-4065-41e6-9966-a851e126bf44,Paul Flores,Paul,Flores,Vancouver,69a6fcb68d2c56aa82e48abe,30,75,210,sophomore,47,42,53
5eb56a61-e2f2-4a35-aef0-a6b5feee06fd,Cameron Yan,Cameron,Yan,Vancouver,69a6fcb68d2c56aa82e48abe,20,70,179,senior,40,44,37
d6fcf3cd-842c-4a56-a61c-7ea98559bd12,Caiden Brown,Caiden,Brown,Cardinal Conor,69a6fcb68d2c56aa82e48abf,6,73,187,senior,72,78,69
920d57e3-fd2e-46ed-8f9c-a14a3ff3cd6f,Rick Blankenship,Rick,Blankenship,Cardinal Conor,69a6fcb68d2c56aa82e48abf,21,74,197,freshman,83,23,59
2270dfde-ec51-46c8-9b3a-62ec19159593,Marc Jamison,Marc,Jamison,Cardinal Conor,69a6fcb68d2c56aa82e48abf,22,69,172,junior,29,21,36
285e9f82-2fa0-4a79-8596-93d2bc54b1c0,Galen Gafford,Galen,Gafford,Cardinal Conor,69a6fcb68d2c56aa82e48abf,30,69,165,freshman,40,58,42
dc438018-64d3-4016-8cdb-6213812f1ca3,Elijah House,Elijah,House,Cardinal Conor,69a6fcb68d2c56aa82e48abf,24,73,211,senior,47,17,46
d2625eb5-9cac-4563-82b8-aee65a567f4c,Coleman Watson,Coleman,Watson,Cardinal Conor,69a6fcb68d2c56aa82e48abf,43,72,200,junior,29,29,34
de0967f4-07fc-4a16-a430-9ad641d43674,Cannon Moles,Cannon,Moles,Cardinal Conor,69a6fcb68d2c56aa82e48abf,34,71,186,sophomore,23,15,32
9edfa257-4dad-4db8-99ff-16fca2ecdaf1,Lennon Foster,Lennon,Foster,Cardinal Conor,69a6fcb68d2c56aa82e48abf,14,71,193,freshman,57,80,62
20a33b17-7b14-4671-86d7-a82e86c41af2,Dane Danks,Dane,Danks,Cardinal Conor,69a6fcb68d2c56aa82e48abf,7,79,241,junior,44,52,47
15465799-5f5c-4ec7-b340-9e32805db863,Byron Harris,Byron,Harris,Cardinal Conor,69a6fcb68d2c56aa82e48abf,1,72,183,junior,28,16,29
ea22f349-8cf9-4716-aa3c-98ef6f401853,AB Patrick,AB,Patrick,Cardinal Conor,69a6fcb68d2c56aa82e48abf,5,69,168,senior,75,42,51
82eea309-c0da-47dd-9d24-beffb3513edf,Tim Nunez,Tim,Nunez,Cardinal Conor,69a6fcb68d2c56aa82e48abf,52,73,199,junior,17,30,27
fbc967a9-8cb2-4165-988c-815f63d4be91,Ronnie Keller,Ronnie,Keller,Couer d'Alene,69a6fcb68d2c56aa82e48ac0,19,67,156,sophomore,48,33,31
661cf1c4-2b56-41a8-83e9-1612708e6b89,Pierce Bowman,Pierce,Bowman,Couer d'Alene,69a6fcb68d2c56aa82e48ac0,13,75,209,freshman,40,27,44
fd9f67ff-ac2b-4433-a29e-26112a3270fe,Terrell Brown,Terrell,Brown,Couer d'Alene,69a6fcb68d2c56aa82e48ac0,10,70,167,senior,33,23,34
2a04bee3-0727-4ee4-b24d-41b9a0bd588e,Courtney Hoover,Courtney,Hoover,Couer d'Alene,69a6fcb68d2c56aa82e48ac0,23,74,217,junior,17,17,36
85c76d7a-150d-41cb-b5a0-ce1104508179,Andrew Adkins,Andrew,Adkins,Couer d'Alene,69a6fcb68d2c56aa82e48ac0,8,76,206,sophomore,64,70,62
75d1be61-95de-4e08-b336-5ac4643c9c55,Rey Hoffman,Rey,Hoffman,Couer d'Alene,69a6fcb68d2c56aa82e48ac0,24,72,191,junior,84,14,65
4cd4b495-04eb-4bec-beba-37e27a67d2a0,Camryn Laux,Camryn,Laux,Couer d'Alene,69a6fcb68d2c56aa82e48ac0,41,68,164,senior,8,2,22
7da4e1db-6ae2-46b8-89ee-a4bdce9348a8,Caleb McNeil,Caleb,McNeil,Couer d'Alene,69a6fcb68d2c56aa82e48ac0,51,79,239,sophomore,30,59,52
4b65a778-4ffa-4300-a0f0-29595e37304b,Marquise Chasteen,Marquise,Chasteen,Couer d'Alene,69a6fcb68d2c56aa82e48ac0,4,66,166,senior,73,49,64
3c681acd-ba5a-44c1-8f4c-5b1fc67d91bc,Zach Moreno,Zach,Moreno,Couer d'Alene,69a6fcb68d2c56aa82e48ac0,12,77,229,freshman,20,48,53
61ef4639-c382-4cc8-a590-7bea8dcc2e64,Porfirio Kraker,Porfirio,Kraker,Couer d'Alene,69a6fcb68d2c56aa82e48ac0,49,77,232,senior,58,67,49
83e20d91-174c-4e64-acc4-629412d21c7e,Ezequiel Haney,Ezequiel,Haney,Couer d'Alene,69a6fcb68d2c56aa82e48ac0,11,69,176,senior,37,35,51
8975242c-da4b-47c4-be9a-7a2fe4865266,Neal Best,Neal,Best,Boise,69a6fcb68d2c56aa82e48ac1,7,73,200,senior,59,26,63
84f6512c-0c0c-4014-9e8f-7e7149225738,Preston Autry,Preston,Autry,Boise,69a6fcb68d2c56aa82e48ac1,16,72,193,junior,16,14,37
eddac6ad-6f54-416b-90c8-98fe4de7bb61,Garrison Hayes,Garrison,Hayes,Boise,69a6fcb68d2c56aa82e48ac1,23,72,198,senior,50,48,45
8030b8ce-2854-45f3-adce-c4cd2a3e5925,Yusuf McConnell,Yusuf,McConnell,Boise,69a6fcb68d2c56aa82e48ac1,12,74,195,sophomore,36,62,56
59a65bbe-2fc1-44b0-851c-015045f62d54,Elias Barrera,Elias,Barrera,Boise,69a6fcb68d2c56aa82e48ac1,20,69,179,sophomore,6,26,30
da6d37e5-4a86-4a8c-9499-10d3711bd15c,Terrance Esparza,Terrance,Esparza,Boise,69a6fcb68d2c56aa82e48ac1,41,75,211,junior,32,53,54
f31b6db5-ce8f-4906-b761-49183e9e163b,Alex Yearsley,Alex,Yearsley,Boise,69a6fcb68d2c56aa82e48ac1,52,68,171,freshman,40,35,37
70e73349-0fd4-4b99-8bf8-25acd8601ae2,Jay Taylor,Jay,Taylor,Boise,69a6fcb68d2c56aa82e48ac1,44,71,176,sophomore,55,50,60
da86bfae-0fbe-48a1-bcfa-40c83f8814ef,Talanoa Moloha,Talanoa,Moloha,Boise,69a6fcb68d2c56aa82e48ac1,17,77,236,freshman,58,71,64
8eb89963-1c10-4910-a9de-556d3a18a3a9,Alvin Ellis,Alvin,Ellis,Boise,69a6fcb68d2c56aa82e48ac1,1,70,170,senior,27,42,73
7ba2ea50-f04f-4c46-a548-98ddafff6d2f,Ricky Reyes,Ricky,Reyes,Boise,69a6fcb68d2c56aa82e48ac1,43,75,217,senior,50,53,50
2254dae6-2b72-474d-810e-66c7187a72b7,Cyrus Stout,Cyrus,Stout,Boise,69a6fcb68d2c56aa82e48ac1,14,76,228,junior,26,39,44
4d85390d-5269-4147-85f3-018861c85c63,Trent Michaels-Parks,Trent,Michaels-Parks,Valley High,69a6fcb68d2c56aa82e48ac2,51,71,173,senior,11,13,45
ff6a03ae-80fa-4672-b19c-3668f5e71ed9,Derrick Judon,Derrick,Judon,Valley High,69a6fcb68d2c56aa82e48ac2,42,76,205,sophomore,58,11,54
0d366b21-7ec0-4b8f-8847-ab39afb3c7c2,Seamus Toms,Seamus,Toms,Valley High,69a6fcb68d2c56aa82e48ac2,35,75,215,junior,47,35,50
686eb183-24c6-48aa-9daf-f0b1c1cf725a,Vern Kurz,Vern,Kurz,Valley High,69a6fcb68d2c56aa82e48ac2,13,69,170,junior,76,6,48
da708bd0-a0de-44e0-bc84-5aac81d25c99,Benny Stevens III,Benny,Stevens III,Valley High,69a6fcb68d2c56aa82e48ac2,3,73,209,senior,37,40,48
aa67eef2-0330-4adf-b8e9-bb933313d381,Robby Valenzuela,Robby,Valenzuela,Valley High,69a6fcb68d2c56aa82e48ac2,12,71,195,senior,10,16,30
961c3d9f-d60d-4864-bdaf-2a311dd8cab4,Donte Ballard,Donte,Ballard,Valley High,69a6fcb68d2c56aa82e48ac2,7,71,191,freshman,49,19,49
bed3ead9-8e0e-48df-a74b-87a742330ae0,Bert Miller,Bert,Miller,Valley High,69a6fcb68d2c56aa82e48ac2,1,71,186,junior,17,8,42
a5d1afb9-58b6-440f-9b6b-8843e5536ff0,Norbert Hash,Norbert,Hash,Valley High,69a6fcb68d2c56aa82e48ac2,25,72,187,senior,64,38,67
f7f8fa1f-54f2-4861-ae1a-488bd2e0af06,James Bryan,James,Bryan,Valley High,69a6fcb68d2c56aa82e48ac2,30,70,176,sophomore,47,51,49
2826a098-6783-40e6-8eab-917397c054de,Robert Schaefer,Robert,Schaefer,Valley High,69a6fcb68d2c56aa82e48ac2,15,68,161,junior,28,17,42
cd217a3a-9c30-420a-ad2d-45821d2b7608,Pranav Sullivan,Pranav,Sullivan,Valley High,69a6fcb68d2c56aa82e48ac2,54,68,158,sophomore,26,39,28
aef97a8b-6bdd-4fe0-9dfa-d95b00742ca0,Fritz Korte,Fritz,Korte,San Jose,69a6fcb68d2c56aa82e48ac3,22,69,173,junior,29,11,44
6191d40d-5a46-4b27-94a8-5d79e4f595d5,Derek Simpler,Derek,Simpler,San Jose,69a6fcb68d2c56aa82e48ac3,55,74,195,senior,9,44,32
59526d19-4603-4ee6-aee6-ebcc7b95ea65,Lavern Good,Lavern,Good,San Jose,69a6fcb68d2c56aa82e48ac3,1,75,214,junior,49,22,39
2dc626d7-b7f2-4717-bb91-b9772756ec90,Marcelino Delorme,Marcelino,Delorme,San Jose,69a6fcb68d2c56aa82e48ac3,35,79,232,senior,62,85,65
4593fd49-a756-4c27-88e4-e4b02c0e4baf,Nicholas Maxwell,Nicholas,Maxwell,San Jose,69a6fcb68d2c56aa82e48ac3,33,75,205,junior,3,37,41
7f68cbba-ded2-4aca-a8bd-c15f79d21403,Ronnie Villanueva,Ronnie,Villanueva,San Jose,69a6fcb68d2c56aa82e48ac3,9,66,142,senior,10,12,12
ce6fa5ce-5c4b-494f-839b-d0a7b2d3a615,Draven Rosario,Draven,Rosario,San Jose,69a6fcb68d2c56aa82e48ac3,4,69,166,senior,12,13,35
3ef82339-a4b6-4b2f-b3ab-46f20e6f070d,Maurice Price,Maurice,Price,San Jose,69a6fcb68d2c56aa82e48ac3,30,76,219,sophomore,23,51,47
5995eaac-218a-4259-98dc-a11d3e00268d,Vance Blake-Williams,Vance,Blake-Williams,San Jose,69a6fcb68d2c56aa82e48ac3,33,73,209,sophomore,77,61,78
e1ad5386-c31d-4222-b233-19ce51507f84,Jaeden Gathings,Jaeden,Gathings,San Jose,69a6fcb68d2c56aa82e48ac3,25,67,167,sophomore,52,48,37
1b0e8c7a-68a1-448c-a104-4fd967332eaa,Evan Archer,Evan,Archer,San Jose,69a6fcb68d2c56aa82e48ac3,7,71,171,sophomore,26,54,68
393dc814-b2b7-4a3d-b55b-4f833bf7f681,Mateo Montgomery,Mateo,Montgomery,San Jose,69a6fcb68d2c56aa82e48ac3,23,85,263,senior,78,80,79
64bcb85e-a06f-44a0-83f2-856e485a8d8d,Mark Bermejo,Mark,Bermejo,Rancho Estrada,69a6fcb68d2c56aa82e48ac4,3,76,210,senior,17,26,34
ca035278-0be0-4f33-be3e-20465debe5e6,Frederick Cowan,Frederick,Cowan,Rancho Estrada,69a6fcb68d2c56aa82e48ac4,32,73,198,senior,1,1,27
70a3ad36-7806-4741-a3bf-ebcad2fa7a90,Micah Floor,Micah,Floor,Rancho Estrada,69a6fcb68d2c56aa82e48ac4,53,80,244,freshman,23,17,30
f4e4199d-ad21-42ac-90dc-8881d6cd8259,Travis McKay,Travis,McKay,Rancho Estrada,69a6fcb68d2c56aa82e48ac4,22,69,165,junior,6,8,24
18fde5d5-9f09-4623-83ab-23c6f0271a7e,Gunner Ellis,Gunner,Ellis,Rancho Estrada,69a6fcb68d2c56aa82e48ac4,19,72,190,junior,19,17,20
b1f4bdcb-a0d1-457d-b16a-79bb1af44905,Orlando Arnott,Orlando,Arnott,Rancho Estrada,69a6fcb68d2c56aa82e48ac4,12,72,191,senior,34,7,29
ecbaf1ab-fd54-4db3-b74b-a1f606214acc,DeAngelo Osgood,DeAngelo,Osgood,Rancho Estrada,69a6fcb68d2c56aa82e48ac4,36,74,198,junior,64,13,73
00d8f8f4-a2f4-47c2-9efd-abacdb45b55e,Jeromy Altar,Jeromy,Altar,Rancho Estrada,69a6fcb68d2c56aa82e48ac4,34,69,160,junior,29,17,33
e06bdad9-e0b4-4951-8d59-b30b0884ff9a,Aaron Vasquez,Aaron,Vasquez,Rancho Estrada,69a6fcb68d2c56aa82e48ac4,11,77,226,senior,20,64,44
c60e817d-5762-48e6-9969-925dcd51a6f6,Maximillian Santego,Maximillian,Santego,Rancho Estrada,69a6fcb68d2c56aa82e48ac4,33,75,219,senior,40,11,36
4fae2d0c-8025-465d-b9e7-1d02d38f6bc6,Garry Griffin,Garry,Griffin,Rancho Estrada,69a6fcb68d2c56aa82e48ac4,10,79,239,freshman,40,92,79
94a4fbf1-d89f-4aaf-b684-fb1fa84191e1,Dave Thomas,Dave,Thomas,Rancho Estrada,69a6fcb68d2c56aa82e48ac4,23,68,157,junior,20,40,28
5f26f19d-2bec-4c8b-bfc0-87686e131860,Christain Doner,Christain,Doner,Berkley,69a6fcb68d2c56aa82e48ac5,2,70,182,sophomore,29,11,30
19158765-c978-4a22-b218-c7c8b674e632,Elijah McMichael,Elijah,McMichael,Berkley,69a6fcb68d2c56aa82e48ac5,19,73,197,junior,60,62,52
b293dfbc-bb70-42bf-9b2c-9d5da0395565,Harry Kellerhouse,Harry,Kellerhouse,Berkley,69a6fcb68d2c56aa82e48ac5,21,77,231,freshman,23,48,68
070a90e3-6c20-4794-949d-35a0ad39eb12,Roberto Lambert,Roberto,Lambert,Berkley,69a6fcb68d2c56aa82e48ac5,23,75,214,sophomore,33,46,42
6538bd49-21a3-444d-a407-57acdafa71e7,Earnest Schroeder,Earnest,Schroeder,Berkley,69a6fcb68d2c56aa82e48ac5,10,75,205,senior,41,54,62
8a2b7e70-6b1a-42ba-bad7-aac176278b49,Kaeden Lounsbury,Kaeden,Lounsbury,Berkley,69a6fcb68d2c56aa82e48ac5,35,82,253,senior,59,16,52
8b8a9357-66cd-4936-a381-22e61983d45f,Isaias Lewis,Isaias,Lewis,Berkley,69a6fcb68d2c56aa82e48ac5,24,73,195,senior,15,4,24
b621b484-b229-4364-8cdc-fb97ebef7cd4,Jamie Wiggins,Jamie,Wiggins,Berkley,69a6fcb68d2c56aa82e48ac5,13,72,183,freshman,22,17,30
d5442a8a-da31-472f-b5df-a52b86e3c324,Easton Melendez,Easton,Melendez,Berkley,69a6fcb68d2c56aa82e48ac5,22,70,179,junior,48,14,56
fc0120d8-97cf-49ce-b569-4069df0bc810,Vance Miller,Vance,Miller,Berkley,69a6fcb68d2c56aa82e48ac5,4,75,216,senior,30,14,29
d5755be9-b990-45ce-936b-2db9ffb8aeae,Kenton Breech,Kenton,Breech,Berkley,69a6fcb68d2c56aa82e48ac5,5,77,229,senior,52,14,71
15ee155b-87d1-47b7-8691-2f2c033da8d2,Glenn Harris,Glenn,Harris,Berkley,69a6fcb68d2c56aa82e48ac5,11,72,191,junior,76,48,70
3436f916-7c26-4c5e-b37b-143ea4e6f0ff,Mikey Roswell,Mikey,Roswell,Hollywood Prep,69a6fcb68d2c56aa82e48ac6,1,77,226,sophomore,17,32,32
6a1180f3-8f1c-420a-b50f-9cd07b498a31,Don Lutz,Don,Lutz,Hollywood Prep,69a6fcb68d2c56aa82e48ac6,20,68,163,junior,9,41,26
bb5d942d-9e00-4910-873c-683dcad21682,Hipolito Phinney,Hipolito,Phinney,Hollywood Prep,69a6fcb68d2c56aa82e48ac6,33,72,185,senior,22,17,43
00209893-0ce9-4f9f-afeb-ef73434b979e,Jarod Larsen,Jarod,Larsen,Hollywood Prep,69a6fcb68d2c56aa82e48ac6,23,71,180,junior,14,4,24
90fe89e2-d2f9-43a1-a7c3-0f45b20882e9,Lance Michelson,Lance,Michelson,Hollywood Prep,69a6fcb68d2c56aa82e48ac6,4,71,189,junior,63,57,81
79f9d3d8-abc6-4448-aa97-b8d3c51df730,Grady Bonilla,Grady,Bonilla,Hollywood Prep,69a6fcb68d2c56aa82e48ac6,54,72,186,freshman,42,61,53
4d3e7937-ee3e-492b-be79-574936b7d34a,Cary Davis,Cary,Davis,Hollywood Prep,69a6fcb68d2c56aa82e48ac6,35,75,211,junior,11,23,27
8efc580b-f4ed-4fe1-94ba-af17ead81a37,Ernest Ordaz,Ernest,Ordaz,Hollywood Prep,69a6fcb68d2c56aa82e48ac6,9,68,147,junior,10,7,41
0f8a3f5d-cfbd-486f-8b5f-f1b61ecaf1e6,Koen Pugh,Koen,Pugh,Hollywood Prep,69a6fcb68d2c56aa82e48ac6,26,70,179,sophomore,62,58,67
6889ddc9-8d03-4f3a-a733-44aad4c84817,Vicente Amaro,Vicente,Amaro,Hollywood Prep,69a6fcb68d2c56aa82e48ac6,3,80,246,senior,40,88,81
2f3d0052-6851-4f53-9f6f-d442339e8e71,Kellen Rivas,Kellen,Rivas,Hollywood Prep,69a6fcb68d2c56aa82e48ac6,8,72,208,senior,39,74,52
dc52df6d-7bac-4d7d-b333-4c413c3889b4,Brendon Wedell,Brendon,Wedell,Hollywood Prep,69a6fcb68d2c56aa82e48ac6,7,68,169,senior,62,70,78
1fc75b09-b727-4c15-a76f-a957370c89ed,Elisha Tunstall,Elisha,Tunstall,DeCatur Dei,69a6fcb68d2c56aa82e48ac7,24,70,167,senior,13,26,40
7043764d-4e3e-4e94-b964-ec1cc7c1926f,Kolton Miranda,Kolton,Miranda,DeCatur Dei,69a6fcb68d2c56aa82e48ac7,45,73,208,junior,47,44,45
bd2b0a63-88d9-4031-8893-00d803c2422a,Jerald Hollie,Jerald,Hollie,DeCatur Dei,69a6fcb68d2c56aa82e48ac7,12,74,193,senior,92,60,77
3f265447-8e59-4770-86cf-11096b2fbacd,Markus Gill,Markus,Gill,DeCatur Dei,69a6fcb68d2c56aa82e48ac7,14,79,235,freshman,57,41,51
19bd01c2-1a46-490d-9a44-874ee8ae622b,Sidney Hess,Sidney,Hess,DeCatur Dei,69a6fcb68d2c56aa82e48ac7,17,80,235,junior,51,41,54
6fcb5e06-81a9-419c-8291-0ed23daf373c,Tomarillo Christian,Tomarillo,Christian,DeCatur Dei,69a6fcb68d2c56aa82e48ac7,53,71,190,sophomore,28,48,33
38e9990f-7515-42f9-b067-fc03ee380c1f,Tom Abeeri,Tom,Abeeri,DeCatur Dei,69a6fcb68d2c56aa82e48ac7,5,78,233,junior,51,35,35
1ff3501a-a6b9-451d-a753-f1565181cde5,Houston Rowe,Houston,Rowe,DeCatur Dei,69a6fcb68d2c56aa82e48ac7,55,82,260,senior,17,26,35
0d30dd33-d735-4665-979c-fba032479774,Karter French,Karter,French,DeCatur Dei,69a6fcb68d2c56aa82e48ac7,6,70,171,senior,7,21,30
46751a6e-70d9-4b72-9bf6-59c4c2aa8c55,Ike Schreckengost,Ike,Schreckengost,DeCatur Dei,69a6fcb68d2c56aa82e48ac7,31,72,198,freshman,16,17,43
9015d7be-9fb6-4185-824e-3f59e77d7666,Kameron Campbell,Kameron,Campbell,DeCatur Dei,69a6fcb68d2c56aa82e48ac7,43,84,272,senior,38,70,74
cd71dc76-a761-4c60-ab03-fdc1a069cacc,Zaiden Arias,Zaiden,Arias,DeCatur Dei,69a6fcb68d2c56aa82e48ac7,50,84,263,freshman,33,48,51
e92918bf-979f-4a47-9b33-bca1d2dead5c,Major Moss,Major,Moss,West Ocean City,69a6fcb68d2c56aa82e48ac8,14,67,170,senior,53,17,40
500806b5-cf10-41e1-a7eb-f9de99079fc5,Derek Bowers,Derek,Bowers,West Ocean City,69a6fcb68d2c56aa82e48ac8,6,67,168,junior,42,29,48
410da912-0f38-4bdb-a847-bb777803a852,Chase Doctor,Chase,Doctor,West Ocean City,69a6fcb68d2c56aa82e48ac8,5,77,225,junior,25,28,35
9fca19d9-b59f-47f3-abd2-b8f940156951,Fermin Widrick,Fermin,Widrick,West Ocean City,69a6fcb68d2c56aa82e48ac8,2,68,169,sophomore,34,11,31
696c7f85-d7aa-4c92-a380-6710d3c33aaa,Jaxson Kepner,Jaxson,Kepner,West Ocean City,69a6fcb68d2c56aa82e48ac8,16,77,229,junior,22,22,26
1b65f992-2b05-4a48-9247-181bf8b48e82,Vincent Guerreo,Vincent,Guerreo,West Ocean City,69a6fcb68d2c56aa82e48ac8,4,78,248,sophomore,12,40,49
298e2ea3-6012-4a8a-9797-4dff715cabfc,Franklin McAndrew,Franklin,McAndrew,West Ocean City,69a6fcb68d2c56aa82e48ac8,15,72,206,senior,92,62,85
a354fc3a-5aa3-485f-8ea5-cee2f57d7eee,Rodriguo Qi,Rodriguo,Qi,West Ocean City,69a6fcb68d2c56aa82e48ac8,23,70,182,freshman,20,62,50
540cada1-0727-437d-bdf4-8f80a7384283,Brendan Wade,Brendan,Wade,West Ocean City,69a6fcb68d2c56aa82e48ac8,31,70,152,sophomore,54,12,43
b2ff56eb-813e-4d17-bc38-27e799a610c2,Marshall Elliott,Marshall,Elliott,West Ocean City,69a6fcb68d2c56aa82e48ac8,40,75,215,freshman,47,39,56
f0986efe-5254-49c4-8e3d-9384976e7b9f,Sheldon Ernst,Sheldon,Ernst,West Ocean City,69a6fcb68d2c56aa82e48ac8,13,74,202,junior,10,13,36
fe0d1bce-8614-42ca-ad38-cead6a5b85e6,Wesley Black,Wesley,Black,West Ocean City,69a6fcb68d2c56aa82e48ac8,30,73,197,senior,59,21,45
7ddd093d-38b6-42c0-b9dc-c5887e9b0f45,Nathanial Melton,Nathanial,Melton,Huntington Canyon,69a6fcb68d2c56aa82e48ac9,2,71,186,junior,66,70,57
29dcbdca-6889-470f-a843-b04ed2712e31,Christopher Whitehead,Christopher,Whitehead,Huntington Canyon,69a6fcb68d2c56aa82e48ac9,13,75,214,senior,86,54,71
288dccfb-26cb-4d40-84df-1c1ab9188872,Wilburn Clarke,Wilburn,Clarke,Huntington Canyon,69a6fcb68d2c56aa82e48ac9,10,74,207,senior,19,28,37
700370c2-617e-4242-bd8b-651b58f53cbf,Edmund Killion,Edmund,Killion,Huntington Canyon,69a6fcb68d2c56aa82e48ac9,17,69,171,junior,6,4,17
6b59403d-c62f-46d0-911a-ab980e6f7ae3,Ronald Wilson,Ronald,Wilson,Huntington Canyon,69a6fcb68d2c56aa82e48ac9,46,74,196,senior,26,12,46
f59a5904-0c07-45fc-adb8-50316cd81331,Ethan Krueger,Ethan,Krueger,Huntington Canyon,69a6fcb68d2c56aa82e48ac9,1,69,170,senior,62,54,72
b9e5e868-2875-4a11-a132-c1c1552e18d8,Terrance Chavez,Terrance,Chavez,Huntington Canyon,69a6fcb68d2c56aa82e48ac9,44,78,226,sophomore,84,92,79
702785e9-c997-44cd-996b-a13b75562781,Conner Lewis,Conner,Lewis,Huntington Canyon,69a6fcb68d2c56aa82e48ac9,3,71,194,freshman,28,80,54
7e58b740-6005-4551-b351-df95c72509c1,Leon Lucas,Leon,Lucas,Huntington Canyon,69a6fcb68d2c56aa82e48ac9,52,67,170,senior,10,13,18
c676fc60-6aac-48d7-8dec-18d8146c83b0,Cooper Lociano,Cooper,Lociano,Huntington Canyon,69a6fcb68d2c56aa82e48ac9,32,68,159,senior,77,37,56
68c041c3-6058-4305-89e2-69bfd5304ef9,Julius Jackson,Julius,Jackson,Huntington Canyon,69a6fcb68d2c56aa82e48ac9,51,69,167,senior,33,17,38
99cf782e-440e-421a-960d-f470feb206c4,Sheldon Chavez,Sheldon,Chavez,Huntington Canyon,69a6fcb68d2c56aa82e48ac9,41,71,188,sophomore,70,29,45
ff5a52e8-d676-403f-bb45-bc69e1b58864,Edward McCarthy,Edward,McCarthy,Mahala Alou,69a6fcb68d2c56aa82e48aca,7,67,164,junior,36,48,48
063c8f08-7005-48b8-8a7a-35631dcb6a38,Brent Wilburn,Brent,Wilburn,Mahala Alou,69a6fcb68d2c56aa82e48aca,3,79,242,freshman,32,20,43
1bd464c8-128d-4287-a6bb-3b9cfe7328db,Steve Enders,Steve,Enders,Mahala Alou,69a6fcb68d2c56aa82e48aca,42,74,205,junior,51,50,58
ee34e7c9-ae97-4248-b1b4-2923b363bab0,Kymani Pacheco,Kymani,Pacheco,Mahala Alou,69a6fcb68d2c56aa82e48aca,12,75,221,junior,70,52,55
0b64102b-999e-47df-afb7-63516a52d3b2,Josh Crane,Josh,Crane,Mahala Alou,69a6fcb68d2c56aa82e48aca,14,74,215,senior,63,12,51
696beafd-cb3c-44d9-9c18-4997244773fa,Jeremy Vargas,Jeremy,Vargas,Mahala Alou,69a6fcb68d2c56aa82e48aca,31,71,189,senior,12,32,31
461fd562-9fa5-429f-87e0-fcb328bcd63d,Brock Rahim,Brock,Rahim,Mahala Alou,69a6fcb68d2c56aa82e48aca,32,71,191,senior,21,11,30
447fb226-2db4-44bc-9ff8-eaa5945a796d,Rolondo Warner,Rolondo,Warner,Mahala Alou,69a6fcb68d2c56aa82e48aca,52,82,260,junior,5,17,30
15e2d9a2-a0fa-476c-9680-b11c85644c4b,Jasiah Dent,Jasiah,Dent,Mahala Alou,69a6fcb68d2c56aa82e48aca,24,71,189,junior,42,59,45
8d37ba89-7dbb-4d52-9f3c-2065d537b50c,Samuel Prom,Samuel,Prom,Mahala Alou,69a6fcb68d2c56aa82e48aca,4,84,263,junior,36,24,48
e74b87f3-1b87-4f1c-8063-7c86447bdeef,Vince Choi,Vince,Choi,Mahala Alou,69a6fcb68d2c56aa82e48aca,44,78,236,senior,11,41,43
988095a0-bed6-4e5d-96c3-eb76b280a55a,Braeden Thomas,Braeden,Thomas,Mahala Alou,69a6fcb68d2c56aa82e48aca,30,77,223,senior,52,29,40
fb3c7a2e-39a7-4b41-8931-0a5df518aa9c,Branson Gomez,Branson,Gomez,Pacific All-Stars,69a6fcb68d2c56aa82e48acb,45,74,197,freshman,14,26,42
658ad8fc-0ecb-4a14-97b8-75a1c02e986a,Jeffrey P Seltzer,Jeffrey P,Seltzer,Pacific All-Stars,69a6fcb68d2c56aa82e48acb,53,77,230,junior,54,34,44
dc0738e0-c2a0-457c-a786-54435749938d,Salvatore Albotti,Salvatore,Albotti,Pacific All-Stars,69a6fcb68d2c56aa82e48acb,9,72,195,senior,25,52,54
c9a7bdae-c83b-435b-93e9-4779a98ea6ae,Ryker Luna,Ryker,Luna,Pacific All-Stars,69a6fcb68d2c56aa82e48acb,24,72,191,senior,82,79,59
153c5644-2471-42b3-b659-5602a4935f35,Bradley Arzu,Bradley,Arzu,Pacific All-Stars,69a6fcb68d2c56aa82e48acb,33,70,188,senior,21,11,43
a80b17ee-25b1-49f1-a77b-f1f88ee9172d,Lavern Webb,Lavern,Webb,Pacific All-Stars,69a6fcb68d2c56aa82e48acb,5,73,201,junior,17,35,39
f3b7421a-75d5-41fb-ae3d-a6e6fc8cc1d6,Chad Reeves,Chad,Reeves,Pacific All-Stars,69a6fcb68d2c56aa82e48acb,22,68,160,senior,19,15,30
c269aed6-969c-4b3a-b4ff-a8de92b43ebf,Hezekiah Lawson,Hezekiah,Lawson,Pacific All-Stars,69a6fcb68d2c56aa82e48acb,8,69,166,sophomore,52,47,73
d7c27b5f-6388-4776-93cd-e41aa9f855ca,Leonardo Jones,Leonardo,Jones,Pacific All-Stars,69a6fcb68d2c56aa82e48acb,32,67,162,junior,29,4,25
123716d5-345c-433e-8e38-22e5f08c1fa5,Kael Austin,Kael,Austin,Pacific All-Stars,69a6fcb68d2c56aa82e48acb,10,71,193,junior,92,30,75
47a2dd82-41f5-4de8-b69b-fcc060cbd1d6,London Vance,London,Vance,Pacific All-Stars,69a6fcb68d2c56aa82e48acb,3,74,214,sophomore,20,38,46
833a03c8-97b5-414f-97fd-5fb21943d473,James Payne,James,Payne,Pacific All-Stars,69a6fcb68d2c56aa82e48acb,7,73,204,junior,57,15,37
6aea0786-929b-4ba4-a403-1bca67a91ca4,Garrett Squire,Garrett,Squire,Juneau-Nome,69a6fcb68d2c56aa82e48acc,30,76,232,junior,63,67,67
c2b9aae3-2875-49a8-9c85-b7c584593149,Ethan Wilson,Ethan,Wilson,Juneau-Nome,69a6fcb68d2c56aa82e48acc,3,70,179,senior,15,17,48
fead831e-190d-4d4f-9359-b56d4f16d9cf,Franco Keller,Franco,Keller,Juneau-Nome,69a6fcb68d2c56aa82e48acc,45,74,209,junior,48,33,46
c33c512a-6909-4ccb-abfb-685a2dee9cc2,Ean Lozano,Ean,Lozano,Juneau-Nome,69a6fcb68d2c56aa82e48acc,18,67,167,senior,76,76,58
d80915b1-242e-418e-9d3e-2f842fdb988c,Warren Maldonado,Warren,Maldonado,Juneau-Nome,69a6fcb68d2c56aa82e48acc,16,68,172,senior,19,69,74
077cd987-b8d0-4b59-a997-be00575a0fea,James Summer,James,Summer,Juneau-Nome,69a6fcb68d2c56aa82e48acc,13,77,231,junior,40,32,67
d9f3b9e5-969a-4a79-823e-43af4c9efd9a,Chris Duffy,Chris,Duffy,Juneau-Nome,69a6fcb68d2c56aa82e48acc,55,70,182,junior,15,35,31
04740eff-7926-4392-b51c-87b91e46733c,Lester Newton,Lester,Newton,Juneau-Nome,69a6fcb68d2c56aa82e48acc,43,78,236,senior,48,67,47
e3e9abc4-8287-4f67-9a72-a8023204257d,Jacques Roberes,Jacques,Roberes,Juneau-Nome,69a6fcb68d2c56aa82e48acc,21,74,193,freshman,7,20,29
4cd84e25-1eeb-4030-8201-ee954604ffca,Tristian Gordon,Tristian,Gordon,Juneau-Nome,69a6fcb68d2c56aa82e48acc,14,71,187,senior,64,52,59
e4bbf5f4-41be-4f36-a713-974ca1b2961b,Jaelon Maxie,Jaelon,Maxie,Juneau-Nome,69a6fcb68d2c56aa82e48acc,6,71,184,sophomore,13,40,28
dfba83d4-b354-4234-b252-560741761b1b,Christian O'Donnell,Christian,O'Donnell,Juneau-Nome,69a6fcb68d2c56aa82e48acc,7,75,208,sophomore,66,22,58
d9a19b3c-a9e9-401a-8c73-d5bac04f1969,Harlan Hodge,Harlan,Hodge,Redwood High,69a6fcb68d2c56aa82e48acd,23,72,195,senior,3,19,23
2836df2b-c67a-4b2d-950d-8dd42a34cc69,Nate Carrillo,Nate,Carrillo,Redwood High,69a6fcb68d2c56aa82e48acd,16,69,171,freshman,36,54,44
d7ddfef8-2735-48a6-a490-f7e11ba7532e,Kenny Sanfilippo,Kenny,Sanfilippo,Redwood High,69a6fcb68d2c56aa82e48acd,41,75,203,freshman,48,54,56
ca380517-83f0-41fb-a40e-e8a67abc37d8,Whitney Chicoine,Whitney,Chicoine,Redwood High,69a6fcb68d2c56aa82e48acd,43,74,204,junior,48,29,49
2aaa9323-9117-411e-b50e-b2faa054fa80,Shamar Torres,Shamar,Torres,Redwood High,69a6fcb68d2c56aa82e48acd,31,73,197,senior,71,14,58
f65b8888-2d46-4ca5-849f-631645ea80c1,Omari Cole,Omari,Cole,Redwood High,69a6fcb68d2c56aa82e48acd,22,72,193,senior,24,78,67
1f274ddf-8bb7-49c4-8215-35ee3b5dd6fc,Matt Charles,Matt,Charles,Redwood High,69a6fcb68d2c56aa82e48acd,3,69,172,junior,3,10,10
4a0b0cb0-d7c3-4334-98c0-87e9b97a64e4,Harrison Parsons,Harrison,Parsons,Redwood High,69a6fcb68d2c56aa82e48acd,32,73,214,junior,54,63,65
0a4ba97e-03a3-47a1-9dc3-8c9ec94368af,Hong Andrade,Hong,Andrade,Redwood High,69a6fcb68d2c56aa82e48acd,54,72,188,sophomore,50,54,45
2a7cef6b-0b25-4191-9c6b-872f374fa48d,Franklin Pugh,Franklin,Pugh,Redwood High,69a6fcb68d2c56aa82e48acd,11,75,218,junior,47,14,49
9c4950e8-9f35-4e1f-b69d-2775dbd555a6,Marcus Chaney,Marcus,Chaney,Redwood High,69a6fcb68d2c56aa82e48acd,50,77,236,senior,63,58,59
76f6101d-bc07-4141-a06a-6112f8624f50,Stephen Mora,Stephen,Mora,Redwood High,69a6fcb68d2c56aa82e48acd,55,75,206,junior,19,65,56
790255b4-3260-4ced-a881-65654c41874d,Collin Cervantes,Collin,Cervantes,Grizzly Academy,69a6fcb68d2c56aa82e48ace,11,69,177,junior,10,9,25
86c03c2c-7144-4800-b9cd-863cafc5acb6,Patrick Smith,Patrick,Smith,Grizzly Academy,69a6fcb68d2c56aa82e48ace,25,76,229,sophomore,66,52,67
81d5ef47-bf64-491c-850f-a33e62b118cb,Jermaine Tanner,Jermaine,Tanner,Grizzly Academy,69a6fcb68d2c56aa82e48ace,55,68,166,freshman,58,33,43
39c31cfb-2523-4d59-ad0b-31eacf320120,Samson Leverette,Samson,Leverette,Grizzly Academy,69a6fcb68d2c56aa82e48ace,1,67,168,senior,10,4,14
a6655847-7338-479e-8172-d8e459236952,Cayden Everett,Cayden,Everett,Grizzly Academy,69a6fcb68d2c56aa82e48ace,47,74,201,senior,27,29,42
d59351f0-43f0-4e6c-93fe-7dca1ac52cbf,Kieran Heath,Kieran,Heath,Grizzly Academy,69a6fcb68d2c56aa82e48ace,22,72,198,senior,26,35,53
623000ae-97aa-45d5-8b4c-14d55538c117,Wilber Jones Jr,Wilber,Jones Jr,Grizzly Academy,69a6fcb68d2c56aa82e48ace,16,68,174,senior,49,66,47
9e416cf8-bb02-4cb0-a1ae-f151ead0b208,Nick Forness,Nick,Forness,Grizzly Academy,69a6fcb68d2c56aa82e48ace,10,68,165,junior,34,17,29
fdea81b7-5f6b-4996-a9d4-e1d35acc4fe3,Daniel Wilkinson,Daniel,Wilkinson,Grizzly Academy,69a6fcb68d2c56aa82e48ace,6,66,153,junior,40,11,29
c4624597-bee4-4820-9e16-c4b7c4cc8545,Walter Frizell,Walter,Frizell,Grizzly Academy,69a6fcb68d2c56aa82e48ace,44,75,206,senior,24,22,29
ae171d63-cdc4-4b33-aa93-625db1aa360c,Jerrell Sellers,Jerrell,Sellers,Grizzly Academy,69a6fcb68d2c56aa82e48ace,52,78,226,junior,13,50,48
fc08b27e-e13d-4310-b0d6-b7f51a0bbfa2,Jerold Price,Jerold,Price,Grizzly Academy,69a6fcb68d2c56aa82e48ace,13,72,199,junior,48,49,54
f9754162-9b6c-4695-9e7b-345cb4b1b2ea,Chad Austin,Chad,Austin,Hana Road,69a6fcb68d2c56aa82e48acf,20,76,212,senior,33,52,52
c103f3cd-2a4f-407f-9854-5ec771f9325a,Ron Shepherd,Ron,Shepherd,Hana Road,69a6fcb68d2c56aa82e48acf,21,71,181,senior,48,66,72
8220a4a6-5562-4e8b-8a60-a2ba5331ed1a,Oliver Stansberry,Oliver,Stansberry,Hana Road,69a6fcb68d2c56aa82e48acf,4,71,192,junior,15,17,32
aef5825f-f62e-4bf8-b3ef-90916b39679b,Gerald Pham,Gerald,Pham,Hana Road,69a6fcb68d2c56aa82e48acf,7,70,161,sophomore,17,7,24
15294224-156c-4166-a175-529fe1c18df0,Lucas Fry,Lucas,Fry,Hana Road,69a6fcb68d2c56aa82e48acf,11,69,160,sophomore,48,33,62
b88036f3-c52f-49d9-9c0f-27ed99abff3c,James Avery,James,Avery,Hana Road,69a6fcb68d2c56aa82e48acf,19,72,194,senior,9,8,25
91a69d75-9459-4fb3-a9ce-8638440ca9e2,Damien Yield,Damien,Yield,Hana Road,69a6fcb68d2c56aa82e48acf,12,70,170,junior,12,11,25
51bd75d2-5ff5-4b3c-9e42-971fd67af46f,Golden Mines,Golden,Mines,Hana Road,69a6fcb68d2c56aa82e48acf,17,77,231,senior,38,42,47
5b842320-3898-47f1-9155-23069058677b,Marco Conner,Marco,Conner,Hana Road,69a6fcb68d2c56aa82e48acf,10,70,173,senior,30,50,37
71ff529a-fd83-4bd4-a19d-b50807bca1e4,Randy Lant,Randy,Lant,Hana Road,69a6fcb68d2c56aa82e48acf,6,70,174,freshman,11,8,24
dd582204-a921-4991-a81d-ccc70eca5031,Fischer McBrayer,Fischer,McBrayer,Hana Road,69a6fcb68d2c56aa82e48acf,23,69,171,senior,6,17,27
89a36fe0-3f32-4f8e-b50c-769df6f42169,Roger Robinson,Roger,Robinson,Hana Road,69a6fcb68d2c56aa82e48acf,14,70,179,freshman,1,3,23
0d25bca1-61e6-4672-8ec4-54be96e90a83,London Palacios,London,Palacios,Cupertino,69a6fcb68d2c56aa82e48ad0,53,77,217,senior,62,51,60
a5c3d37f-2492-41a8-bfdb-baa61449e4ce,Denzel Hynek,Denzel,Hynek,Cupertino,69a6fcb68d2c56aa82e48ad0,5,71,184,sophomore,33,13,42
567fcfdc-8198-494d-980b-3fc975051dfa,Arman Rios,Arman,Rios,Cupertino,69a6fcb68d2c56aa82e48ad0,25,69,172,sophomore,61,50,55
4ecc6c08-226c-44fc-b3a7-baa3dee515d1,Ryland Herrera,Ryland,Herrera,Cupertino,69a6fcb68d2c56aa82e48ad0,51,78,234,freshman,54,85,60
a16b1cdb-0e1a-41c5-b417-0706aa3d82b4,Tony Middleton,Tony,Middleton,Cupertino,69a6fcb68d2c56aa82e48ad0,91,82,247,freshman,86,92,78
3d2be7ec-5b9a-4abf-a85d-60cc2c476278,Alan Ford,Alan,Ford,Cupertino,69a6fcb68d2c56aa82e48ad0,40,79,242,junior,33,63,61
c7dd3df7-a202-4f9b-a100-c2f54b72025d,Wilmer Dagley,Wilmer,Dagley,Cupertino,69a6fcb68d2c56aa82e48ad0,9,74,201,senior,91,89,78
abcd107e-81f2-47f5-aa3d-2175672dbb6a,Jim Albington,Jim,Albington,Cupertino,69a6fcb68d2c56aa82e48ad0,6,76,225,freshman,50,57,63
3e0083c5-29bd-4921-b710-a53bb8fb7bf9,Larry Osborne,Larry,Osborne,Cupertino,69a6fcb68d2c56aa82e48ad0,11,67,158,junior,26,23,40
9199e438-5236-4f53-82de-12fd68444a6a,Kelvin Prince,Kelvin,Prince,Cupertino,69a6fcb68d2c56aa82e48ad0,3,79,238,sophomore,29,37,51
31d2aa52-330b-4ae0-bd60-58510f208e7a,Woodrow Holmes,Woodrow,Holmes,Cupertino,69a6fcb68d2c56aa82e48ad0,45,82,264,senior,79,92,84
199e8cd7-4cde-4344-a411-791bfe4f2369,Isaiah McKnight,Isaiah,McKnight,Cupertino,69a6fcb68d2c56aa82e48ad0,21,76,230,sophomore,54,49,61
e5cfbf84-9544-4771-b566-45a9744e3139,Donny Bingaman,Donny,Bingaman,Melbourne Americas,69a6fcb68d2c56aa82e48ad1,23,73,205,sophomore,42,86,71
f5b6d8d5-f61d-4413-8ffe-a684c64be977,Cole Haas,Cole,Haas,Melbourne Americas,69a6fcb68d2c56aa82e48ad1,50,76,223,senior,35,51,55
c9ac162e-4fd1-4cd6-9707-f505cf4dc378,Michael Walker,Michael,Walker,Melbourne Americas,69a6fcb68d2c56aa82e48ad1,6,70,168,senior,14,19,32
47f483e7-a96a-4705-a1d3-338dfe9f8826,Gage West,Gage,West,Melbourne Americas,69a6fcb68d2c56aa82e48ad1,1,79,234,sophomore,92,75,90
d135676a-0a48-433d-a523-a2de1b7fbf59,Jimbo Little,Jimbo,Little,Melbourne Americas,69a6fcb68d2c56aa82e48ad1,10,76,223,freshman,40,70,54
745c54ae-e91c-4293-98aa-e2763aad1d6d,Gilbert Mixx,Gilbert,Mixx,Melbourne Americas,69a6fcb68d2c56aa82e48ad1,51,70,179,senior,10,9,49
62341327-e692-4fed-9f0c-605668c94a82,Edison Pierce,Edison,Pierce,Melbourne Americas,69a6fcb68d2c56aa82e48ad1,55,77,219,senior,12,64,49
4379a850-55b4-4aaf-8565-e9933c35181c,Rex Mooney,Rex,Mooney,Melbourne Americas,69a6fcb68d2c56aa82e48ad1,33,72,196,senior,70,23,61
d7196042-8737-4087-84fc-921bef462dbb,Erasmo Trinidad,Erasmo,Trinidad,Melbourne Americas,69a6fcb68d2c56aa82e48ad1,43,71,182,senior,40,33,50
11641899-bb4d-49d2-ab66-69012a74e006,Miles Ryba,Miles,Ryba,Melbourne Americas,69a6fcb68d2c56aa82e48ad1,4,78,244,junior,38,16,62
b5d8c2dd-6106-4229-a4f0-56c0f7775ea0,Eric Frizell,Eric,Frizell,Melbourne Americas,69a6fcb68d2c56aa82e48ad1,17,71,184,junior,26,21,38
768769e9-734e-464a-8e45-704b4aa335f1,John Baldwin,John,Baldwin,Melbourne Americas,69a6fcb68d2c56aa82e48ad1,25,72,196,senior,25,26,32
