stage,filename,asset_key,remote_url,sha256,status
kit,00eafe09-a066-49df-b11b-2832a1f073e7.json,recruits/kit/00eafe09-a066-49df-b11b-2832a1f073e7.json,https://assets.geekedoutgames.com/recruits/kit/00eafe09-a066-49df-b11b-2832a1f073e7.json,5817daef08be8c2cbac41d041f55b619a2279684e26f6bf6467338e39df884cd,uploaded
kit,00eafe09-a066-49df-b11b-2832a1f073e7.mask.png,recruits/kit/00eafe09-a066-49df-b11b-2832a1f073e7.mask.png,https://assets.geekedoutgames.com/recruits/kit/00eafe09-a066-49df-b11b-2832a1f073e7.mask.png,954e794ecc49c297ce7320d72e0240fadf7eb000bd4fb4e7973090adf3a21a52,uploaded
kit,00eafe09-a066-49df-b11b-2832a1f073e7.png,recruits/kit/00eafe09-a066-49df-b11b-2832a1f073e7.png,https://assets.geekedoutgames.com/recruits/kit/00eafe09-a066-49df-b11b-2832a1f073e7.png,5a919e524f9de0a5f426aa15f56a6a601d4f72d9a9604266cee8c99a7b03f48b,uploaded
kit,01a2e950-e149-4a7a-9459-bbb976f15d01.json,recruits/kit/01a2e950-e149-4a7a-9459-bbb976f15d01.json,https://assets.geekedoutgames.com/recruits/kit/01a2e950-e149-4a7a-9459-bbb976f15d01.json,81c7a907ed06e2be4ab468788a425d9325f7cafe09dcdf4c9b0d269c64fb0332,uploaded
kit,01a2e950-e149-4a7a-9459-bbb976f15d01.mask.png,recruits/kit/01a2e950-e149-4a7a-9459-bbb976f15d01.mask.png,https://assets.geekedoutgames.com/recruits/kit/01a2e950-e149-4a7a-9459-bbb976f15d01.mask.png,9583cab737735b1e92034c61ffdc0793f6b75116c5b18daeee61a3fa4549fe08,uploaded
kit,01a2e950-e149-4a7a-9459-bbb976f15d01.png,recruits/kit/01a2e950-e149-4a7a-9459-bbb976f15d01.png,https://assets.geekedoutgames.com/recruits/kit/01a2e950-e149-4a7a-9459-bbb976f15d01.png,f56af22671bce0379010ab2b392eaba6ff5ae33e3d05119f39a9f87c90a13676,uploaded
kit,0248a3bc-b58a-41ee-8ec3-9f82e62a0325.json,recruits/kit/0248a3bc-b58a-41ee-8ec3-9f82e62a0325.json,https://assets.geekedoutgames.com/recruits/kit/0248a3bc-b58a-41ee-8ec3-9f82e62a0325.json,d61198b14c37726349ce5851f4d9a904048181057de01bf4cbef93a529ba9c06,uploaded
kit,0248a3bc-b58a-41ee-8ec3-9f82e62a0325.mask.png,recruits/kit/0248a3bc-b58a-41ee-8ec3-9f82e62a0325.mask.png,https://assets.geekedoutgames.com/recruits/kit/0248a3bc-b58a-41ee-8ec3-9f82e62a0325.mask.png,19f85bdcd232b7dcbbd12f226b1ee672d2b62fcfcb84d1db10f78c9952ea895b,uploaded
kit,0248a3bc-b58a-41ee-8ec3-9f82e62a0325.png,recruits/kit/0248a3bc-b58a-41ee-8ec3-9f82e62a0325.png,https://assets.geekedoutgames.com/recruits/kit/0248a3bc-b58a-41ee-8ec3-9f82e62a0325.png,3b50eefe81efc95e7d0aa56c2428f20633e4c49365e2e973613dbfdf40d02d31,uploaded
kit,047e467b-399b-444b-a8aa-d5cfd4c3c3f2.json,recruits/kit/047e467b-399b-444b-a8aa-d5cfd4c3c3f2.json,https://assets.geekedoutgames.com/recruits/kit/047e467b-399b-444b-a8aa-d5cfd4c3c3f2.json,d27901db87f56912dc4573f9353964daa8d1fa54590c95709afae3b485f02456,uploaded
kit,047e467b-399b-444b-a8aa-d5cfd4c3c3f2.mask.png,recruits/kit/047e467b-399b-444b-a8aa-d5cfd4c3c3f2.mask.png,https://assets.geekedoutgames.com/recruits/kit/047e467b-399b-444b-a8aa-d5cfd4c3c3f2.mask.png,a04223ccb3c8e6d1df6bc2eb249f2b4a84ed56f3c2de6b4c085bb1c164edda6c,uploaded
kit,047e467b-399b-444b-a8aa-d5cfd4c3c3f2.png,recruits/kit/047e467b-399b-444b-a8aa-d5cfd4c3c3f2.png,https://assets.geekedoutgames.com/recruits/kit/047e467b-399b-444b-a8aa-d5cfd4c3c3f2.png,5443995c8273050344e58daf406d6ed3124c3af12443ac7bdd6df0a680a9bfa2,uploaded
kit,0667a60e-cb5a-4c72-9b88-baaed7d4cc9b.json,recruits/kit/0667a60e-cb5a-4c72-9b88-baaed7d4cc9b.json,https://assets.geekedoutgames.com/recruits/kit/0667a60e-cb5a-4c72-9b88-baaed7d4cc9b.json,a0d527a3aa4c15a59fa1eb138ea3dd4a33704a2693b16bb3fff0ad66464ab0d1,uploaded
kit,0667a60e-cb5a-4c72-9b88-baaed7d4cc9b.mask.png,recruits/kit/0667a60e-cb5a-4c72-9b88-baaed7d4cc9b.mask.png,https://assets.geekedoutgames.com/recruits/kit/0667a60e-cb5a-4c72-9b88-baaed7d4cc9b.mask.png,cd720f341f1aa801417b4df431a5660eb5e582e3f111f366d4f389cf438236ff,uploaded
kit,0667a60e-cb5a-4c72-9b88-baaed7d4cc9b.png,recruits/kit/0667a60e-cb5a-4c72-9b88-baaed7d4cc9b.png,https://assets.geekedoutgames.com/recruits/kit/0667a60e-cb5a-4c72-9b88-baaed7d4cc9b.png,448f1fe522ea9b752f76c02fb780e46b8b1a749785c2986d39ebbf601a2628c8,uploaded
kit,06e56c4d-c323-4107-9fb7-884eecd13520.json,recruits/kit/06e56c4d-c323-4107-9fb7-884eecd13520.json,https://assets.geekedoutgames.com/recruits/kit/06e56c4d-c323-4107-9fb7-884eecd13520.json,2d27616108f35a6af07680a2adecafa8627d457f219f5c812bca1044637e946f,uploaded
kit,06e56c4d-c323-4107-9fb7-884eecd13520.mask.png,recruits/kit/06e56c4d-c323-4107-9fb7-884eecd13520.mask.png,https://assets.geekedoutgames.com/recruits/kit/06e56c4d-c323-4107-9fb7-884eecd13520.mask.png,2f2578b804ada4eb9811732fa12e9debe5a3768a1015a81df6ce8870774079db,uploaded
kit,06e56c4d-c323-4107-9fb7-884eecd13520.png,recruits/kit/06e56c4d-c323-4107-9fb7-884eecd13520.png,https://assets.geekedoutgames.com/recruits/kit/06e56c4d-c323-4107-9fb7-884eecd13520.png,ccd10b7a516bef95572ddbb299f042fb791eee7a7c386790b19158748ff5c47c,uploaded
kit,07cc122e-9730-4c45-bb73-c179e9107a9b.json,recruits/kit/07cc122e-9730-4c45-bb73-c179e9107a9b.json,https://assets.geekedoutgames.com/recruits/kit/07cc122e-9730-4c45-bb73-c179e9107a9b.json,1638b8404ce1ef9765f2ef765ccf1fe3bab45c904c723a62ff40bfb45c0e1e72,uploaded
kit,07cc122e-9730-4c45-bb73-c179e9107a9b.mask.png,recruits/kit/07cc122e-9730-4c45-bb73-c179e9107a9b.mask.png,https://assets.geekedoutgames.com/recruits/kit/07cc122e-9730-4c45-bb73-c179e9107a9b.mask.png,0af330b9f42d6e484507f75c5aae9a81d21673f756561f5574ccf033c0d80deb,uploaded
kit,07cc122e-9730-4c45-bb73-c179e9107a9b.png,recruits/kit/07cc122e-9730-4c45-bb73-c179e9107a9b.png,https://assets.geekedoutgames.com/recruits/kit/07cc122e-9730-4c45-bb73-c179e9107a9b.png,8dc7b553a91b8f39be053f9ea99b08a880e3b9b216a64d1bbb4f60ee21cda10a,uploaded
kit,08e197fd-03c3-4d07-bc0d-1becba8b2ebb.json,recruits/kit/08e197fd-03c3-4d07-bc0d-1becba8b2ebb.json,https://assets.geekedoutgames.com/recruits/kit/08e197fd-03c3-4d07-bc0d-1becba8b2ebb.json,cd3d21c3aeea18f2c91c01adc40b5d245d338fa292addffc9fdf68f6dadb3753,uploaded
kit,08e197fd-03c3-4d07-bc0d-1becba8b2ebb.mask.png,recruits/kit/08e197fd-03c3-4d07-bc0d-1becba8b2ebb.mask.png,https://assets.geekedoutgames.com/recruits/kit/08e197fd-03c3-4d07-bc0d-1becba8b2ebb.mask.png,6ae948ae5357be07fb9b38d69af943a74f0c2cf00f4fb6f2fd6876677dc1f1c6,uploaded
kit,08e197fd-03c3-4d07-bc0d-1becba8b2ebb.png,recruits/kit/08e197fd-03c3-4d07-bc0d-1becba8b2ebb.png,https://assets.geekedoutgames.com/recruits/kit/08e197fd-03c3-4d07-bc0d-1becba8b2ebb.png,da1d386daa0d8b5984a9d302e299bb405641369bf4477d9743fdac43f34fc8be,uploaded
kit,090ceed2-04d7-442b-8d05-6a5a62082b6f.json,recruits/kit/090ceed2-04d7-442b-8d05-6a5a62082b6f.json,https://assets.geekedoutgames.com/recruits/kit/090ceed2-04d7-442b-8d05-6a5a62082b6f.json,2077ca46c75b18c8d2a4e6037a78e812ef8d914fb0c154a0235ee5995e027a94,uploaded
kit,090ceed2-04d7-442b-8d05-6a5a62082b6f.mask.png,recruits/kit/090ceed2-04d7-442b-8d05-6a5a62082b6f.mask.png,https://assets.geekedoutgames.com/recruits/kit/090ceed2-04d7-442b-8d05-6a5a62082b6f.mask.png,05fd0da27b51bb9cc17b09984fd3628a8db79ba8776701a24651923a3a85820e,uploaded
kit,090ceed2-04d7-442b-8d05-6a5a62082b6f.png,recruits/kit/090ceed2-04d7-442b-8d05-6a5a62082b6f.png,https://assets.geekedoutgames.com/recruits/kit/090ceed2-04d7-442b-8d05-6a5a62082b6f.png,275de5ad64904bb58d229a27531a1d0890aabc4eff95102a1151a63192d6590b,uploaded
kit,0913d09b-fec1-441a-a1e1-c022ad567965.json,recruits/kit/0913d09b-fec1-441a-a1e1-c022ad567965.json,https://assets.geekedoutgames.com/recruits/kit/0913d09b-fec1-441a-a1e1-c022ad567965.json,aa50e1beba55d52abb3b291ad5ad3cdd0a103fcc38be5a4c0e35a33198fef6eb,uploaded
kit,0913d09b-fec1-441a-a1e1-c022ad567965.mask.png,recruits/kit/0913d09b-fec1-441a-a1e1-c022ad567965.mask.png,https://assets.geekedoutgames.com/recruits/kit/0913d09b-fec1-441a-a1e1-c022ad567965.mask.png,1bf1d7aac119b53b59cdae38aa635ec3f812658bb250b50c8522f93a76467c58,uploaded
kit,0913d09b-fec1-441a-a1e1-c022ad567965.png,recruits/kit/0913d09b-fec1-441a-a1e1-c022ad567965.png,https://assets.geekedoutgames.com/recruits/kit/0913d09b-fec1-441a-a1e1-c022ad567965.png,7ede6df9820b8cb6182c15f5976839e331c2975e1a495e3a8bb11d3cdbccfa7c,uploaded
kit,0a1395cc-80aa-4a0c-9c55-3b8868e36f2e.json,recruits/kit/0a1395cc-80aa-4a0c-9c55-3b8868e36f2e.json,https://assets.geekedoutgames.com/recruits/kit/0a1395cc-80aa-4a0c-9c55-3b8868e36f2e.json,f215fa2e98ec52b07426380099ce018dfd474df9197bbca76d4357d164dd8041,uploaded
kit,0a1395cc-80aa-4a0c-9c55-3b8868e36f2e.mask.png,recruits/kit/0a1395cc-80aa-4a0c-9c55-3b8868e36f2e.mask.png,https://assets.geekedoutgames.com/recruits/kit/0a1395cc-80aa-4a0c-9c55-3b8868e36f2e.mask.png,2f517be7bb706de40f96c1a559acbafe17bd5faea413c72b8c43872d1a3abbd0,uploaded
kit,0a1395cc-80aa-4a0c-9c55-3b8868e36f2e.png,recruits/kit/0a1395cc-80aa-4a0c-9c55-3b8868e36f2e.png,https://assets.geekedoutgames.com/recruits/kit/0a1395cc-80aa-4a0c-9c55-3b8868e36f2e.png,162158d373a523631d7295a18afcb395b9f77288e81ec88fad0cffcee0d7925d,uploaded
kit,0b5ab9d1-b96a-4b21-b19d-4a701e0dc1af.json,recruits/kit/0b5ab9d1-b96a-4b21-b19d-4a701e0dc1af.json,https://assets.geekedoutgames.com/recruits/kit/0b5ab9d1-b96a-4b21-b19d-4a701e0dc1af.json,c90552f1ac1a9fca856859cb1783a98214c892467553e74d4acfc714c21e08e2,uploaded
kit,0b5ab9d1-b96a-4b21-b19d-4a701e0dc1af.mask.png,recruits/kit/0b5ab9d1-b96a-4b21-b19d-4a701e0dc1af.mask.png,https://assets.geekedoutgames.com/recruits/kit/0b5ab9d1-b96a-4b21-b19d-4a701e0dc1af.mask.png,c459691a67308e3aa7f43decfb4282579bad0b9e9decb0ff238e311d0e4bee4a,uploaded
kit,0b5ab9d1-b96a-4b21-b19d-4a701e0dc1af.png,recruits/kit/0b5ab9d1-b96a-4b21-b19d-4a701e0dc1af.png,https://assets.geekedoutgames.com/recruits/kit/0b5ab9d1-b96a-4b21-b19d-4a701e0dc1af.png,fc0a39c69b7707d378e103c5d65b565fc0259ea67de91a39fedf24b732ca60d6,uploaded
kit,0d26e8a0-0439-43a5-98fc-fcd1264aac08.json,recruits/kit/0d26e8a0-0439-43a5-98fc-fcd1264aac08.json,https://assets.geekedoutgames.com/recruits/kit/0d26e8a0-0439-43a5-98fc-fcd1264aac08.json,7692103ce90b1c31921e96e114ea7fa3c39324c9db93e736333111dd889c0d55,uploaded
kit,0d26e8a0-0439-43a5-98fc-fcd1264aac08.mask.png,recruits/kit/0d26e8a0-0439-43a5-98fc-fcd1264aac08.mask.png,https://assets.geekedoutgames.com/recruits/kit/0d26e8a0-0439-43a5-98fc-fcd1264aac08.mask.png,631482a30644de9915641aca71275830761be3da60635380a7ac5b5cb0f77405,uploaded
kit,0d26e8a0-0439-43a5-98fc-fcd1264aac08.png,recruits/kit/0d26e8a0-0439-43a5-98fc-fcd1264aac08.png,https://assets.geekedoutgames.com/recruits/kit/0d26e8a0-0439-43a5-98fc-fcd1264aac08.png,9273452648848594b10d19a024e6728301afb82e18d471c884b47c9c592b2c71,uploaded
kit,0f035970-a16a-45cb-a78a-8d5979d525bf.json,recruits/kit/0f035970-a16a-45cb-a78a-8d5979d525bf.json,https://assets.geekedoutgames.com/recruits/kit/0f035970-a16a-45cb-a78a-8d5979d525bf.json,87a0b5d820df106d8d125b1fbd708d5fdef3b65e3608ccc4b8a8289e064d1185,uploaded
kit,0f035970-a16a-45cb-a78a-8d5979d525bf.mask.png,recruits/kit/0f035970-a16a-45cb-a78a-8d5979d525bf.mask.png,https://assets.geekedoutgames.com/recruits/kit/0f035970-a16a-45cb-a78a-8d5979d525bf.mask.png,6bf950c91518dd8a2e6dd074d436d70b6c23d72ed88942b2aa302a5f4e51d1ea,uploaded
kit,0f035970-a16a-45cb-a78a-8d5979d525bf.png,recruits/kit/0f035970-a16a-45cb-a78a-8d5979d525bf.png,https://assets.geekedoutgames.com/recruits/kit/0f035970-a16a-45cb-a78a-8d5979d525bf.png,89ba2cf2f958bf40c0e6aedd28a8af911b8842ba65d8fdab3863f9a76634e5eb,uploaded
kit,0f8b54c7-1839-4821-8c90-277e9a2e3b76.json,recruits/kit/0f8b54c7-1839-4821-8c90-277e9a2e3b76.json,https://assets.geekedoutgames.com/recruits/kit/0f8b54c7-1839-4821-8c90-277e9a2e3b76.json,3fd5d0fa1e1ecdb019a142dcc99d2dc8aea1523cb4c6fbc743c322733880727c,uploaded
kit,0f8b54c7-1839-4821-8c90-277e9a2e3b76.mask.png,recruits/kit/0f8b54c7-1839-4821-8c90-277e9a2e3b76.mask.png,https://assets.geekedoutgames.com/recruits/kit/0f8b54c7-1839-4821-8c90-277e9a2e3b76.mask.png,9099c58d72e3d96c8d88ae4ebf2538ba5770bfa4570b4c44ee83bf1d0190e4ce,uploaded
kit,0f8b54c7-1839-4821-8c90-277e9a2e3b76.png,recruits/kit/0f8b54c7-1839-4821-8c90-277e9a2e3b76.png,https://assets.geekedoutgames.com/recruits/kit/0f8b54c7-1839-4821-8c90-277e9a2e3b76.png,ab0bdbc6564aab9f07cc6241cb45e40902d557a013f3388f0a14fc4487ae38d9,uploaded
kit,10bd7bfc-048f-432f-addd-43e6e3f50d7c.json,recruits/kit/10bd7bfc-048f-432f-addd-43e6e3f50d7c.json,https://assets.geekedoutgames.com/recruits/kit/10bd7bfc-048f-432f-addd-43e6e3f50d7c.json,2fafc44a244f47e7fc2376c2d5da1c5d5f5f991745357852e366b208464ba085,uploaded
kit,10bd7bfc-048f-432f-addd-43e6e3f50d7c.mask.png,recruits/kit/10bd7bfc-048f-432f-addd-43e6e3f50d7c.mask.png,https://assets.geekedoutgames.com/recruits/kit/10bd7bfc-048f-432f-addd-43e6e3f50d7c.mask.png,a8c0edbedd84a77f6a7fb130391a9182cec942cf15fa4d97c5cc7f602a0b1a1e,uploaded
kit,10bd7bfc-048f-432f-addd-43e6e3f50d7c.png,recruits/kit/10bd7bfc-048f-432f-addd-43e6e3f50d7c.png,https://assets.geekedoutgames.com/recruits/kit/10bd7bfc-048f-432f-addd-43e6e3f50d7c.png,84dd522cddd61f5940138f79cb2af578ff5a7842129363111ebdab6b4dc3821a,uploaded
kit,10ffe388-7f15-473f-9b9c-3de76089e56e.json,recruits/kit/10ffe388-7f15-473f-9b9c-3de76089e56e.json,https://assets.geekedoutgames.com/recruits/kit/10ffe388-7f15-473f-9b9c-3de76089e56e.json,9a33455c131790737ab7c76d9929273448fcb3edac02715ed9d4983f0dd3479f,uploaded
kit,10ffe388-7f15-473f-9b9c-3de76089e56e.mask.png,recruits/kit/10ffe388-7f15-473f-9b9c-3de76089e56e.mask.png,https://assets.geekedoutgames.com/recruits/kit/10ffe388-7f15-473f-9b9c-3de76089e56e.mask.png,6e46faceff1437e464307dbcbf75b0d99170f990ca8bd920383d848d3801257c,uploaded
kit,10ffe388-7f15-473f-9b9c-3de76089e56e.png,recruits/kit/10ffe388-7f15-473f-9b9c-3de76089e56e.png,https://assets.geekedoutgames.com/recruits/kit/10ffe388-7f15-473f-9b9c-3de76089e56e.png,e6ca94ad29d16cc6c40931efe0eecdd8baefdfb3183eeebc3bdb900a04b32b12,uploaded
kit,11a0294e-7070-4ff9-ba33-b71dee8f396f.json,recruits/kit/11a0294e-7070-4ff9-ba33-b71dee8f396f.json,https://assets.geekedoutgames.com/recruits/kit/11a0294e-7070-4ff9-ba33-b71dee8f396f.json,6d93b7afe88805e2eff306cdbcfb386418a0b02dcba6fde20d9aacc586e4a0a5,uploaded
kit,11a0294e-7070-4ff9-ba33-b71dee8f396f.mask.png,recruits/kit/11a0294e-7070-4ff9-ba33-b71dee8f396f.mask.png,https://assets.geekedoutgames.com/recruits/kit/11a0294e-7070-4ff9-ba33-b71dee8f396f.mask.png,efd0919516b73b57c7a236197f44797b90c57635289c5187852d4d35d6776f41,uploaded
kit,11a0294e-7070-4ff9-ba33-b71dee8f396f.png,recruits/kit/11a0294e-7070-4ff9-ba33-b71dee8f396f.png,https://assets.geekedoutgames.com/recruits/kit/11a0294e-7070-4ff9-ba33-b71dee8f396f.png,8a241cec60e806f04b3302ce5c9a4b71666c3db6a720d2614cccd932e273eee3,uploaded
kit,14de2860-2616-42b6-90ff-72103b5aa63c.json,recruits/kit/14de2860-2616-42b6-90ff-72103b5aa63c.json,https://assets.geekedoutgames.com/recruits/kit/14de2860-2616-42b6-90ff-72103b5aa63c.json,7129824ad36f27acab77ee2b0ec2f9051ecd61c1d07c3a9683dc44245763c8aa,uploaded
kit,14de2860-2616-42b6-90ff-72103b5aa63c.mask.png,recruits/kit/14de2860-2616-42b6-90ff-72103b5aa63c.mask.png,https://assets.geekedoutgames.com/recruits/kit/14de2860-2616-42b6-90ff-72103b5aa63c.mask.png,089a23d0c33837950ffce926945f2fffc3c9e0193722bf3d897e549a9251a355,uploaded
kit,14de2860-2616-42b6-90ff-72103b5aa63c.png,recruits/kit/14de2860-2616-42b6-90ff-72103b5aa63c.png,https://assets.geekedoutgames.com/recruits/kit/14de2860-2616-42b6-90ff-72103b5aa63c.png,4bc9d3c2eee04a4a5e008544a753e6bf966b2438a6a6b62e91898248a6ba854a,uploaded
kit,14f0b1cb-5ff0-43c6-bc29-5e1ff4d2557c.json,recruits/kit/14f0b1cb-5ff0-43c6-bc29-5e1ff4d2557c.json,https://assets.geekedoutgames.com/recruits/kit/14f0b1cb-5ff0-43c6-bc29-5e1ff4d2557c.json,aa50e1beba55d52abb3b291ad5ad3cdd0a103fcc38be5a4c0e35a33198fef6eb,uploaded
kit,14f0b1cb-5ff0-43c6-bc29-5e1ff4d2557c.mask.png,recruits/kit/14f0b1cb-5ff0-43c6-bc29-5e1ff4d2557c.mask.png,https://assets.geekedoutgames.com/recruits/kit/14f0b1cb-5ff0-43c6-bc29-5e1ff4d2557c.mask.png,c525b4635aef80c945d145526d298ae5525bcb14b25cb688df4ed0c4da178dca,uploaded
kit,14f0b1cb-5ff0-43c6-bc29-5e1ff4d2557c.png,recruits/kit/14f0b1cb-5ff0-43c6-bc29-5e1ff4d2557c.png,https://assets.geekedoutgames.com/recruits/kit/14f0b1cb-5ff0-43c6-bc29-5e1ff4d2557c.png,3f2085b0ad7fd82333739174f463e16db4beda498eccfe8674c12d2c7b3ab31f,uploaded
kit,164e400b-101b-42f0-84b1-f6914cce8ea8.json,recruits/kit/164e400b-101b-42f0-84b1-f6914cce8ea8.json,https://assets.geekedoutgames.com/recruits/kit/164e400b-101b-42f0-84b1-f6914cce8ea8.json,e6226b8860bfa494890c8548cd4786d9b75200a3113654959ffe72e2e99df8c6,uploaded
kit,164e400b-101b-42f0-84b1-f6914cce8ea8.mask.png,recruits/kit/164e400b-101b-42f0-84b1-f6914cce8ea8.mask.png,https://assets.geekedoutgames.com/recruits/kit/164e400b-101b-42f0-84b1-f6914cce8ea8.mask.png,acfa0d9666f922521cd87a2adb5e5253ab797a18700ef0882190bf3a0f0b5415,uploaded
kit,164e400b-101b-42f0-84b1-f6914cce8ea8.png,recruits/kit/164e400b-101b-42f0-84b1-f6914cce8ea8.png,https://assets.geekedoutgames.com/recruits/kit/164e400b-101b-42f0-84b1-f6914cce8ea8.png,32f576e4e8873770224cba2f192510343f106963959daaf78dc515e6de214cf9,uploaded
kit,16bef2ec-f3a2-4411-841d-4a74696a81a2.json,recruits/kit/16bef2ec-f3a2-4411-841d-4a74696a81a2.json,https://assets.geekedoutgames.com/recruits/kit/16bef2ec-f3a2-4411-841d-4a74696a81a2.json,b5cefe7fbc22b6b50139fc4131f21abf0e0eec1e8c8c9570ea4dd007e89ba876,uploaded
kit,16bef2ec-f3a2-4411-841d-4a74696a81a2.mask.png,recruits/kit/16bef2ec-f3a2-4411-841d-4a74696a81a2.mask.png,https://assets.geekedoutgames.com/recruits/kit/16bef2ec-f3a2-4411-841d-4a74696a81a2.mask.png,034cb65855c415f3e1bed7876a4e06f1ed1d33b1a250c050c6ea8af1f802f7f5,uploaded
kit,16bef2ec-f3a2-4411-841d-4a74696a81a2.png,recruits/kit/16bef2ec-f3a2-4411-841d-4a74696a81a2.png,https://assets.geekedoutgames.com/recruits/kit/16bef2ec-f3a2-4411-841d-4a74696a81a2.png,710814f0e99a39ad62a8dc16260150f454b1572592616dda8696a5ae42555b8d,uploaded
kit,18879347-fce0-4a17-a5a5-80460eec1ea0.json,recruits/kit/18879347-fce0-4a17-a5a5-80460eec1ea0.json,https://assets.geekedoutgames.com/recruits/kit/18879347-fce0-4a17-a5a5-80460eec1ea0.json,d61198b14c37726349ce5851f4d9a904048181057de01bf4cbef93a529ba9c06,uploaded
kit,18879347-fce0-4a17-a5a5-80460eec1ea0.mask.png,recruits/kit/18879347-fce0-4a17-a5a5-80460eec1ea0.mask.png,https://assets.geekedoutgames.com/recruits/kit/18879347-fce0-4a17-a5a5-80460eec1ea0.mask.png,76ca82e6bf359232d74f9f298161fbffe258e6a9fe8cb357a88fa29e3dcb2747,uploaded
kit,18879347-fce0-4a17-a5a5-80460eec1ea0.png,recruits/kit/18879347-fce0-4a17-a5a5-80460eec1ea0.png,https://assets.geekedoutgames.com/recruits/kit/18879347-fce0-4a17-a5a5-80460eec1ea0.png,4980a138db7831f35735298a2cf5d677809e159fddb873ebd99bab28231d7054,uploaded
kit,21ecba6e-a7be-4c67-8e6b-16e5f1e1aca0.json,recruits/kit/21ecba6e-a7be-4c67-8e6b-16e5f1e1aca0.json,https://assets.geekedoutgames.com/recruits/kit/21ecba6e-a7be-4c67-8e6b-16e5f1e1aca0.json,44cfa8e23d59927033cdd85b4c7482b5f17f397b7a68515899986c47af10751e,uploaded
kit,21ecba6e-a7be-4c67-8e6b-16e5f1e1aca0.mask.png,recruits/kit/21ecba6e-a7be-4c67-8e6b-16e5f1e1aca0.mask.png,https://assets.geekedoutgames.com/recruits/kit/21ecba6e-a7be-4c67-8e6b-16e5f1e1aca0.mask.png,d6150b6da6dea760d85093115eafe107a296db0ae28ab32b5f6720056ba84330,uploaded
kit,21ecba6e-a7be-4c67-8e6b-16e5f1e1aca0.png,recruits/kit/21ecba6e-a7be-4c67-8e6b-16e5f1e1aca0.png,https://assets.geekedoutgames.com/recruits/kit/21ecba6e-a7be-4c67-8e6b-16e5f1e1aca0.png,d876841dff87e837c1e7d34363773ee8f95e75f094b3c7d856e30d05c0dba402,uploaded
kit,22fbf033-d376-4ecd-a71f-bed41d5e2b1b.json,recruits/kit/22fbf033-d376-4ecd-a71f-bed41d5e2b1b.json,https://assets.geekedoutgames.com/recruits/kit/22fbf033-d376-4ecd-a71f-bed41d5e2b1b.json,53d42f99f075299482d01af926362c50434f2cc909ab038545dfa81cfd8086e0,uploaded
kit,22fbf033-d376-4ecd-a71f-bed41d5e2b1b.mask.png,recruits/kit/22fbf033-d376-4ecd-a71f-bed41d5e2b1b.mask.png,https://assets.geekedoutgames.com/recruits/kit/22fbf033-d376-4ecd-a71f-bed41d5e2b1b.mask.png,ab0ff3517bffbad723c2fd1fb47bb15c0f2af3c70332ae6d0584a340ff5cf98b,uploaded
kit,22fbf033-d376-4ecd-a71f-bed41d5e2b1b.png,recruits/kit/22fbf033-d376-4ecd-a71f-bed41d5e2b1b.png,https://assets.geekedoutgames.com/recruits/kit/22fbf033-d376-4ecd-a71f-bed41d5e2b1b.png,08b885adb0dd3b2fdffc718069141ecf69adef9f55969b8b57175528ae9d5102,uploaded
kit,246c98bc-cd09-4923-99e6-77ecad1ea9ce.json,recruits/kit/246c98bc-cd09-4923-99e6-77ecad1ea9ce.json,https://assets.geekedoutgames.com/recruits/kit/246c98bc-cd09-4923-99e6-77ecad1ea9ce.json,8abf5cd3c3c494a653f381dff33c5b4f3a3e8c5d1b7db243036b91fbe0776717,uploaded
kit,246c98bc-cd09-4923-99e6-77ecad1ea9ce.mask.png,recruits/kit/246c98bc-cd09-4923-99e6-77ecad1ea9ce.mask.png,https://assets.geekedoutgames.com/recruits/kit/246c98bc-cd09-4923-99e6-77ecad1ea9ce.mask.png,b4870154b0ed81ae74157aa176c5a1ca0579967e735de01452be0a128f7b9856,uploaded
kit,246c98bc-cd09-4923-99e6-77ecad1ea9ce.png,recruits/kit/246c98bc-cd09-4923-99e6-77ecad1ea9ce.png,https://assets.geekedoutgames.com/recruits/kit/246c98bc-cd09-4923-99e6-77ecad1ea9ce.png,45fefa24057d2f0af4df9108f1922d086347c330a6840499ce40a11fa39fe909,uploaded
kit,24922507-5592-4585-b81a-0621074eb572.json,recruits/kit/24922507-5592-4585-b81a-0621074eb572.json,https://assets.geekedoutgames.com/recruits/kit/24922507-5592-4585-b81a-0621074eb572.json,e9c61af0b9db2586936ee2aa3180f2dcffe3e5f33a2c178f85437f225c7a76b4,uploaded
kit,24922507-5592-4585-b81a-0621074eb572.mask.png,recruits/kit/24922507-5592-4585-b81a-0621074eb572.mask.png,https://assets.geekedoutgames.com/recruits/kit/24922507-5592-4585-b81a-0621074eb572.mask.png,43325470e285394584a77d5823aed856bd07d0dbacd09a505f3a820ac7a324b3,uploaded
kit,24922507-5592-4585-b81a-0621074eb572.png,recruits/kit/24922507-5592-4585-b81a-0621074eb572.png,https://assets.geekedoutgames.com/recruits/kit/24922507-5592-4585-b81a-0621074eb572.png,b8e6e17120922d3ba79b5271a39c3b32a2683c0bc3f976ab4c2fb664194914b2,uploaded
kit,2531dc0d-30b9-4fd5-ac8d-3047cc339e3f.json,recruits/kit/2531dc0d-30b9-4fd5-ac8d-3047cc339e3f.json,https://assets.geekedoutgames.com/recruits/kit/2531dc0d-30b9-4fd5-ac8d-3047cc339e3f.json,c6ab0fc8b2aad1ff3b4ae9d2137faa167b0a8f4caa2c2a4fb38bcd8955ce1e5d,uploaded
kit,2531dc0d-30b9-4fd5-ac8d-3047cc339e3f.mask.png,recruits/kit/2531dc0d-30b9-4fd5-ac8d-3047cc339e3f.mask.png,https://assets.geekedoutgames.com/recruits/kit/2531dc0d-30b9-4fd5-ac8d-3047cc339e3f.mask.png,48a2f9e53e5acfb6d20a637dd05003949722dde4608a1ce806ef3779589c4587,uploaded
kit,2531dc0d-30b9-4fd5-ac8d-3047cc339e3f.png,recruits/kit/2531dc0d-30b9-4fd5-ac8d-3047cc339e3f.png,https://assets.geekedoutgames.com/recruits/kit/2531dc0d-30b9-4fd5-ac8d-3047cc339e3f.png,5bbb97421a178b0ba07f8a4722dff1c8cf5dadcd8f21f36e9c9a8d236bc1d8ed,uploaded
kit,276c7855-5198-4bca-b4d5-8df4e0a0b868.json,recruits/kit/276c7855-5198-4bca-b4d5-8df4e0a0b868.json,https://assets.geekedoutgames.com/recruits/kit/276c7855-5198-4bca-b4d5-8df4e0a0b868.json,e7a29be6a12eea818478c5812afb9405eb41d3be819fd0e942b25784de6ee7d1,uploaded
kit,276c7855-5198-4bca-b4d5-8df4e0a0b868.mask.png,recruits/kit/276c7855-5198-4bca-b4d5-8df4e0a0b868.mask.png,https://assets.geekedoutgames.com/recruits/kit/276c7855-5198-4bca-b4d5-8df4e0a0b868.mask.png,8f7b95189ab54cc675fb6170926647024f58c5f72ebeaf201c55da1ac0893db3,uploaded
kit,276c7855-5198-4bca-b4d5-8df4e0a0b868.png,recruits/kit/276c7855-5198-4bca-b4d5-8df4e0a0b868.png,https://assets.geekedoutgames.com/recruits/kit/276c7855-5198-4bca-b4d5-8df4e0a0b868.png,7b4abd237aea7e6ce6a5ce6078f7b5b649b7df35137470dc117965149109c4af,uploaded
kit,29bef4b2-570e-4d7d-bbc9-8cad3327ec0d.json,recruits/kit/29bef4b2-570e-4d7d-bbc9-8cad3327ec0d.json,https://assets.geekedoutgames.com/recruits/kit/29bef4b2-570e-4d7d-bbc9-8cad3327ec0d.json,4b4890ec464a6019a913b5c36859c69f683aac9cec1d3fa3ab7eba0a8beec3b7,uploaded
kit,29bef4b2-570e-4d7d-bbc9-8cad3327ec0d.mask.png,recruits/kit/29bef4b2-570e-4d7d-bbc9-8cad3327ec0d.mask.png,https://assets.geekedoutgames.com/recruits/kit/29bef4b2-570e-4d7d-bbc9-8cad3327ec0d.mask.png,14fc809a2b4de6463e160e2bbbbc4332283251b52c13872bba126a44f9961c83,uploaded
kit,29bef4b2-570e-4d7d-bbc9-8cad3327ec0d.png,recruits/kit/29bef4b2-570e-4d7d-bbc9-8cad3327ec0d.png,https://assets.geekedoutgames.com/recruits/kit/29bef4b2-570e-4d7d-bbc9-8cad3327ec0d.png,92f869c5e213b1e89d18228b40906504871a0ddf6537efeae97261e863d4e898,uploaded
kit,29f3b71e-aa6a-4c5b-9476-24943a567304.json,recruits/kit/29f3b71e-aa6a-4c5b-9476-24943a567304.json,https://assets.geekedoutgames.com/recruits/kit/29f3b71e-aa6a-4c5b-9476-24943a567304.json,12a586b852ce209added4968c1e156523904f30a8450f5927e03510ce8336884,uploaded
kit,29f3b71e-aa6a-4c5b-9476-24943a567304.mask.png,recruits/kit/29f3b71e-aa6a-4c5b-9476-24943a567304.mask.png,https://assets.geekedoutgames.com/recruits/kit/29f3b71e-aa6a-4c5b-9476-24943a567304.mask.png,7c05b1ba6d827a5c645a662a2eb4e070bcac32c1ab222c7cfe4eab0922ea0a21,uploaded
kit,29f3b71e-aa6a-4c5b-9476-24943a567304.png,recruits/kit/29f3b71e-aa6a-4c5b-9476-24943a567304.png,https://assets.geekedoutgames.com/recruits/kit/29f3b71e-aa6a-4c5b-9476-24943a567304.png,386cbb8526a5701c784242999607714d97fe7dde87b66336380ff5c5e339d074,uploaded
kit,29f95b8c-4f0c-48c2-bc42-85c417a790b0.json,recruits/kit/29f95b8c-4f0c-48c2-bc42-85c417a790b0.json,https://assets.geekedoutgames.com/recruits/kit/29f95b8c-4f0c-48c2-bc42-85c417a790b0.json,65a45a4c8c1370dc1a4e53caea3924895f1d387271f6be54eaa698a0c72a536c,uploaded
kit,29f95b8c-4f0c-48c2-bc42-85c417a790b0.mask.png,recruits/kit/29f95b8c-4f0c-48c2-bc42-85c417a790b0.mask.png,https://assets.geekedoutgames.com/recruits/kit/29f95b8c-4f0c-48c2-bc42-85c417a790b0.mask.png,e5fb46eae5cf13e271d84329817f726bec1a1b1dcaddb62bf101210d1c7fa83f,uploaded
kit,29f95b8c-4f0c-48c2-bc42-85c417a790b0.png,recruits/kit/29f95b8c-4f0c-48c2-bc42-85c417a790b0.png,https://assets.geekedoutgames.com/recruits/kit/29f95b8c-4f0c-48c2-bc42-85c417a790b0.png,64c9a72c9aef7bbceb7c4cd45884bae9761f6396441b64efea382d2864d09487,uploaded
kit,2acfa3f4-1beb-4693-89f3-89b4a51da919.json,recruits/kit/2acfa3f4-1beb-4693-89f3-89b4a51da919.json,https://assets.geekedoutgames.com/recruits/kit/2acfa3f4-1beb-4693-89f3-89b4a51da919.json,a6b696df1528dbfb16fc4b0d37e0159ed3b2ca55f46abe20b96f0dae4a41db87,uploaded
kit,2acfa3f4-1beb-4693-89f3-89b4a51da919.mask.png,recruits/kit/2acfa3f4-1beb-4693-89f3-89b4a51da919.mask.png,https://assets.geekedoutgames.com/recruits/kit/2acfa3f4-1beb-4693-89f3-89b4a51da919.mask.png,cac6931e84e5cdb0a1c7b39f027a372f69a6406bb84c40eddac57bf21566b885,uploaded
kit,2acfa3f4-1beb-4693-89f3-89b4a51da919.png,recruits/kit/2acfa3f4-1beb-4693-89f3-89b4a51da919.png,https://assets.geekedoutgames.com/recruits/kit/2acfa3f4-1beb-4693-89f3-89b4a51da919.png,3cf18f5777c73aea8e4c713249be41e2910cc4b435d0983fc316859b296c4cd4,uploaded
kit,2b379e72-2f69-414d-b95a-221a16d83827.json,recruits/kit/2b379e72-2f69-414d-b95a-221a16d83827.json,https://assets.geekedoutgames.com/recruits/kit/2b379e72-2f69-414d-b95a-221a16d83827.json,e1fdd31f1f0a68bcf6df3e27d6992b03a5f80de50ea453958d06e75b22b77779,uploaded
kit,2b379e72-2f69-414d-b95a-221a16d83827.mask.png,recruits/kit/2b379e72-2f69-414d-b95a-221a16d83827.mask.png,https://assets.geekedoutgames.com/recruits/kit/2b379e72-2f69-414d-b95a-221a16d83827.mask.png,c62a50f3cccd1ed2113803f5298bd5e0735fdf92914624c4dd5015bfbde541cc,uploaded
kit,2b379e72-2f69-414d-b95a-221a16d83827.png,recruits/kit/2b379e72-2f69-414d-b95a-221a16d83827.png,https://assets.geekedoutgames.com/recruits/kit/2b379e72-2f69-414d-b95a-221a16d83827.png,ec0a430668a23e2bc27e385b5b0e2f90a00f330b45f924e6b67d5544951fa330,uploaded
kit,2e2bcd9a-bc0e-4a47-a82b-52582e158731.json,recruits/kit/2e2bcd9a-bc0e-4a47-a82b-52582e158731.json,https://assets.geekedoutgames.com/recruits/kit/2e2bcd9a-bc0e-4a47-a82b-52582e158731.json,baaa1f1c8a339f0a495dc2d96855a742e266d8c6488f13e68894c856f0e47b52,uploaded
kit,2e2bcd9a-bc0e-4a47-a82b-52582e158731.mask.png,recruits/kit/2e2bcd9a-bc0e-4a47-a82b-52582e158731.mask.png,https://assets.geekedoutgames.com/recruits/kit/2e2bcd9a-bc0e-4a47-a82b-52582e158731.mask.png,d4565b4ea03426d452dbcb917118e5c8029a99713db8d44128416fc00d9c263e,uploaded
kit,2e2bcd9a-bc0e-4a47-a82b-52582e158731.png,recruits/kit/2e2bcd9a-bc0e-4a47-a82b-52582e158731.png,https://assets.geekedoutgames.com/recruits/kit/2e2bcd9a-bc0e-4a47-a82b-52582e158731.png,b3e01c4eb4e179dd5f65c3ea72822663588a08248c45d684d19853a5da72d945,uploaded
kit,2ee01424-157b-4aae-b6e1-af7479e79ec2.json,recruits/kit/2ee01424-157b-4aae-b6e1-af7479e79ec2.json,https://assets.geekedoutgames.com/recruits/kit/2ee01424-157b-4aae-b6e1-af7479e79ec2.json,3f6cee746283f6b42a8a780f5b88cb695480778c92ae41472827cdb4f4315591,uploaded
kit,2ee01424-157b-4aae-b6e1-af7479e79ec2.mask.png,recruits/kit/2ee01424-157b-4aae-b6e1-af7479e79ec2.mask.png,https://assets.geekedoutgames.com/recruits/kit/2ee01424-157b-4aae-b6e1-af7479e79ec2.mask.png,5e0780d04e20bd527c01efce5597aae2324b4816cef0c86cd9a761d7a331c5d6,uploaded
kit,2ee01424-157b-4aae-b6e1-af7479e79ec2.png,recruits/kit/2ee01424-157b-4aae-b6e1-af7479e79ec2.png,https://assets.geekedoutgames.com/recruits/kit/2ee01424-157b-4aae-b6e1-af7479e79ec2.png,92b8bb3815c1bcc27c726cd4f335559860d0120d2eeeed0257658aa5e2b9df70,uploaded
kit,30798443-b6a7-463c-8759-86435153fc1e.json,recruits/kit/30798443-b6a7-463c-8759-86435153fc1e.json,https://assets.geekedoutgames.com/recruits/kit/30798443-b6a7-463c-8759-86435153fc1e.json,d2106213e44d5d6df1d4e8f71af35973f851969030088a7814a81781fdcea446,uploaded
kit,30798443-b6a7-463c-8759-86435153fc1e.mask.png,recruits/kit/30798443-b6a7-463c-8759-86435153fc1e.mask.png,https://assets.geekedoutgames.com/recruits/kit/30798443-b6a7-463c-8759-86435153fc1e.mask.png,cc32d5fbe76091cdaa358fd602446abfe17e670a1cb7d09b32ffc80c0eb5791f,uploaded
kit,30798443-b6a7-463c-8759-86435153fc1e.png,recruits/kit/30798443-b6a7-463c-8759-86435153fc1e.png,https://assets.geekedoutgames.com/recruits/kit/30798443-b6a7-463c-8759-86435153fc1e.png,10467cfaa03c1f77531edc52d268a7ae2b5e2a62e2df7dd6c702d2f61e7aa0a7,uploaded
kit,307f3a0a-bbe5-4c98-892d-9fc9ca5e9526.json,recruits/kit/307f3a0a-bbe5-4c98-892d-9fc9ca5e9526.json,https://assets.geekedoutgames.com/recruits/kit/307f3a0a-bbe5-4c98-892d-9fc9ca5e9526.json,44cfa8e23d59927033cdd85b4c7482b5f17f397b7a68515899986c47af10751e,uploaded
kit,307f3a0a-bbe5-4c98-892d-9fc9ca5e9526.mask.png,recruits/kit/307f3a0a-bbe5-4c98-892d-9fc9ca5e9526.mask.png,https://assets.geekedoutgames.com/recruits/kit/307f3a0a-bbe5-4c98-892d-9fc9ca5e9526.mask.png,f287d98a140cfb3531cb018a123f5e355cf4eaa2b6eca1a3caa34a0b3b8a866f,uploaded
kit,307f3a0a-bbe5-4c98-892d-9fc9ca5e9526.png,recruits/kit/307f3a0a-bbe5-4c98-892d-9fc9ca5e9526.png,https://assets.geekedoutgames.com/recruits/kit/307f3a0a-bbe5-4c98-892d-9fc9ca5e9526.png,c4b9a2689465aa71768ec447488c16b0acd9bd3fdc866eedc5bb5f97217167f0,uploaded
kit,326dd8ae-2205-4fee-b016-089d1c7a386f.json,recruits/kit/326dd8ae-2205-4fee-b016-089d1c7a386f.json,https://assets.geekedoutgames.com/recruits/kit/326dd8ae-2205-4fee-b016-089d1c7a386f.json,990a798fb48aca36454944c4537ac3c263f13db137b8a66695f731e1fb746479,uploaded
kit,326dd8ae-2205-4fee-b016-089d1c7a386f.mask.png,recruits/kit/326dd8ae-2205-4fee-b016-089d1c7a386f.mask.png,https://assets.geekedoutgames.com/recruits/kit/326dd8ae-2205-4fee-b016-089d1c7a386f.mask.png,e97ef5054ad7d6ffb4c87c21b6f30936fe187ad5ecbad2fc266ac2cc08a073b8,uploaded
kit,326dd8ae-2205-4fee-b016-089d1c7a386f.png,recruits/kit/326dd8ae-2205-4fee-b016-089d1c7a386f.png,https://assets.geekedoutgames.com/recruits/kit/326dd8ae-2205-4fee-b016-089d1c7a386f.png,63ae15bfd978392890abb4b330110179413185f34adad51317ed84bc17af4b0c,uploaded
kit,335225ff-0bfb-4792-b6da-19c9b778c13e.json,recruits/kit/335225ff-0bfb-4792-b6da-19c9b778c13e.json,https://assets.geekedoutgames.com/recruits/kit/335225ff-0bfb-4792-b6da-19c9b778c13e.json,45a94c50f4f0a02e77c3fae73f4da62f4e3626f8227395af51b4bc62460788df,uploaded
kit,335225ff-0bfb-4792-b6da-19c9b778c13e.mask.png,recruits/kit/335225ff-0bfb-4792-b6da-19c9b778c13e.mask.png,https://assets.geekedoutgames.com/recruits/kit/335225ff-0bfb-4792-b6da-19c9b778c13e.mask.png,94d237c7982592642cdcefada42745deafe74023373ed63970e1238841747136,uploaded
kit,335225ff-0bfb-4792-b6da-19c9b778c13e.png,recruits/kit/335225ff-0bfb-4792-b6da-19c9b778c13e.png,https://assets.geekedoutgames.com/recruits/kit/335225ff-0bfb-4792-b6da-19c9b778c13e.png,6ef7952ac70ffade289cb24c580023026d8672e5df974e95dbaa7f394820ad3c,uploaded
kit,33cb8b95-a5d4-4431-b06a-e741b40d198b.json,recruits/kit/33cb8b95-a5d4-4431-b06a-e741b40d198b.json,https://assets.geekedoutgames.com/recruits/kit/33cb8b95-a5d4-4431-b06a-e741b40d198b.json,bf32d3d17a4b95b99edb085de5a210b9e5ac89901dfafa919196fcb42bb40afa,uploaded
kit,33cb8b95-a5d4-4431-b06a-e741b40d198b.mask.png,recruits/kit/33cb8b95-a5d4-4431-b06a-e741b40d198b.mask.png,https://assets.geekedoutgames.com/recruits/kit/33cb8b95-a5d4-4431-b06a-e741b40d198b.mask.png,cfafe5209074933229800dd6557c28c4daaf327d8c8b19aac9cb186a7430eb0a,uploaded
kit,33cb8b95-a5d4-4431-b06a-e741b40d198b.png,recruits/kit/33cb8b95-a5d4-4431-b06a-e741b40d198b.png,https://assets.geekedoutgames.com/recruits/kit/33cb8b95-a5d4-4431-b06a-e741b40d198b.png,81df0cd3508fe9758f8640b3117e9f70431a14b3edf24304b57550e69f0385d0,uploaded
kit,34f21e9f-069b-438b-b64f-c099812c71af.json,recruits/kit/34f21e9f-069b-438b-b64f-c099812c71af.json,https://assets.geekedoutgames.com/recruits/kit/34f21e9f-069b-438b-b64f-c099812c71af.json,f0653c97b9797b41341d6887eb0fade9325f40e7863aff60bce37a4bc92fb88d,uploaded
kit,34f21e9f-069b-438b-b64f-c099812c71af.mask.png,recruits/kit/34f21e9f-069b-438b-b64f-c099812c71af.mask.png,https://assets.geekedoutgames.com/recruits/kit/34f21e9f-069b-438b-b64f-c099812c71af.mask.png,7576ba3149947a82d82feb0a8852de1c5ab1734b15f77aba8b413e966c078580,uploaded
kit,34f21e9f-069b-438b-b64f-c099812c71af.png,recruits/kit/34f21e9f-069b-438b-b64f-c099812c71af.png,https://assets.geekedoutgames.com/recruits/kit/34f21e9f-069b-438b-b64f-c099812c71af.png,508eeab61c1137aa03d9afa20ec00fd4254ed1b3670d353d094692066abe94ec,uploaded
kit,35b088db-9198-42f9-bc4d-c99afa54d125.json,recruits/kit/35b088db-9198-42f9-bc4d-c99afa54d125.json,https://assets.geekedoutgames.com/recruits/kit/35b088db-9198-42f9-bc4d-c99afa54d125.json,8958a793a46dd91b6f4f95d6917796f5d3dcd98dcb07007edc193955fd692b37,uploaded
kit,35b088db-9198-42f9-bc4d-c99afa54d125.mask.png,recruits/kit/35b088db-9198-42f9-bc4d-c99afa54d125.mask.png,https://assets.geekedoutgames.com/recruits/kit/35b088db-9198-42f9-bc4d-c99afa54d125.mask.png,dc569795f22de9bdaca90abca2f1c084bbd18709af271415e814d7451ef19722,uploaded
kit,35b088db-9198-42f9-bc4d-c99afa54d125.png,recruits/kit/35b088db-9198-42f9-bc4d-c99afa54d125.png,https://assets.geekedoutgames.com/recruits/kit/35b088db-9198-42f9-bc4d-c99afa54d125.png,0c3086f0f596ba0ccb6549d28ba2cedaa38ce20fceae192450065984515be5ce,uploaded
kit,36e6de08-2c62-4c44-b9f7-c8cdf9a38ba2.json,recruits/kit/36e6de08-2c62-4c44-b9f7-c8cdf9a38ba2.json,https://assets.geekedoutgames.com/recruits/kit/36e6de08-2c62-4c44-b9f7-c8cdf9a38ba2.json,36a75e2a6ac1c501050d8ed2c0c4c2f635112b7936b85873ae6d661891995c4e,uploaded
kit,36e6de08-2c62-4c44-b9f7-c8cdf9a38ba2.mask.png,recruits/kit/36e6de08-2c62-4c44-b9f7-c8cdf9a38ba2.mask.png,https://assets.geekedoutgames.com/recruits/kit/36e6de08-2c62-4c44-b9f7-c8cdf9a38ba2.mask.png,35428020328db805be05f85efbced61be70b7a7075a4644989d95a36cda210d9,uploaded
kit,36e6de08-2c62-4c44-b9f7-c8cdf9a38ba2.png,recruits/kit/36e6de08-2c62-4c44-b9f7-c8cdf9a38ba2.png,https://assets.geekedoutgames.com/recruits/kit/36e6de08-2c62-4c44-b9f7-c8cdf9a38ba2.png,cbca8370f215f0c74684a79a83a2c081756e47c4c0cd2800d87ee58c324af670,uploaded
kit,376b3812-7c28-485c-ac82-ccbf84e2438b.json,recruits/kit/376b3812-7c28-485c-ac82-ccbf84e2438b.json,https://assets.geekedoutgames.com/recruits/kit/376b3812-7c28-485c-ac82-ccbf84e2438b.json,df350b7b4438a7f6c2de5eed2e601a1d400c383d3b375bc59186919b17e50f0a,uploaded
kit,376b3812-7c28-485c-ac82-ccbf84e2438b.mask.png,recruits/kit/376b3812-7c28-485c-ac82-ccbf84e2438b.mask.png,https://assets.geekedoutgames.com/recruits/kit/376b3812-7c28-485c-ac82-ccbf84e2438b.mask.png,155884afead26824d48d3361bcbc66e15af466f19c057c798be78bd76c43dc35,uploaded
kit,376b3812-7c28-485c-ac82-ccbf84e2438b.png,recruits/kit/376b3812-7c28-485c-ac82-ccbf84e2438b.png,https://assets.geekedoutgames.com/recruits/kit/376b3812-7c28-485c-ac82-ccbf84e2438b.png,67c6e773198956e6f22b78f2d274033b6b24822041dc5d85ee9df085de5c43b4,uploaded
kit,3a86a184-afb3-498c-b9d7-70c67cbc3f90.json,recruits/kit/3a86a184-afb3-498c-b9d7-70c67cbc3f90.json,https://assets.geekedoutgames.com/recruits/kit/3a86a184-afb3-498c-b9d7-70c67cbc3f90.json,f11cc6280bd5c78523332449ff1f74c41422f0fd6514267a9a8cfe26bd3dc665,uploaded
kit,3a86a184-afb3-498c-b9d7-70c67cbc3f90.mask.png,recruits/kit/3a86a184-afb3-498c-b9d7-70c67cbc3f90.mask.png,https://assets.geekedoutgames.com/recruits/kit/3a86a184-afb3-498c-b9d7-70c67cbc3f90.mask.png,db6474cdcf740c56b69e4e78254cc282177a3579b59fa4da89dd18cba9c88852,uploaded
kit,3a86a184-afb3-498c-b9d7-70c67cbc3f90.png,recruits/kit/3a86a184-afb3-498c-b9d7-70c67cbc3f90.png,https://assets.geekedoutgames.com/recruits/kit/3a86a184-afb3-498c-b9d7-70c67cbc3f90.png,f93da30bf563282f23735a5a5df51eea99cefd783f96045ef563be1afb94dd0c,uploaded
kit,3b049fab-700c-430b-a98a-e27d50f03b53.json,recruits/kit/3b049fab-700c-430b-a98a-e27d50f03b53.json,https://assets.geekedoutgames.com/recruits/kit/3b049fab-700c-430b-a98a-e27d50f03b53.json,1b28c4c64a483a2b5c65474cb8f621d4e86846d9a4bcb135e189d71fd7c26b89,uploaded
kit,3b049fab-700c-430b-a98a-e27d50f03b53.mask.png,recruits/kit/3b049fab-700c-430b-a98a-e27d50f03b53.mask.png,https://assets.geekedoutgames.com/recruits/kit/3b049fab-700c-430b-a98a-e27d50f03b53.mask.png,eb5af6177f9e414e2cf1cb053e4b65f4f8664c5e5abb06ae3125f4f732be1973,uploaded
kit,3b049fab-700c-430b-a98a-e27d50f03b53.png,recruits/kit/3b049fab-700c-430b-a98a-e27d50f03b53.png,https://assets.geekedoutgames.com/recruits/kit/3b049fab-700c-430b-a98a-e27d50f03b53.png,cc92023782ba4a135333f4cad5570c9fd10c7dfa7ab7f59cf69d85b5cfc9db79,uploaded
kit,3bb08b84-cff7-46e3-8f7d-c9e0af0acc7a.json,recruits/kit/3bb08b84-cff7-46e3-8f7d-c9e0af0acc7a.json,https://assets.geekedoutgames.com/recruits/kit/3bb08b84-cff7-46e3-8f7d-c9e0af0acc7a.json,53d42f99f075299482d01af926362c50434f2cc909ab038545dfa81cfd8086e0,uploaded
kit,3bb08b84-cff7-46e3-8f7d-c9e0af0acc7a.mask.png,recruits/kit/3bb08b84-cff7-46e3-8f7d-c9e0af0acc7a.mask.png,https://assets.geekedoutgames.com/recruits/kit/3bb08b84-cff7-46e3-8f7d-c9e0af0acc7a.mask.png,a7ea694b42ef848acbc12eb3413bdc0f807137fad79b337d976ed6544b7ce269,uploaded
kit,3bb08b84-cff7-46e3-8f7d-c9e0af0acc7a.png,recruits/kit/3bb08b84-cff7-46e3-8f7d-c9e0af0acc7a.png,https://assets.geekedoutgames.com/recruits/kit/3bb08b84-cff7-46e3-8f7d-c9e0af0acc7a.png,1179997137889406c982bab0b90e0dd1fe05382eda0bfb43f381387442d37430,uploaded
kit,3e1f844a-ae5f-40b5-a3fa-5ebe46014630.json,recruits/kit/3e1f844a-ae5f-40b5-a3fa-5ebe46014630.json,https://assets.geekedoutgames.com/recruits/kit/3e1f844a-ae5f-40b5-a3fa-5ebe46014630.json,7e3d7534e34e68ac44282f917259c0b43a18993890b824d48380b9560f246e10,uploaded
kit,3e1f844a-ae5f-40b5-a3fa-5ebe46014630.mask.png,recruits/kit/3e1f844a-ae5f-40b5-a3fa-5ebe46014630.mask.png,https://assets.geekedoutgames.com/recruits/kit/3e1f844a-ae5f-40b5-a3fa-5ebe46014630.mask.png,91da835c395018602195d621b1adb332682d1ea9fa598b013e8d3abb2ab17942,uploaded
kit,3e1f844a-ae5f-40b5-a3fa-5ebe46014630.png,recruits/kit/3e1f844a-ae5f-40b5-a3fa-5ebe46014630.png,https://assets.geekedoutgames.com/recruits/kit/3e1f844a-ae5f-40b5-a3fa-5ebe46014630.png,ee95405cad84b8b29b194a050e42d93aa313b17bf053be078a67a72ebf131ca8,uploaded
kit,40dc6ea7-11fc-43bf-ad86-4fb290b31a20.json,recruits/kit/40dc6ea7-11fc-43bf-ad86-4fb290b31a20.json,https://assets.geekedoutgames.com/recruits/kit/40dc6ea7-11fc-43bf-ad86-4fb290b31a20.json,c854d3c971aa5b678b418b80c4df4e8732e33ec15e7465d81b34ea0577ce32b9,uploaded
kit,40dc6ea7-11fc-43bf-ad86-4fb290b31a20.mask.png,recruits/kit/40dc6ea7-11fc-43bf-ad86-4fb290b31a20.mask.png,https://assets.geekedoutgames.com/recruits/kit/40dc6ea7-11fc-43bf-ad86-4fb290b31a20.mask.png,ff2cba0f0651527d6e0fcda3936ffcfffe4969ec5b79f60fbd6de73f5004bd75,uploaded
kit,40dc6ea7-11fc-43bf-ad86-4fb290b31a20.png,recruits/kit/40dc6ea7-11fc-43bf-ad86-4fb290b31a20.png,https://assets.geekedoutgames.com/recruits/kit/40dc6ea7-11fc-43bf-ad86-4fb290b31a20.png,866a64e8787407b482d10f6967dd6b03ccde56cdb52950d4d868c884ad371db7,uploaded
kit,44d32fda-5bbf-43d8-928e-22300e6ebb51.json,recruits/kit/44d32fda-5bbf-43d8-928e-22300e6ebb51.json,https://assets.geekedoutgames.com/recruits/kit/44d32fda-5bbf-43d8-928e-22300e6ebb51.json,3d01254b7d03881458b9e9336be3cba314943b3fcb622914f93baa52c26a1bb9,uploaded
kit,44d32fda-5bbf-43d8-928e-22300e6ebb51.mask.png,recruits/kit/44d32fda-5bbf-43d8-928e-22300e6ebb51.mask.png,https://assets.geekedoutgames.com/recruits/kit/44d32fda-5bbf-43d8-928e-22300e6ebb51.mask.png,1a89aa39a961a614bf015a3eba6de65876544eae1c5a9fc9d57c1a8f2cd2ba5c,uploaded
kit,44d32fda-5bbf-43d8-928e-22300e6ebb51.png,recruits/kit/44d32fda-5bbf-43d8-928e-22300e6ebb51.png,https://assets.geekedoutgames.com/recruits/kit/44d32fda-5bbf-43d8-928e-22300e6ebb51.png,1dd5f98b9f907474c689a78d855dcd1f0cc2c85f7ac14a8653843edd42f70e54,uploaded
kit,4598c249-0359-4d83-8bb4-ec63d8f10063.json,recruits/kit/4598c249-0359-4d83-8bb4-ec63d8f10063.json,https://assets.geekedoutgames.com/recruits/kit/4598c249-0359-4d83-8bb4-ec63d8f10063.json,3a0d84f80114e167e3bac8e49e55227eb921c1d6390253dd090d1400e29b246d,uploaded
kit,4598c249-0359-4d83-8bb4-ec63d8f10063.mask.png,recruits/kit/4598c249-0359-4d83-8bb4-ec63d8f10063.mask.png,https://assets.geekedoutgames.com/recruits/kit/4598c249-0359-4d83-8bb4-ec63d8f10063.mask.png,a6318289d33f613e83c929c0fe024f23eacb4cbf709ce2a260023dbf32bad03d,uploaded
kit,4598c249-0359-4d83-8bb4-ec63d8f10063.png,recruits/kit/4598c249-0359-4d83-8bb4-ec63d8f10063.png,https://assets.geekedoutgames.com/recruits/kit/4598c249-0359-4d83-8bb4-ec63d8f10063.png,00b7f839e05f61fa10869aba5773a9ec4feae5a3974ddfc7b06bf3ad589894df,uploaded
kit,45c28145-24f1-49ef-9f0d-346f2c56c7d8.json,recruits/kit/45c28145-24f1-49ef-9f0d-346f2c56c7d8.json,https://assets.geekedoutgames.com/recruits/kit/45c28145-24f1-49ef-9f0d-346f2c56c7d8.json,c7c1be31ff579f0768674ad57f2502de8ff1cf647c78bdb6f607a5121393ae0c,uploaded
kit,45c28145-24f1-49ef-9f0d-346f2c56c7d8.mask.png,recruits/kit/45c28145-24f1-49ef-9f0d-346f2c56c7d8.mask.png,https://assets.geekedoutgames.com/recruits/kit/45c28145-24f1-49ef-9f0d-346f2c56c7d8.mask.png,6c32cdb1f77b561371d42aeb6bd284ef30c4b4c48c40d357f9f7bde496cf1f47,uploaded
kit,45c28145-24f1-49ef-9f0d-346f2c56c7d8.png,recruits/kit/45c28145-24f1-49ef-9f0d-346f2c56c7d8.png,https://assets.geekedoutgames.com/recruits/kit/45c28145-24f1-49ef-9f0d-346f2c56c7d8.png,532da8761a4e72a4e10181cb0722172856df0279c0bd604190ce664c120dab5b,uploaded
kit,4618bfbe-2c6d-4002-8431-fe6ec04ada7e.json,recruits/kit/4618bfbe-2c6d-4002-8431-fe6ec04ada7e.json,https://assets.geekedoutgames.com/recruits/kit/4618bfbe-2c6d-4002-8431-fe6ec04ada7e.json,7dd881dda492c7a00c8819e3e1ce75fe0c74779bf8fb66f7f51cc730b40ed088,uploaded
kit,4618bfbe-2c6d-4002-8431-fe6ec04ada7e.mask.png,recruits/kit/4618bfbe-2c6d-4002-8431-fe6ec04ada7e.mask.png,https://assets.geekedoutgames.com/recruits/kit/4618bfbe-2c6d-4002-8431-fe6ec04ada7e.mask.png,c592feadfa8636d5f1214a05f65d7cd277b3d0d8008736030c2fa8aa078cef24,uploaded
kit,4618bfbe-2c6d-4002-8431-fe6ec04ada7e.png,recruits/kit/4618bfbe-2c6d-4002-8431-fe6ec04ada7e.png,https://assets.geekedoutgames.com/recruits/kit/4618bfbe-2c6d-4002-8431-fe6ec04ada7e.png,4619f9fd43a97c4ad726bb8aaddf5e3274c3512cf7539d4c228d3708890dbdb6,uploaded
kit,46c7bbaa-6112-4279-a6bc-0424274caea5.json,recruits/kit/46c7bbaa-6112-4279-a6bc-0424274caea5.json,https://assets.geekedoutgames.com/recruits/kit/46c7bbaa-6112-4279-a6bc-0424274caea5.json,f58033cbac706753defb62cda1faf026e3ec2b8d4e5b7bf0fa461b9a17e23f5d,uploaded
kit,46c7bbaa-6112-4279-a6bc-0424274caea5.mask.png,recruits/kit/46c7bbaa-6112-4279-a6bc-0424274caea5.mask.png,https://assets.geekedoutgames.com/recruits/kit/46c7bbaa-6112-4279-a6bc-0424274caea5.mask.png,d05866fe678c2c0e902bc3f6b5a2de58a44b92875011932f2a0c95e3ee4c5472,uploaded
kit,46c7bbaa-6112-4279-a6bc-0424274caea5.png,recruits/kit/46c7bbaa-6112-4279-a6bc-0424274caea5.png,https://assets.geekedoutgames.com/recruits/kit/46c7bbaa-6112-4279-a6bc-0424274caea5.png,7ee4c478241d667cb62bbf957542fb7c1df899353502e8f2d6fa22d0cdfa5c17,uploaded
kit,4a405283-f423-4494-9a02-9ac182c2a27f.json,recruits/kit/4a405283-f423-4494-9a02-9ac182c2a27f.json,https://assets.geekedoutgames.com/recruits/kit/4a405283-f423-4494-9a02-9ac182c2a27f.json,13a00dadaeea4369acca6f386a5571d00debf9c6068e2f1a79e53b6b2ea5991c,uploaded
kit,4a405283-f423-4494-9a02-9ac182c2a27f.mask.png,recruits/kit/4a405283-f423-4494-9a02-9ac182c2a27f.mask.png,https://assets.geekedoutgames.com/recruits/kit/4a405283-f423-4494-9a02-9ac182c2a27f.mask.png,281454e84a865a8841122817ce3f1e0082889917c76e95b42d227626bf150bba,uploaded
kit,4a405283-f423-4494-9a02-9ac182c2a27f.png,recruits/kit/4a405283-f423-4494-9a02-9ac182c2a27f.png,https://assets.geekedoutgames.com/recruits/kit/4a405283-f423-4494-9a02-9ac182c2a27f.png,782e13574430a309cf766bcfe302639e610fc257373da25dbe95ddaa526a34ca,uploaded
kit,4a444c35-1847-4b3b-9d61-d1a7700a34c4.json,recruits/kit/4a444c35-1847-4b3b-9d61-d1a7700a34c4.json,https://assets.geekedoutgames.com/recruits/kit/4a444c35-1847-4b3b-9d61-d1a7700a34c4.json,d5d8f241d3f77e1a71163c188c1d079c594660c52569c7fe92f1b713a4a20e5f,uploaded
kit,4a444c35-1847-4b3b-9d61-d1a7700a34c4.mask.png,recruits/kit/4a444c35-1847-4b3b-9d61-d1a7700a34c4.mask.png,https://assets.geekedoutgames.com/recruits/kit/4a444c35-1847-4b3b-9d61-d1a7700a34c4.mask.png,07bddf2552f74c9493fd6907365036d82c5af94c09c9ccac4b970b34fac9ca8c,uploaded
kit,4a444c35-1847-4b3b-9d61-d1a7700a34c4.png,recruits/kit/4a444c35-1847-4b3b-9d61-d1a7700a34c4.png,https://assets.geekedoutgames.com/recruits/kit/4a444c35-1847-4b3b-9d61-d1a7700a34c4.png,dd11a8f33b6dddbeb5d9e993e0d3913a5311c1562c56ff567522825e85943421,uploaded
kit,4bcc7834-1a27-4316-acd5-c0730b6d0ead.json,recruits/kit/4bcc7834-1a27-4316-acd5-c0730b6d0ead.json,https://assets.geekedoutgames.com/recruits/kit/4bcc7834-1a27-4316-acd5-c0730b6d0ead.json,49467fee4ca09ed675682efc3ecff5a7c12ca589d570b10e85fa44664dbf4c8a,uploaded
kit,4bcc7834-1a27-4316-acd5-c0730b6d0ead.mask.png,recruits/kit/4bcc7834-1a27-4316-acd5-c0730b6d0ead.mask.png,https://assets.geekedoutgames.com/recruits/kit/4bcc7834-1a27-4316-acd5-c0730b6d0ead.mask.png,a271bf551c2762af27919d131af2e04dfca03b7f3e0560bffbf9413f31ebc406,uploaded
kit,4bcc7834-1a27-4316-acd5-c0730b6d0ead.png,recruits/kit/4bcc7834-1a27-4316-acd5-c0730b6d0ead.png,https://assets.geekedoutgames.com/recruits/kit/4bcc7834-1a27-4316-acd5-c0730b6d0ead.png,9bed1292f7d83832ae187efb61714502346b2d4e9db1fc0c05b0db785c1275e2,uploaded
kit,4bde67d6-59e1-4197-9cf0-00fd5cacc6a5.json,recruits/kit/4bde67d6-59e1-4197-9cf0-00fd5cacc6a5.json,https://assets.geekedoutgames.com/recruits/kit/4bde67d6-59e1-4197-9cf0-00fd5cacc6a5.json,6b2e72c51fdec0a9ebc1476b95918d1d146838e86be4e8ec1283e806d75baf5a,uploaded
kit,4bde67d6-59e1-4197-9cf0-00fd5cacc6a5.mask.png,recruits/kit/4bde67d6-59e1-4197-9cf0-00fd5cacc6a5.mask.png,https://assets.geekedoutgames.com/recruits/kit/4bde67d6-59e1-4197-9cf0-00fd5cacc6a5.mask.png,a166ffbff5d4b966bb1e50d1b52a4b53f0bbd39a1b1c459c25b9ba4d80f2be67,uploaded
kit,4bde67d6-59e1-4197-9cf0-00fd5cacc6a5.png,recruits/kit/4bde67d6-59e1-4197-9cf0-00fd5cacc6a5.png,https://assets.geekedoutgames.com/recruits/kit/4bde67d6-59e1-4197-9cf0-00fd5cacc6a5.png,64ca2513ebf0fa7450f33581128ecebbce18ee58054d63f3c1a3b9d1b3282667,uploaded
kit,4d548c56-dcc9-4861-a3e8-96d0a7f45ae1.json,recruits/kit/4d548c56-dcc9-4861-a3e8-96d0a7f45ae1.json,https://assets.geekedoutgames.com/recruits/kit/4d548c56-dcc9-4861-a3e8-96d0a7f45ae1.json,3897977e28699148d9e1083f668ac410731cb40fcc60859746b9de5d4237b0e6,uploaded
kit,4d548c56-dcc9-4861-a3e8-96d0a7f45ae1.mask.png,recruits/kit/4d548c56-dcc9-4861-a3e8-96d0a7f45ae1.mask.png,https://assets.geekedoutgames.com/recruits/kit/4d548c56-dcc9-4861-a3e8-96d0a7f45ae1.mask.png,0b18e80977d4b97afefc617153502487c8c53812b3b45f177a0a3f4ff0d1efa6,uploaded
kit,4d548c56-dcc9-4861-a3e8-96d0a7f45ae1.png,recruits/kit/4d548c56-dcc9-4861-a3e8-96d0a7f45ae1.png,https://assets.geekedoutgames.com/recruits/kit/4d548c56-dcc9-4861-a3e8-96d0a7f45ae1.png,3378c6c89f97f7a387005fab263025bf87913c602cf6c82f8783c9edf2e69b26,uploaded
kit,4e22e519-d1b3-4ffb-b4fd-16083e97d0f8.json,recruits/kit/4e22e519-d1b3-4ffb-b4fd-16083e97d0f8.json,https://assets.geekedoutgames.com/recruits/kit/4e22e519-d1b3-4ffb-b4fd-16083e97d0f8.json,5817daef08be8c2cbac41d041f55b619a2279684e26f6bf6467338e39df884cd,uploaded
kit,4e22e519-d1b3-4ffb-b4fd-16083e97d0f8.mask.png,recruits/kit/4e22e519-d1b3-4ffb-b4fd-16083e97d0f8.mask.png,https://assets.geekedoutgames.com/recruits/kit/4e22e519-d1b3-4ffb-b4fd-16083e97d0f8.mask.png,10065d61a43b4db2ec740ba417ec5ab37c3d1ae80c9fb2e9b98b2f4ba3d0771d,uploaded
kit,4e22e519-d1b3-4ffb-b4fd-16083e97d0f8.png,recruits/kit/4e22e519-d1b3-4ffb-b4fd-16083e97d0f8.png,https://assets.geekedoutgames.com/recruits/kit/4e22e519-d1b3-4ffb-b4fd-16083e97d0f8.png,b4d16971b9a90454ae357708f24068878a7bd8ed23d2f2c11973e79d39febd0e,uploaded
kit,4e9f31a5-3d04-4f3d-b7ea-83f262b2594e.json,recruits/kit/4e9f31a5-3d04-4f3d-b7ea-83f262b2594e.json,https://assets.geekedoutgames.com/recruits/kit/4e9f31a5-3d04-4f3d-b7ea-83f262b2594e.json,53d42f99f075299482d01af926362c50434f2cc909ab038545dfa81cfd8086e0,uploaded
kit,4e9f31a5-3d04-4f3d-b7ea-83f262b2594e.mask.png,recruits/kit/4e9f31a5-3d04-4f3d-b7ea-83f262b2594e.mask.png,https://assets.geekedoutgames.com/recruits/kit/4e9f31a5-3d04-4f3d-b7ea-83f262b2594e.mask.png,512a8e7fe8c58c08cd8e266c435be585c1cad194ddf5478711ab7a8e47c65864,uploaded
kit,4e9f31a5-3d04-4f3d-b7ea-83f262b2594e.png,recruits/kit/4e9f31a5-3d04-4f3d-b7ea-83f262b2594e.png,https://assets.geekedoutgames.com/recruits/kit/4e9f31a5-3d04-4f3d-b7ea-83f262b2594e.png,dc7211e6be12d578d6a341923a6a4e6788f5e2540544885c4f93bfcc30314c49,uploaded
kit,52b089ef-c03b-439b-ad7f-e7028175b340.json,recruits/kit/52b089ef-c03b-439b-ad7f-e7028175b340.json,https://assets.geekedoutgames.com/recruits/kit/52b089ef-c03b-439b-ad7f-e7028175b340.json,53d42f99f075299482d01af926362c50434f2cc909ab038545dfa81cfd8086e0,uploaded
kit,52b089ef-c03b-439b-ad7f-e7028175b340.mask.png,recruits/kit/52b089ef-c03b-439b-ad7f-e7028175b340.mask.png,https://assets.geekedoutgames.com/recruits/kit/52b089ef-c03b-439b-ad7f-e7028175b340.mask.png,aea341a68eec06e2e1be65f95968bf4ddbabd284e4b64187931570df510269ea,uploaded
kit,52b089ef-c03b-439b-ad7f-e7028175b340.png,recruits/kit/52b089ef-c03b-439b-ad7f-e7028175b340.png,https://assets.geekedoutgames.com/recruits/kit/52b089ef-c03b-439b-ad7f-e7028175b340.png,3f9d69ff0dca3dbf498010c6670a127d7c2402c9714d86e416b52426a37dec60,uploaded
kit,52d6f268-a264-4238-a99c-651b119ced00.json,recruits/kit/52d6f268-a264-4238-a99c-651b119ced00.json,https://assets.geekedoutgames.com/recruits/kit/52d6f268-a264-4238-a99c-651b119ced00.json,f612ec90fbefefcaab5ecdc7cf5c8a8637c6db3d2397e5ca868e7bbb052e2651,uploaded
kit,52d6f268-a264-4238-a99c-651b119ced00.mask.png,recruits/kit/52d6f268-a264-4238-a99c-651b119ced00.mask.png,https://assets.geekedoutgames.com/recruits/kit/52d6f268-a264-4238-a99c-651b119ced00.mask.png,017ba307483e6c8dc7b43ffbcc1eabcb80b7a80b0621cded6b4bffbdc2645f0f,uploaded
kit,52d6f268-a264-4238-a99c-651b119ced00.png,recruits/kit/52d6f268-a264-4238-a99c-651b119ced00.png,https://assets.geekedoutgames.com/recruits/kit/52d6f268-a264-4238-a99c-651b119ced00.png,399fef3183ae285f8a11beeac7335eb6b67018d3ead76b6fc9be669fdbf8af50,uploaded
kit,53d622b8-e9c4-41a4-a99d-51f7f337289e.json,recruits/kit/53d622b8-e9c4-41a4-a99d-51f7f337289e.json,https://assets.geekedoutgames.com/recruits/kit/53d622b8-e9c4-41a4-a99d-51f7f337289e.json,b4545742b68a230cf88191831a7f6afbfc72990e21c3cd0a2c6ca588fb35ca5c,uploaded
kit,53d622b8-e9c4-41a4-a99d-51f7f337289e.mask.png,recruits/kit/53d622b8-e9c4-41a4-a99d-51f7f337289e.mask.png,https://assets.geekedoutgames.com/recruits/kit/53d622b8-e9c4-41a4-a99d-51f7f337289e.mask.png,9d2c9e71e7d71de64d6ac330ab3be3a1bc538e0a86ad67547c6932f375abc6fa,uploaded
kit,53d622b8-e9c4-41a4-a99d-51f7f337289e.png,recruits/kit/53d622b8-e9c4-41a4-a99d-51f7f337289e.png,https://assets.geekedoutgames.com/recruits/kit/53d622b8-e9c4-41a4-a99d-51f7f337289e.png,a90d2db5a237811b0062d179aacc7800aecb40c09d88d756976563379a3cb07c,uploaded
kit,5511748a-b4ff-48e3-b932-8a3a7e2faf82.json,recruits/kit/5511748a-b4ff-48e3-b932-8a3a7e2faf82.json,https://assets.geekedoutgames.com/recruits/kit/5511748a-b4ff-48e3-b932-8a3a7e2faf82.json,1ca61e89ce4b1dc8d8b113ec82eb472c6b798485ca7ea16ceb5be84e2cb3008c,uploaded
kit,5511748a-b4ff-48e3-b932-8a3a7e2faf82.mask.png,recruits/kit/5511748a-b4ff-48e3-b932-8a3a7e2faf82.mask.png,https://assets.geekedoutgames.com/recruits/kit/5511748a-b4ff-48e3-b932-8a3a7e2faf82.mask.png,dad288e505874b1cc3a950b37aad1c6092dd723eafbe6e346abafd57f24ecba0,uploaded
kit,5511748a-b4ff-48e3-b932-8a3a7e2faf82.png,recruits/kit/5511748a-b4ff-48e3-b932-8a3a7e2faf82.png,https://assets.geekedoutgames.com/recruits/kit/5511748a-b4ff-48e3-b932-8a3a7e2faf82.png,8dd6cde910165a9a5506c8902f91762c2c70c37ab7021635298844825aa75f95,uploaded
kit,55c2e717-3f3f-40db-9317-da45c1b8bc3a.json,recruits/kit/55c2e717-3f3f-40db-9317-da45c1b8bc3a.json,https://assets.geekedoutgames.com/recruits/kit/55c2e717-3f3f-40db-9317-da45c1b8bc3a.json,b77017bbdb0d51d800015b30e4899862e4aacaf8e46802f7ab15a0122d6bc85f,uploaded
kit,55c2e717-3f3f-40db-9317-da45c1b8bc3a.mask.png,recruits/kit/55c2e717-3f3f-40db-9317-da45c1b8bc3a.mask.png,https://assets.geekedoutgames.com/recruits/kit/55c2e717-3f3f-40db-9317-da45c1b8bc3a.mask.png,a905eedd21a63e9603fc683393805e7e58b9943a7a23ec0856adb88151aa64a9,uploaded
kit,55c2e717-3f3f-40db-9317-da45c1b8bc3a.png,recruits/kit/55c2e717-3f3f-40db-9317-da45c1b8bc3a.png,https://assets.geekedoutgames.com/recruits/kit/55c2e717-3f3f-40db-9317-da45c1b8bc3a.png,cd3314fec234d304275d203b3957adba204f1dc141cb469739520e10e0afecfe,uploaded
kit,56caadaf-e892-4d42-a2bc-a50e2fd98d20.json,recruits/kit/56caadaf-e892-4d42-a2bc-a50e2fd98d20.json,https://assets.geekedoutgames.com/recruits/kit/56caadaf-e892-4d42-a2bc-a50e2fd98d20.json,a99308544e1def5a045cdcb343db3ace471a2521006d2ce07615f7aa28a21d07,uploaded
kit,56caadaf-e892-4d42-a2bc-a50e2fd98d20.mask.png,recruits/kit/56caadaf-e892-4d42-a2bc-a50e2fd98d20.mask.png,https://assets.geekedoutgames.com/recruits/kit/56caadaf-e892-4d42-a2bc-a50e2fd98d20.mask.png,bfdcca73a993dd7a0e345508718a1979c927f25f1e1084647e12cfdc2854c89b,uploaded
kit,56caadaf-e892-4d42-a2bc-a50e2fd98d20.png,recruits/kit/56caadaf-e892-4d42-a2bc-a50e2fd98d20.png,https://assets.geekedoutgames.com/recruits/kit/56caadaf-e892-4d42-a2bc-a50e2fd98d20.png,11069e150376bf3cf1da05053909dc1408698f37b87f6a6192929c1f47107bf7,uploaded
kit,5773286a-d4d4-45da-a7d4-dd5bb7004c6c.json,recruits/kit/5773286a-d4d4-45da-a7d4-dd5bb7004c6c.json,https://assets.geekedoutgames.com/recruits/kit/5773286a-d4d4-45da-a7d4-dd5bb7004c6c.json,e9d89eb66675a01a075bd592091af740ab0312bd78980300ee46543d8f578097,uploaded
kit,5773286a-d4d4-45da-a7d4-dd5bb7004c6c.mask.png,recruits/kit/5773286a-d4d4-45da-a7d4-dd5bb7004c6c.mask.png,https://assets.geekedoutgames.com/recruits/kit/5773286a-d4d4-45da-a7d4-dd5bb7004c6c.mask.png,9eca9a1c293918d27b8f4a038296ec56dad034cedac7c5ef44677bd2e56c9dea,uploaded
kit,5773286a-d4d4-45da-a7d4-dd5bb7004c6c.png,recruits/kit/5773286a-d4d4-45da-a7d4-dd5bb7004c6c.png,https://assets.geekedoutgames.com/recruits/kit/5773286a-d4d4-45da-a7d4-dd5bb7004c6c.png,6b8f4dcbc062ebc0faed2edfbd684b0142f7a9bbe1f5023d7c8d4c6a5e4cdc20,uploaded
kit,57e029c3-7ff5-4155-9aa2-735300a4fd6d.json,recruits/kit/57e029c3-7ff5-4155-9aa2-735300a4fd6d.json,https://assets.geekedoutgames.com/recruits/kit/57e029c3-7ff5-4155-9aa2-735300a4fd6d.json,83612dcb170570b80c3987b9c2bc4e3bc1c6290fb9d8062565f0cda1ace3ca58,uploaded
kit,57e029c3-7ff5-4155-9aa2-735300a4fd6d.mask.png,recruits/kit/57e029c3-7ff5-4155-9aa2-735300a4fd6d.mask.png,https://assets.geekedoutgames.com/recruits/kit/57e029c3-7ff5-4155-9aa2-735300a4fd6d.mask.png,0a40f36b6321134ba0ba43ea28f8e2b14be225fc8c8c92b3e7362a8ff31271cc,uploaded
kit,57e029c3-7ff5-4155-9aa2-735300a4fd6d.png,recruits/kit/57e029c3-7ff5-4155-9aa2-735300a4fd6d.png,https://assets.geekedoutgames.com/recruits/kit/57e029c3-7ff5-4155-9aa2-735300a4fd6d.png,251d4f573a4d85d26c91e2c956de734783b62e5ffa208e601f05f42df7edb854,uploaded
kit,57f541f2-cac1-4e9f-b264-8a11bafec008.json,recruits/kit/57f541f2-cac1-4e9f-b264-8a11bafec008.json,https://assets.geekedoutgames.com/recruits/kit/57f541f2-cac1-4e9f-b264-8a11bafec008.json,ca560b8ace6cb10831abe87471f21065304035c4fd7389e31acaf33923a649bf,uploaded
kit,57f541f2-cac1-4e9f-b264-8a11bafec008.mask.png,recruits/kit/57f541f2-cac1-4e9f-b264-8a11bafec008.mask.png,https://assets.geekedoutgames.com/recruits/kit/57f541f2-cac1-4e9f-b264-8a11bafec008.mask.png,869f18ef965633aabdcdf9157634ff6c2a12d108a5dbf66ce6e6ae3b5c85b1cc,uploaded
kit,57f541f2-cac1-4e9f-b264-8a11bafec008.png,recruits/kit/57f541f2-cac1-4e9f-b264-8a11bafec008.png,https://assets.geekedoutgames.com/recruits/kit/57f541f2-cac1-4e9f-b264-8a11bafec008.png,2fc231728c19fd288f62ac70a8199b3cdafe57d68d80fe8e2374541d95c5c2ad,uploaded
kit,58907b81-8e3a-472d-bf8a-ae53db1a5784.json,recruits/kit/58907b81-8e3a-472d-bf8a-ae53db1a5784.json,https://assets.geekedoutgames.com/recruits/kit/58907b81-8e3a-472d-bf8a-ae53db1a5784.json,b3bae74a0d4bb861130d3b24996fdd95e0fa006b130c139df40949a28b3e7158,uploaded
kit,58907b81-8e3a-472d-bf8a-ae53db1a5784.mask.png,recruits/kit/58907b81-8e3a-472d-bf8a-ae53db1a5784.mask.png,https://assets.geekedoutgames.com/recruits/kit/58907b81-8e3a-472d-bf8a-ae53db1a5784.mask.png,28a6518fccf0f6d2f91469d3535064be120caca72548a9a7b6154958bc1f6de5,uploaded
kit,58907b81-8e3a-472d-bf8a-ae53db1a5784.png,recruits/kit/58907b81-8e3a-472d-bf8a-ae53db1a5784.png,https://assets.geekedoutgames.com/recruits/kit/58907b81-8e3a-472d-bf8a-ae53db1a5784.png,60867e4d5c51918d4a72d0d12c103db8d75d5ba35aff54a9cb79f944b90687e1,uploaded
kit,592f2043-b55b-4e76-bfa3-12a2a8f52062.json,recruits/kit/592f2043-b55b-4e76-bfa3-12a2a8f52062.json,https://assets.geekedoutgames.com/recruits/kit/592f2043-b55b-4e76-bfa3-12a2a8f52062.json,d5a8e6bda65b536390febeb9a0fa0496605cb1158fd260f14bd828b34de4f912,uploaded
kit,592f2043-b55b-4e76-bfa3-12a2a8f52062.mask.png,recruits/kit/592f2043-b55b-4e76-bfa3-12a2a8f52062.mask.png,https://assets.geekedoutgames.com/recruits/kit/592f2043-b55b-4e76-bfa3-12a2a8f52062.mask.png,e5a51a26e0d839790c50bfa33e88fc8d6d5109983b35929c59c78001bddff026,uploaded
kit,592f2043-b55b-4e76-bfa3-12a2a8f52062.png,recruits/kit/592f2043-b55b-4e76-bfa3-12a2a8f52062.png,https://assets.geekedoutgames.com/recruits/kit/592f2043-b55b-4e76-bfa3-12a2a8f52062.png,b94717de4397291c68a41fa4a37f1d9f624d4ec2a0bff85068b00ebc5327289f,uploaded
kit,59af85b8-3b60-4e8d-80fc-a474be55d502.json,recruits/kit/59af85b8-3b60-4e8d-80fc-a474be55d502.json,https://assets.geekedoutgames.com/recruits/kit/59af85b8-3b60-4e8d-80fc-a474be55d502.json,f92432e0a6ec30555894499bb79b20c0072e5dca307115f1c388aaf50b71eafa,uploaded
kit,59af85b8-3b60-4e8d-80fc-a474be55d502.mask.png,recruits/kit/59af85b8-3b60-4e8d-80fc-a474be55d502.mask.png,https://assets.geekedoutgames.com/recruits/kit/59af85b8-3b60-4e8d-80fc-a474be55d502.mask.png,a9fa0964913ed129d475281a4e7618d17c2398cb09d1a33cce9dc944d3676cd6,uploaded
kit,59af85b8-3b60-4e8d-80fc-a474be55d502.png,recruits/kit/59af85b8-3b60-4e8d-80fc-a474be55d502.png,https://assets.geekedoutgames.com/recruits/kit/59af85b8-3b60-4e8d-80fc-a474be55d502.png,bb34129817912b706371a3f9532c91caea4152261848dc1240d44e9a885d31e6,uploaded
kit,5a41a309-abbe-40d1-98f9-943f17dfd00b.json,recruits/kit/5a41a309-abbe-40d1-98f9-943f17dfd00b.json,https://assets.geekedoutgames.com/recruits/kit/5a41a309-abbe-40d1-98f9-943f17dfd00b.json,d61198b14c37726349ce5851f4d9a904048181057de01bf4cbef93a529ba9c06,uploaded
kit,5a41a309-abbe-40d1-98f9-943f17dfd00b.mask.png,recruits/kit/5a41a309-abbe-40d1-98f9-943f17dfd00b.mask.png,https://assets.geekedoutgames.com/recruits/kit/5a41a309-abbe-40d1-98f9-943f17dfd00b.mask.png,30b01d7830cbe6cde4b8d3b7fb0a08853581e7b5b46c6a6275abd5b66b377cec,uploaded
kit,5a41a309-abbe-40d1-98f9-943f17dfd00b.png,recruits/kit/5a41a309-abbe-40d1-98f9-943f17dfd00b.png,https://assets.geekedoutgames.com/recruits/kit/5a41a309-abbe-40d1-98f9-943f17dfd00b.png,6a46412017c05f40ca0e5ce28eead8d9ac06d0e15f7851a49de876c7a6bd2110,uploaded
kit,5f5ff13d-9707-4cc1-907d-915436546f10.json,recruits/kit/5f5ff13d-9707-4cc1-907d-915436546f10.json,https://assets.geekedoutgames.com/recruits/kit/5f5ff13d-9707-4cc1-907d-915436546f10.json,c8973bd94da005f193618d1691e5e5516849edaa1ed8693d038d014415525789,uploaded
kit,5f5ff13d-9707-4cc1-907d-915436546f10.mask.png,recruits/kit/5f5ff13d-9707-4cc1-907d-915436546f10.mask.png,https://assets.geekedoutgames.com/recruits/kit/5f5ff13d-9707-4cc1-907d-915436546f10.mask.png,cfc5b52d3dcbc7f08dc5e9ad652b995cd2772dee008efee861920714a11fb049,uploaded
kit,5f5ff13d-9707-4cc1-907d-915436546f10.png,recruits/kit/5f5ff13d-9707-4cc1-907d-915436546f10.png,https://assets.geekedoutgames.com/recruits/kit/5f5ff13d-9707-4cc1-907d-915436546f10.png,dad2fcfe9a83c2cb7a79e3a92ee58101aae6e77bb1a5d9958c216dbb83ed00f6,uploaded
kit,6133fdd6-7c8c-4656-9045-e4149bc78e81.json,recruits/kit/6133fdd6-7c8c-4656-9045-e4149bc78e81.json,https://assets.geekedoutgames.com/recruits/kit/6133fdd6-7c8c-4656-9045-e4149bc78e81.json,b77017bbdb0d51d800015b30e4899862e4aacaf8e46802f7ab15a0122d6bc85f,uploaded
kit,6133fdd6-7c8c-4656-9045-e4149bc78e81.mask.png,recruits/kit/6133fdd6-7c8c-4656-9045-e4149bc78e81.mask.png,https://assets.geekedoutgames.com/recruits/kit/6133fdd6-7c8c-4656-9045-e4149bc78e81.mask.png,8cd63512d488a318268b316f7e2306051319378a484f5b67aeab9c089f37d526,uploaded
kit,6133fdd6-7c8c-4656-9045-e4149bc78e81.png,recruits/kit/6133fdd6-7c8c-4656-9045-e4149bc78e81.png,https://assets.geekedoutgames.com/recruits/kit/6133fdd6-7c8c-4656-9045-e4149bc78e81.png,d8a56cafbe61921a6946ea80a21792093741ecc65b411ffa9b75d7268cee4a08,uploaded
kit,61461c69-efe8-44bb-8087-8bafc6edadf6.json,recruits/kit/61461c69-efe8-44bb-8087-8bafc6edadf6.json,https://assets.geekedoutgames.com/recruits/kit/61461c69-efe8-44bb-8087-8bafc6edadf6.json,3fd5d0fa1e1ecdb019a142dcc99d2dc8aea1523cb4c6fbc743c322733880727c,uploaded
kit,61461c69-efe8-44bb-8087-8bafc6edadf6.mask.png,recruits/kit/61461c69-efe8-44bb-8087-8bafc6edadf6.mask.png,https://assets.geekedoutgames.com/recruits/kit/61461c69-efe8-44bb-8087-8bafc6edadf6.mask.png,abbf01c801f665b73740b14474057fa3e84f6dfd7615dc319388050a5cf3137c,uploaded
kit,61461c69-efe8-44bb-8087-8bafc6edadf6.png,recruits/kit/61461c69-efe8-44bb-8087-8bafc6edadf6.png,https://assets.geekedoutgames.com/recruits/kit/61461c69-efe8-44bb-8087-8bafc6edadf6.png,fc419e21bc64f175d2ebd3e53979b69df399c680842f29c19dea1efe2a50cd1f,uploaded
kit,61610075-f359-4d34-8c15-4f939fa503e1.json,recruits/kit/61610075-f359-4d34-8c15-4f939fa503e1.json,https://assets.geekedoutgames.com/recruits/kit/61610075-f359-4d34-8c15-4f939fa503e1.json,7e3d7534e34e68ac44282f917259c0b43a18993890b824d48380b9560f246e10,uploaded
kit,61610075-f359-4d34-8c15-4f939fa503e1.mask.png,recruits/kit/61610075-f359-4d34-8c15-4f939fa503e1.mask.png,https://assets.geekedoutgames.com/recruits/kit/61610075-f359-4d34-8c15-4f939fa503e1.mask.png,e2101e5b89bfd8e88e7d5b382a8103bba71b255be3c90ce0ce2748a0f88c61b5,uploaded
kit,61610075-f359-4d34-8c15-4f939fa503e1.png,recruits/kit/61610075-f359-4d34-8c15-4f939fa503e1.png,https://assets.geekedoutgames.com/recruits/kit/61610075-f359-4d34-8c15-4f939fa503e1.png,267f541b7971530cd300f707298f227982364adf981ab690bb5425db5ed7a53f,uploaded
kit,6186d422-bdf4-42fe-97ef-0639097babcf.json,recruits/kit/6186d422-bdf4-42fe-97ef-0639097babcf.json,https://assets.geekedoutgames.com/recruits/kit/6186d422-bdf4-42fe-97ef-0639097babcf.json,f43598efea5f890d3cf078f130fe26e9e8e805c5fe8a8c088079e8039d0b363e,uploaded
kit,6186d422-bdf4-42fe-97ef-0639097babcf.mask.png,recruits/kit/6186d422-bdf4-42fe-97ef-0639097babcf.mask.png,https://assets.geekedoutgames.com/recruits/kit/6186d422-bdf4-42fe-97ef-0639097babcf.mask.png,93f116ef898d5f2dabcab24186e0272d35635aaee87dd08b188d6d526988fb29,uploaded
kit,6186d422-bdf4-42fe-97ef-0639097babcf.png,recruits/kit/6186d422-bdf4-42fe-97ef-0639097babcf.png,https://assets.geekedoutgames.com/recruits/kit/6186d422-bdf4-42fe-97ef-0639097babcf.png,f2bd5420e67f809488bb292a170870d5fe2172e443a5e4bbaa568093529f31c4,uploaded
kit,61b5fb6f-d62d-4d06-b033-1b35f66f32dc.json,recruits/kit/61b5fb6f-d62d-4d06-b033-1b35f66f32dc.json,https://assets.geekedoutgames.com/recruits/kit/61b5fb6f-d62d-4d06-b033-1b35f66f32dc.json,efe6051418c51da6ed9169f1f1756f694546b7cbf81cd797f80b8996855d18d6,uploaded
kit,61b5fb6f-d62d-4d06-b033-1b35f66f32dc.mask.png,recruits/kit/61b5fb6f-d62d-4d06-b033-1b35f66f32dc.mask.png,https://assets.geekedoutgames.com/recruits/kit/61b5fb6f-d62d-4d06-b033-1b35f66f32dc.mask.png,628a6b7fcbce130320ba76f42ca56d2f4b186ea00ef7709f40ea8a096d22841c,uploaded
kit,61b5fb6f-d62d-4d06-b033-1b35f66f32dc.png,recruits/kit/61b5fb6f-d62d-4d06-b033-1b35f66f32dc.png,https://assets.geekedoutgames.com/recruits/kit/61b5fb6f-d62d-4d06-b033-1b35f66f32dc.png,ba211e8fc49bcc2d7f7363f17e6010df1060b57e83edf047fe739b2373092959,uploaded
kit,621bed22-45d4-476d-b42b-4b3182b03c0b.json,recruits/kit/621bed22-45d4-476d-b42b-4b3182b03c0b.json,https://assets.geekedoutgames.com/recruits/kit/621bed22-45d4-476d-b42b-4b3182b03c0b.json,e6226b8860bfa494890c8548cd4786d9b75200a3113654959ffe72e2e99df8c6,uploaded
kit,621bed22-45d4-476d-b42b-4b3182b03c0b.mask.png,recruits/kit/621bed22-45d4-476d-b42b-4b3182b03c0b.mask.png,https://assets.geekedoutgames.com/recruits/kit/621bed22-45d4-476d-b42b-4b3182b03c0b.mask.png,57e939de8edd06dbe408545d6edd6d610c6cd2481d6c7b842f9f5268aeec2b7b,uploaded
kit,621bed22-45d4-476d-b42b-4b3182b03c0b.png,recruits/kit/621bed22-45d4-476d-b42b-4b3182b03c0b.png,https://assets.geekedoutgames.com/recruits/kit/621bed22-45d4-476d-b42b-4b3182b03c0b.png,500d8d5b83dce7e249f6b15e710bf3c24941ca08d5ef282193b0b3c759da8486,uploaded
kit,6253bd6a-b736-4bc8-8bc3-d50f36fcf9a0.json,recruits/kit/6253bd6a-b736-4bc8-8bc3-d50f36fcf9a0.json,https://assets.geekedoutgames.com/recruits/kit/6253bd6a-b736-4bc8-8bc3-d50f36fcf9a0.json,6d1c9bcf87f1b0a800b55a9844b619d5f34aa322c2283df12ec2926749adc9fa,uploaded
kit,6253bd6a-b736-4bc8-8bc3-d50f36fcf9a0.mask.png,recruits/kit/6253bd6a-b736-4bc8-8bc3-d50f36fcf9a0.mask.png,https://assets.geekedoutgames.com/recruits/kit/6253bd6a-b736-4bc8-8bc3-d50f36fcf9a0.mask.png,22aeb1092f443527192fb9e1e31cf9952d5363aad047a20b514094a065b55b23,uploaded
kit,6253bd6a-b736-4bc8-8bc3-d50f36fcf9a0.png,recruits/kit/6253bd6a-b736-4bc8-8bc3-d50f36fcf9a0.png,https://assets.geekedoutgames.com/recruits/kit/6253bd6a-b736-4bc8-8bc3-d50f36fcf9a0.png,e0ba9bb1541f418d0ab549c21d45f57ffd959f66464849a6a463e17fe386c6d8,uploaded
kit,62567c0c-8b9c-44ac-a56b-17ddc8c54e4b.json,recruits/kit/62567c0c-8b9c-44ac-a56b-17ddc8c54e4b.json,https://assets.geekedoutgames.com/recruits/kit/62567c0c-8b9c-44ac-a56b-17ddc8c54e4b.json,bcfee8711d1404bca44f097fbf4a59b73ff9fe841a8e1736c60ae9cd24bbc9fa,uploaded
kit,62567c0c-8b9c-44ac-a56b-17ddc8c54e4b.mask.png,recruits/kit/62567c0c-8b9c-44ac-a56b-17ddc8c54e4b.mask.png,https://assets.geekedoutgames.com/recruits/kit/62567c0c-8b9c-44ac-a56b-17ddc8c54e4b.mask.png,3a0b7f625f3380e6c9d3cdfba2e74fe11600a776e1462fa6b4d5c1acc7f74fa3,uploaded
kit,62567c0c-8b9c-44ac-a56b-17ddc8c54e4b.png,recruits/kit/62567c0c-8b9c-44ac-a56b-17ddc8c54e4b.png,https://assets.geekedoutgames.com/recruits/kit/62567c0c-8b9c-44ac-a56b-17ddc8c54e4b.png,d62bb703a25f5b1340c6d16b29d40f21a1f467bc2115a12b7443a3f45e462d2f,uploaded
kit,647f472f-2bb1-4f20-986d-36f75c1df8cd.json,recruits/kit/647f472f-2bb1-4f20-986d-36f75c1df8cd.json,https://assets.geekedoutgames.com/recruits/kit/647f472f-2bb1-4f20-986d-36f75c1df8cd.json,f7483188b71ccc550d56a3387351920a3f07435c96d38b44b0b4a6a79f7a6295,uploaded
kit,647f472f-2bb1-4f20-986d-36f75c1df8cd.mask.png,recruits/kit/647f472f-2bb1-4f20-986d-36f75c1df8cd.mask.png,https://assets.geekedoutgames.com/recruits/kit/647f472f-2bb1-4f20-986d-36f75c1df8cd.mask.png,00aba1f139029cb0bbad4a538eb8ab4a1e75f0e5913c1c9c1cad9b4dc1bcae96,uploaded
kit,647f472f-2bb1-4f20-986d-36f75c1df8cd.png,recruits/kit/647f472f-2bb1-4f20-986d-36f75c1df8cd.png,https://assets.geekedoutgames.com/recruits/kit/647f472f-2bb1-4f20-986d-36f75c1df8cd.png,5e152d2979cc54dd70fc84acd675606ccae0b3b971f7184629094b348f5f0f1b,uploaded
kit,661ea2dc-0979-44f8-a95c-cd3d2aa639ad.json,recruits/kit/661ea2dc-0979-44f8-a95c-cd3d2aa639ad.json,https://assets.geekedoutgames.com/recruits/kit/661ea2dc-0979-44f8-a95c-cd3d2aa639ad.json,3e5390d5d3e29e4e7b7abdf4c7fd7a31cb7edb66d341da3b74ad1f879e2625e1,uploaded
kit,661ea2dc-0979-44f8-a95c-cd3d2aa639ad.mask.png,recruits/kit/661ea2dc-0979-44f8-a95c-cd3d2aa639ad.mask.png,https://assets.geekedoutgames.com/recruits/kit/661ea2dc-0979-44f8-a95c-cd3d2aa639ad.mask.png,4779c1e835bf5e3eb6937ec210500533cc6309e3fa2179dc048b997f86310d86,uploaded
kit,661ea2dc-0979-44f8-a95c-cd3d2aa639ad.png,recruits/kit/661ea2dc-0979-44f8-a95c-cd3d2aa639ad.png,https://assets.geekedoutgames.com/recruits/kit/661ea2dc-0979-44f8-a95c-cd3d2aa639ad.png,a4c83a2395211bccf5d092d65cdb60843646b8a154031bcd5b8173e4096fa7ef,uploaded
kit,675baf89-f9ae-4626-97a9-8f819cb0c6df.json,recruits/kit/675baf89-f9ae-4626-97a9-8f819cb0c6df.json,https://assets.geekedoutgames.com/recruits/kit/675baf89-f9ae-4626-97a9-8f819cb0c6df.json,037e23c97893d63435c8655a8c4c69c19259799419cef5c85dac9ec9adc33e52,uploaded
kit,675baf89-f9ae-4626-97a9-8f819cb0c6df.mask.png,recruits/kit/675baf89-f9ae-4626-97a9-8f819cb0c6df.mask.png,https://assets.geekedoutgames.com/recruits/kit/675baf89-f9ae-4626-97a9-8f819cb0c6df.mask.png,a78b19f3aa1091c361daad3865e09571b2d3558fd4a0b2712e63349a4ac831a3,uploaded
kit,675baf89-f9ae-4626-97a9-8f819cb0c6df.png,recruits/kit/675baf89-f9ae-4626-97a9-8f819cb0c6df.png,https://assets.geekedoutgames.com/recruits/kit/675baf89-f9ae-4626-97a9-8f819cb0c6df.png,42edc2f7ef3d1fd336c3b0f1ec89a8e33e23eb0a7e64aceed46a50f1e26305e0,uploaded
kit,698360aa-63da-4297-917f-dba81837e3d3.json,recruits/kit/698360aa-63da-4297-917f-dba81837e3d3.json,https://assets.geekedoutgames.com/recruits/kit/698360aa-63da-4297-917f-dba81837e3d3.json,642b61b02867726acfff2ede241fd0fe34caa7447f18238bc6c8605d8f047a29,uploaded
kit,698360aa-63da-4297-917f-dba81837e3d3.mask.png,recruits/kit/698360aa-63da-4297-917f-dba81837e3d3.mask.png,https://assets.geekedoutgames.com/recruits/kit/698360aa-63da-4297-917f-dba81837e3d3.mask.png,b6ec82b22a91f6387c99a23a600abf042999b6840a10e16ea8ecc8653cee3a6a,uploaded
kit,698360aa-63da-4297-917f-dba81837e3d3.png,recruits/kit/698360aa-63da-4297-917f-dba81837e3d3.png,https://assets.geekedoutgames.com/recruits/kit/698360aa-63da-4297-917f-dba81837e3d3.png,fcf48832b9004129065083fc4647644259467ebc6587ab6b63e2ff2e3e34780c,uploaded
kit,6a821085-1178-4e46-a982-a54c315f50dc.json,recruits/kit/6a821085-1178-4e46-a982-a54c315f50dc.json,https://assets.geekedoutgames.com/recruits/kit/6a821085-1178-4e46-a982-a54c315f50dc.json,41b1b11bed34add24e11a8db29e485e02e41111e35df304cd0db29b8e12a69d8,uploaded
kit,6a821085-1178-4e46-a982-a54c315f50dc.mask.png,recruits/kit/6a821085-1178-4e46-a982-a54c315f50dc.mask.png,https://assets.geekedoutgames.com/recruits/kit/6a821085-1178-4e46-a982-a54c315f50dc.mask.png,f2bb09177ef59c0e7b8e0f46cf87b3126ae42d55d952456d3a0145d9daacf4e5,uploaded
kit,6a821085-1178-4e46-a982-a54c315f50dc.png,recruits/kit/6a821085-1178-4e46-a982-a54c315f50dc.png,https://assets.geekedoutgames.com/recruits/kit/6a821085-1178-4e46-a982-a54c315f50dc.png,7ec8bc28329d7d8b2b77a6e91182b009e316b5ab6067b2fe63c0c77708002816,uploaded
kit,6c372f67-4475-4e1e-a9f0-0fe29ec39668.json,recruits/kit/6c372f67-4475-4e1e-a9f0-0fe29ec39668.json,https://assets.geekedoutgames.com/recruits/kit/6c372f67-4475-4e1e-a9f0-0fe29ec39668.json,0f5e999c0e4c86661fcc3231db32d8523dddff6bbc2bf79ff442769946d2f1f8,uploaded
kit,6c372f67-4475-4e1e-a9f0-0fe29ec39668.mask.png,recruits/kit/6c372f67-4475-4e1e-a9f0-0fe29ec39668.mask.png,https://assets.geekedoutgames.com/recruits/kit/6c372f67-4475-4e1e-a9f0-0fe29ec39668.mask.png,42ec94fa4e9df9b89955ff1db4aa04a4758760fd85fb962faac10f9926ce07ca,uploaded
kit,6c372f67-4475-4e1e-a9f0-0fe29ec39668.png,recruits/kit/6c372f67-4475-4e1e-a9f0-0fe29ec39668.png,https://assets.geekedoutgames.com/recruits/kit/6c372f67-4475-4e1e-a9f0-0fe29ec39668.png,29eeb58de9c56f545cf528210ebec41d0a1a368ed53bb6560aeefbe4b676cb73,uploaded
kit,6c886343-bd50-4a7e-b14e-092a83fa2637.json,recruits/kit/6c886343-bd50-4a7e-b14e-092a83fa2637.json,https://assets.geekedoutgames.com/recruits/kit/6c886343-bd50-4a7e-b14e-092a83fa2637.json,83612dcb170570b80c3987b9c2bc4e3bc1c6290fb9d8062565f0cda1ace3ca58,uploaded
kit,6c886343-bd50-4a7e-b14e-092a83fa2637.mask.png,recruits/kit/6c886343-bd50-4a7e-b14e-092a83fa2637.mask.png,https://assets.geekedoutgames.com/recruits/kit/6c886343-bd50-4a7e-b14e-092a83fa2637.mask.png,37056667f41c444eed1e8faa96a8f336593c8f28a94d33d5c0e8981579c05134,uploaded
kit,6c886343-bd50-4a7e-b14e-092a83fa2637.png,recruits/kit/6c886343-bd50-4a7e-b14e-092a83fa2637.png,https://assets.geekedoutgames.com/recruits/kit/6c886343-bd50-4a7e-b14e-092a83fa2637.png,e4839f77ecfcbbe7dbcfa5197eea60c077cf7969d4a3083be7efad7d376b39fe,uploaded
kit,6caf06c5-e4b6-4ef8-a290-36c5f0e60032.json,recruits/kit/6caf06c5-e4b6-4ef8-a290-36c5f0e60032.json,https://assets.geekedoutgames.com/recruits/kit/6caf06c5-e4b6-4ef8-a290-36c5f0e60032.json,1d68d6fd999d6b2d5b2ed67d2b2d265371ac51e04a03ca6ed891c7dc79a9cda2,uploaded
kit,6caf06c5-e4b6-4ef8-a290-36c5f0e60032.mask.png,recruits/kit/6caf06c5-e4b6-4ef8-a290-36c5f0e60032.mask.png,https://assets.geekedoutgames.com/recruits/kit/6caf06c5-e4b6-4ef8-a290-36c5f0e60032.mask.png,99473a310b08cf1833343de23784ba1d5ea739d74cd87b5380d0f154e4b4cdd3,uploaded
kit,6caf06c5-e4b6-4ef8-a290-36c5f0e60032.png,recruits/kit/6caf06c5-e4b6-4ef8-a290-36c5f0e60032.png,https://assets.geekedoutgames.com/recruits/kit/6caf06c5-e4b6-4ef8-a290-36c5f0e60032.png,20e0ca81d89b9516e4c5d682c43b7b7d5f3a8d64bb0c985eb6b87c0eb9ae39f8,uploaded
kit,6d333b1f-1796-4c75-8668-ce1e54aa9c35.json,recruits/kit/6d333b1f-1796-4c75-8668-ce1e54aa9c35.json,https://assets.geekedoutgames.com/recruits/kit/6d333b1f-1796-4c75-8668-ce1e54aa9c35.json,e1fdd31f1f0a68bcf6df3e27d6992b03a5f80de50ea453958d06e75b22b77779,uploaded
kit,6d333b1f-1796-4c75-8668-ce1e54aa9c35.mask.png,recruits/kit/6d333b1f-1796-4c75-8668-ce1e54aa9c35.mask.png,https://assets.geekedoutgames.com/recruits/kit/6d333b1f-1796-4c75-8668-ce1e54aa9c35.mask.png,b0cbd7548693e245d11f134b2e8089ccdc1921529db5340920dd75c4ba601688,uploaded
kit,6d333b1f-1796-4c75-8668-ce1e54aa9c35.png,recruits/kit/6d333b1f-1796-4c75-8668-ce1e54aa9c35.png,https://assets.geekedoutgames.com/recruits/kit/6d333b1f-1796-4c75-8668-ce1e54aa9c35.png,1cc8f5418be12cc6e0474ab58a9c58e86e7d564b0752bb9366b516c54e020a39,uploaded
kit,6df4ce7c-bf65-44df-a54c-adc95ec895a6.json,recruits/kit/6df4ce7c-bf65-44df-a54c-adc95ec895a6.json,https://assets.geekedoutgames.com/recruits/kit/6df4ce7c-bf65-44df-a54c-adc95ec895a6.json,f11cc6280bd5c78523332449ff1f74c41422f0fd6514267a9a8cfe26bd3dc665,uploaded
kit,6df4ce7c-bf65-44df-a54c-adc95ec895a6.mask.png,recruits/kit/6df4ce7c-bf65-44df-a54c-adc95ec895a6.mask.png,https://assets.geekedoutgames.com/recruits/kit/6df4ce7c-bf65-44df-a54c-adc95ec895a6.mask.png,e17ccf80fd870429104f118580596f4953b7982d43209b2d76ff14990c3ecaa7,uploaded
kit,6df4ce7c-bf65-44df-a54c-adc95ec895a6.png,recruits/kit/6df4ce7c-bf65-44df-a54c-adc95ec895a6.png,https://assets.geekedoutgames.com/recruits/kit/6df4ce7c-bf65-44df-a54c-adc95ec895a6.png,2477eb32a553412f718a8f78aa95e5ee4792e6b27ba6c78a94be47efb6fe0246,uploaded
kit,7010bd01-e0f6-4ed7-a0aa-3c6f325f6789.json,recruits/kit/7010bd01-e0f6-4ed7-a0aa-3c6f325f6789.json,https://assets.geekedoutgames.com/recruits/kit/7010bd01-e0f6-4ed7-a0aa-3c6f325f6789.json,0e0bf9314c14945ce48ee1376bb7dc75e2d47d90a74a17e816712eb7b9d1c7d9,uploaded
kit,7010bd01-e0f6-4ed7-a0aa-3c6f325f6789.mask.png,recruits/kit/7010bd01-e0f6-4ed7-a0aa-3c6f325f6789.mask.png,https://assets.geekedoutgames.com/recruits/kit/7010bd01-e0f6-4ed7-a0aa-3c6f325f6789.mask.png,b6f2ad5d05612cbc7af12d4dec660e164b9af64215aced841c6898a365068e2b,uploaded
kit,7010bd01-e0f6-4ed7-a0aa-3c6f325f6789.png,recruits/kit/7010bd01-e0f6-4ed7-a0aa-3c6f325f6789.png,https://assets.geekedoutgames.com/recruits/kit/7010bd01-e0f6-4ed7-a0aa-3c6f325f6789.png,e756aee962cad69779e8d12f36299fa3100030dbb22c653edceee7ca8652f84f,uploaded
kit,7229363f-db3f-4c61-bada-4a171d90706b.json,recruits/kit/7229363f-db3f-4c61-bada-4a171d90706b.json,https://assets.geekedoutgames.com/recruits/kit/7229363f-db3f-4c61-bada-4a171d90706b.json,83612dcb170570b80c3987b9c2bc4e3bc1c6290fb9d8062565f0cda1ace3ca58,uploaded
kit,7229363f-db3f-4c61-bada-4a171d90706b.mask.png,recruits/kit/7229363f-db3f-4c61-bada-4a171d90706b.mask.png,https://assets.geekedoutgames.com/recruits/kit/7229363f-db3f-4c61-bada-4a171d90706b.mask.png,f6534b6d5395a7cd988c33674a76567bdcd3566d299958b38baec754844ba1ef,uploaded
kit,7229363f-db3f-4c61-bada-4a171d90706b.png,recruits/kit/7229363f-db3f-4c61-bada-4a171d90706b.png,https://assets.geekedoutgames.com/recruits/kit/7229363f-db3f-4c61-bada-4a171d90706b.png,714f669dbd82aa24b725bc8677ef8e78478dcb4e329f43664d1a04552824ec25,uploaded
kit,74dd9e84-8571-4c02-a9e0-e40310b64107.json,recruits/kit/74dd9e84-8571-4c02-a9e0-e40310b64107.json,https://assets.geekedoutgames.com/recruits/kit/74dd9e84-8571-4c02-a9e0-e40310b64107.json,7e3d7534e34e68ac44282f917259c0b43a18993890b824d48380b9560f246e10,uploaded
kit,74dd9e84-8571-4c02-a9e0-e40310b64107.mask.png,recruits/kit/74dd9e84-8571-4c02-a9e0-e40310b64107.mask.png,https://assets.geekedoutgames.com/recruits/kit/74dd9e84-8571-4c02-a9e0-e40310b64107.mask.png,a9ea055f7d59cc3382e3f32971684bd631fd79fa32b0d0cd3542d9d0767e3657,uploaded
kit,74dd9e84-8571-4c02-a9e0-e40310b64107.png,recruits/kit/74dd9e84-8571-4c02-a9e0-e40310b64107.png,https://assets.geekedoutgames.com/recruits/kit/74dd9e84-8571-4c02-a9e0-e40310b64107.png,872b22ab4cf0ae7b744e36846cf7b01b540497493e9b6a38062d500a043c8b09,uploaded
kit,75752496-9022-4ef2-824c-4018147a4adf.json,recruits/kit/75752496-9022-4ef2-824c-4018147a4adf.json,https://assets.geekedoutgames.com/recruits/kit/75752496-9022-4ef2-824c-4018147a4adf.json,2f2225a9e044137f223cb6c32b9028d01dabcbf33959a13a48cca1d1b85762bd,uploaded
kit,75752496-9022-4ef2-824c-4018147a4adf.mask.png,recruits/kit/75752496-9022-4ef2-824c-4018147a4adf.mask.png,https://assets.geekedoutgames.com/recruits/kit/75752496-9022-4ef2-824c-4018147a4adf.mask.png,dd31c690cf275490c87b77a0b3000f407b78a98e340cc0db12de9fe3dfa720b6,uploaded
kit,75752496-9022-4ef2-824c-4018147a4adf.png,recruits/kit/75752496-9022-4ef2-824c-4018147a4adf.png,https://assets.geekedoutgames.com/recruits/kit/75752496-9022-4ef2-824c-4018147a4adf.png,c1ef0be1998b472df1533f38d2bd6c402b1be7ef6f1f51ab624825f8d1f2df79,uploaded
kit,75a5008f-5153-4ccd-ba96-bd58eb8c8232.json,recruits/kit/75a5008f-5153-4ccd-ba96-bd58eb8c8232.json,https://assets.geekedoutgames.com/recruits/kit/75a5008f-5153-4ccd-ba96-bd58eb8c8232.json,20dac326d65fe2c275f2662e02867b8a105eb801bf4de68a5d6d67531c0cc42a,uploaded
kit,75a5008f-5153-4ccd-ba96-bd58eb8c8232.mask.png,recruits/kit/75a5008f-5153-4ccd-ba96-bd58eb8c8232.mask.png,https://assets.geekedoutgames.com/recruits/kit/75a5008f-5153-4ccd-ba96-bd58eb8c8232.mask.png,29487a837d4fbf247df2963d910f85d5f2619d092bab06321e2d33e3c8be9c40,uploaded
kit,75a5008f-5153-4ccd-ba96-bd58eb8c8232.png,recruits/kit/75a5008f-5153-4ccd-ba96-bd58eb8c8232.png,https://assets.geekedoutgames.com/recruits/kit/75a5008f-5153-4ccd-ba96-bd58eb8c8232.png,aca20eae3a2d5f57d673eb9f0af76161ec311195e17b2494dbfb9cfff881500e,uploaded
kit,75bcc441-261d-4865-8486-9b50924a78d6.json,recruits/kit/75bcc441-261d-4865-8486-9b50924a78d6.json,https://assets.geekedoutgames.com/recruits/kit/75bcc441-261d-4865-8486-9b50924a78d6.json,7e3d7534e34e68ac44282f917259c0b43a18993890b824d48380b9560f246e10,uploaded
kit,75bcc441-261d-4865-8486-9b50924a78d6.mask.png,recruits/kit/75bcc441-261d-4865-8486-9b50924a78d6.mask.png,https://assets.geekedoutgames.com/recruits/kit/75bcc441-261d-4865-8486-9b50924a78d6.mask.png,35bb45da06bbe4042245d9c87010d58ada80ace772ee0fb0e66b3b1879817d40,uploaded
kit,75bcc441-261d-4865-8486-9b50924a78d6.png,recruits/kit/75bcc441-261d-4865-8486-9b50924a78d6.png,https://assets.geekedoutgames.com/recruits/kit/75bcc441-261d-4865-8486-9b50924a78d6.png,d06fbf4567909b573abbc6a92124fb3ec7b4432d5341c8252f15dc206df91955,uploaded
kit,76a5d9d0-2039-4c5d-9186-420e5694e53b.json,recruits/kit/76a5d9d0-2039-4c5d-9186-420e5694e53b.json,https://assets.geekedoutgames.com/recruits/kit/76a5d9d0-2039-4c5d-9186-420e5694e53b.json,d2106213e44d5d6df1d4e8f71af35973f851969030088a7814a81781fdcea446,uploaded
kit,76a5d9d0-2039-4c5d-9186-420e5694e53b.mask.png,recruits/kit/76a5d9d0-2039-4c5d-9186-420e5694e53b.mask.png,https://assets.geekedoutgames.com/recruits/kit/76a5d9d0-2039-4c5d-9186-420e5694e53b.mask.png,59f5eb83afb5ed6076969a52ccd2e4c42564ae1c47ed4d2524c0b8ed3d48cee0,uploaded
kit,76a5d9d0-2039-4c5d-9186-420e5694e53b.png,recruits/kit/76a5d9d0-2039-4c5d-9186-420e5694e53b.png,https://assets.geekedoutgames.com/recruits/kit/76a5d9d0-2039-4c5d-9186-420e5694e53b.png,d29271fa2737b0a148c5ccb64aed06e62d2eec6d43d34dec141b6a5b217b88d9,uploaded
kit,79af3d30-37a4-4cdb-8dd6-fe88e0703760.json,recruits/kit/79af3d30-37a4-4cdb-8dd6-fe88e0703760.json,https://assets.geekedoutgames.com/recruits/kit/79af3d30-37a4-4cdb-8dd6-fe88e0703760.json,caff64f161c3d55c1490b79a5804df77409c445af3e69bd26e29a8f27dd91c6e,uploaded
kit,79af3d30-37a4-4cdb-8dd6-fe88e0703760.mask.png,recruits/kit/79af3d30-37a4-4cdb-8dd6-fe88e0703760.mask.png,https://assets.geekedoutgames.com/recruits/kit/79af3d30-37a4-4cdb-8dd6-fe88e0703760.mask.png,44656bf6bab314d013f88859f310ef52ef1b419e653f35947cfa96697b909d2e,uploaded
kit,79af3d30-37a4-4cdb-8dd6-fe88e0703760.png,recruits/kit/79af3d30-37a4-4cdb-8dd6-fe88e0703760.png,https://assets.geekedoutgames.com/recruits/kit/79af3d30-37a4-4cdb-8dd6-fe88e0703760.png,4e653847fedd6dd7ea5a151f338dfdd9a54e7eedfda67d6809c357195c1b7003,uploaded
kit,7a74deb5-8d21-4465-b785-cc58cc329167.json,recruits/kit/7a74deb5-8d21-4465-b785-cc58cc329167.json,https://assets.geekedoutgames.com/recruits/kit/7a74deb5-8d21-4465-b785-cc58cc329167.json,ea7fd41a968c85247b3eeae8f3e6688745712e1dafead09419dc91aa611cba8a,uploaded
kit,7a74deb5-8d21-4465-b785-cc58cc329167.mask.png,recruits/kit/7a74deb5-8d21-4465-b785-cc58cc329167.mask.png,https://assets.geekedoutgames.com/recruits/kit/7a74deb5-8d21-4465-b785-cc58cc329167.mask.png,fe8b04d3d6ed9c7fc4bb25c8a27a7848b0750987ecf69eeb0bac5d6c500bf7f4,uploaded
kit,7a74deb5-8d21-4465-b785-cc58cc329167.png,recruits/kit/7a74deb5-8d21-4465-b785-cc58cc329167.png,https://assets.geekedoutgames.com/recruits/kit/7a74deb5-8d21-4465-b785-cc58cc329167.png,a46a2a0d14d5f4c606da002b8b37a52d38e585ad8b213b98725b2c73b0aeb09f,uploaded
kit,7a966321-ec31-4088-98f0-3c1e31dd741e.json,recruits/kit/7a966321-ec31-4088-98f0-3c1e31dd741e.json,https://assets.geekedoutgames.com/recruits/kit/7a966321-ec31-4088-98f0-3c1e31dd741e.json,3d01254b7d03881458b9e9336be3cba314943b3fcb622914f93baa52c26a1bb9,uploaded
kit,7a966321-ec31-4088-98f0-3c1e31dd741e.mask.png,recruits/kit/7a966321-ec31-4088-98f0-3c1e31dd741e.mask.png,https://assets.geekedoutgames.com/recruits/kit/7a966321-ec31-4088-98f0-3c1e31dd741e.mask.png,12c601217242e60d0384cfb4af179d9bd416e1773adf2deb38668ea52941f358,uploaded
kit,7a966321-ec31-4088-98f0-3c1e31dd741e.png,recruits/kit/7a966321-ec31-4088-98f0-3c1e31dd741e.png,https://assets.geekedoutgames.com/recruits/kit/7a966321-ec31-4088-98f0-3c1e31dd741e.png,0dca2d16c9e32e799f701abb38c16715be54465b453cc0b48f496df352d1723c,uploaded
kit,7c83227e-f237-4622-9515-f1513875a6b8.json,recruits/kit/7c83227e-f237-4622-9515-f1513875a6b8.json,https://assets.geekedoutgames.com/recruits/kit/7c83227e-f237-4622-9515-f1513875a6b8.json,e1bea649c1afe0965375597251be86963318ddd93331e0ad498104433e5b540f,uploaded
kit,7c83227e-f237-4622-9515-f1513875a6b8.mask.png,recruits/kit/7c83227e-f237-4622-9515-f1513875a6b8.mask.png,https://assets.geekedoutgames.com/recruits/kit/7c83227e-f237-4622-9515-f1513875a6b8.mask.png,10015491e31a98ce1017718c0570da12bb94dc5f770f010c300d253c91f81e85,uploaded
kit,7c83227e-f237-4622-9515-f1513875a6b8.png,recruits/kit/7c83227e-f237-4622-9515-f1513875a6b8.png,https://assets.geekedoutgames.com/recruits/kit/7c83227e-f237-4622-9515-f1513875a6b8.png,d7e574a4a1dd90ea815233595f34b4a7c8655e41513dd5e601ddc0752170ba90,uploaded
kit,7c8dbe4b-80e0-4e18-a76d-66bbeffd4ec8.json,recruits/kit/7c8dbe4b-80e0-4e18-a76d-66bbeffd4ec8.json,https://assets.geekedoutgames.com/recruits/kit/7c8dbe4b-80e0-4e18-a76d-66bbeffd4ec8.json,ec16674dd238c9604268f2993529dcd71dbadb1434194cf9eca149ae16859381,uploaded
kit,7c8dbe4b-80e0-4e18-a76d-66bbeffd4ec8.mask.png,recruits/kit/7c8dbe4b-80e0-4e18-a76d-66bbeffd4ec8.mask.png,https://assets.geekedoutgames.com/recruits/kit/7c8dbe4b-80e0-4e18-a76d-66bbeffd4ec8.mask.png,1237736e3f9baa0e0342cc8f85f82aa7988ed8eda2f1eb103eab43b5f1123621,uploaded
kit,7c8dbe4b-80e0-4e18-a76d-66bbeffd4ec8.png,recruits/kit/7c8dbe4b-80e0-4e18-a76d-66bbeffd4ec8.png,https://assets.geekedoutgames.com/recruits/kit/7c8dbe4b-80e0-4e18-a76d-66bbeffd4ec8.png,78b9c187e67733157d3a82f9f6d75b566e6d5a4c438cd9537214eb469f1c9c53,uploaded
kit,7e187a36-09e7-43ce-94c6-7b2adbbcf94f.json,recruits/kit/7e187a36-09e7-43ce-94c6-7b2adbbcf94f.json,https://assets.geekedoutgames.com/recruits/kit/7e187a36-09e7-43ce-94c6-7b2adbbcf94f.json,409816df8b7bab7ad0cafb504d1dfe00041947dbb4a9e79383019ddbcdc2f874,uploaded
kit,7e187a36-09e7-43ce-94c6-7b2adbbcf94f.mask.png,recruits/kit/7e187a36-09e7-43ce-94c6-7b2adbbcf94f.mask.png,https://assets.geekedoutgames.com/recruits/kit/7e187a36-09e7-43ce-94c6-7b2adbbcf94f.mask.png,a9b2e5062e1e1229faf64a439b909440a798ec145901e2b7a7dc56098b9e6a4f,uploaded
kit,7e187a36-09e7-43ce-94c6-7b2adbbcf94f.png,recruits/kit/7e187a36-09e7-43ce-94c6-7b2adbbcf94f.png,https://assets.geekedoutgames.com/recruits/kit/7e187a36-09e7-43ce-94c6-7b2adbbcf94f.png,ac09052e4ce5d36323a76fdabf6ba989503d0f6977502f1bc57702eaee93f0a9,uploaded
kit,7f57997d-3e8d-4ab9-a0c3-495e38d165b8.json,recruits/kit/7f57997d-3e8d-4ab9-a0c3-495e38d165b8.json,https://assets.geekedoutgames.com/recruits/kit/7f57997d-3e8d-4ab9-a0c3-495e38d165b8.json,4cc828cb5d4bc892e763b85dceabe0e0a428c270b42b5eabe8710f15f17f5401,uploaded
kit,7f57997d-3e8d-4ab9-a0c3-495e38d165b8.mask.png,recruits/kit/7f57997d-3e8d-4ab9-a0c3-495e38d165b8.mask.png,https://assets.geekedoutgames.com/recruits/kit/7f57997d-3e8d-4ab9-a0c3-495e38d165b8.mask.png,a17bbdf0ae50be426621fc964c6b0c57f68b3806b34507be7fbf3fc51db7a679,uploaded
kit,7f57997d-3e8d-4ab9-a0c3-495e38d165b8.png,recruits/kit/7f57997d-3e8d-4ab9-a0c3-495e38d165b8.png,https://assets.geekedoutgames.com/recruits/kit/7f57997d-3e8d-4ab9-a0c3-495e38d165b8.png,3d45da45c9374f0eb7fadb30cf5d437575ad8f61b792b569c498e672eb539d63,uploaded
kit,7f6aabcc-1c80-4033-a150-529339ba05e4.json,recruits/kit/7f6aabcc-1c80-4033-a150-529339ba05e4.json,https://assets.geekedoutgames.com/recruits/kit/7f6aabcc-1c80-4033-a150-529339ba05e4.json,15a660e4f7087f53cfa53ce9258e940f7a34f4e622c210e64c77eae8305d14e1,uploaded
kit,7f6aabcc-1c80-4033-a150-529339ba05e4.mask.png,recruits/kit/7f6aabcc-1c80-4033-a150-529339ba05e4.mask.png,https://assets.geekedoutgames.com/recruits/kit/7f6aabcc-1c80-4033-a150-529339ba05e4.mask.png,6fe1b3cfbe3f669af25de908613a737cc965ff8d84195da5356d61c30609bd58,uploaded
kit,7f6aabcc-1c80-4033-a150-529339ba05e4.png,recruits/kit/7f6aabcc-1c80-4033-a150-529339ba05e4.png,https://assets.geekedoutgames.com/recruits/kit/7f6aabcc-1c80-4033-a150-529339ba05e4.png,d80c449b1f90689f3891e8d0dcbd5d2d149d65f7e2830c16716f093c704ff24e,uploaded
kit,80ebb964-0daa-43ae-a1bb-f5fb639f20c8.json,recruits/kit/80ebb964-0daa-43ae-a1bb-f5fb639f20c8.json,https://assets.geekedoutgames.com/recruits/kit/80ebb964-0daa-43ae-a1bb-f5fb639f20c8.json,7d982001ed037869cfbc6148d0ece4c7f258fea037125532c6982bab47e9e098,uploaded
kit,80ebb964-0daa-43ae-a1bb-f5fb639f20c8.mask.png,recruits/kit/80ebb964-0daa-43ae-a1bb-f5fb639f20c8.mask.png,https://assets.geekedoutgames.com/recruits/kit/80ebb964-0daa-43ae-a1bb-f5fb639f20c8.mask.png,cea0616d63e35ade82b0928f5e1063921c2767323363d6a04adf2a9409f3ca57,uploaded
kit,80ebb964-0daa-43ae-a1bb-f5fb639f20c8.png,recruits/kit/80ebb964-0daa-43ae-a1bb-f5fb639f20c8.png,https://assets.geekedoutgames.com/recruits/kit/80ebb964-0daa-43ae-a1bb-f5fb639f20c8.png,6425d8abffa86a95be5a97ffedc1f14a3df56e04831638414aae52db5ba974bc,uploaded
kit,80eea3fb-00a3-456a-b5c9-65ecedea375e.json,recruits/kit/80eea3fb-00a3-456a-b5c9-65ecedea375e.json,https://assets.geekedoutgames.com/recruits/kit/80eea3fb-00a3-456a-b5c9-65ecedea375e.json,9a33455c131790737ab7c76d9929273448fcb3edac02715ed9d4983f0dd3479f,uploaded
kit,80eea3fb-00a3-456a-b5c9-65ecedea375e.mask.png,recruits/kit/80eea3fb-00a3-456a-b5c9-65ecedea375e.mask.png,https://assets.geekedoutgames.com/recruits/kit/80eea3fb-00a3-456a-b5c9-65ecedea375e.mask.png,2e99af40e9097fc117c9ed0b136d8edf018cfac283408541df265ad9f40f12ce,uploaded
kit,80eea3fb-00a3-456a-b5c9-65ecedea375e.png,recruits/kit/80eea3fb-00a3-456a-b5c9-65ecedea375e.png,https://assets.geekedoutgames.com/recruits/kit/80eea3fb-00a3-456a-b5c9-65ecedea375e.png,4b27aaa4afd4b91022eb10e70bcdc0a9855e40fcf28cadf43e1a5e4097d23906,uploaded
kit,8135b877-fc28-4f4a-8800-697c1d11a554.json,recruits/kit/8135b877-fc28-4f4a-8800-697c1d11a554.json,https://assets.geekedoutgames.com/recruits/kit/8135b877-fc28-4f4a-8800-697c1d11a554.json,44d593382c6028d7685a05e19daaa085c4617dd5d1fd4dde06495b485b87f006,uploaded
kit,8135b877-fc28-4f4a-8800-697c1d11a554.mask.png,recruits/kit/8135b877-fc28-4f4a-8800-697c1d11a554.mask.png,https://assets.geekedoutgames.com/recruits/kit/8135b877-fc28-4f4a-8800-697c1d11a554.mask.png,5be28100f8aeaf208a38fb794597ffc47dfb6c9af483ba546d1993eae6b59304,uploaded
kit,8135b877-fc28-4f4a-8800-697c1d11a554.png,recruits/kit/8135b877-fc28-4f4a-8800-697c1d11a554.png,https://assets.geekedoutgames.com/recruits/kit/8135b877-fc28-4f4a-8800-697c1d11a554.png,2b571a68beff231858569587dea9d060a6f889f2cff4d347a660dcfb2a5f5328,uploaded
kit,83196776-3df4-428d-8a33-3a0dc34914dd.json,recruits/kit/83196776-3df4-428d-8a33-3a0dc34914dd.json,https://assets.geekedoutgames.com/recruits/kit/83196776-3df4-428d-8a33-3a0dc34914dd.json,cf8c01e39b4741604e10467e381c0217a52ab8f5961f714a20cc958c5db08a52,uploaded
kit,83196776-3df4-428d-8a33-3a0dc34914dd.mask.png,recruits/kit/83196776-3df4-428d-8a33-3a0dc34914dd.mask.png,https://assets.geekedoutgames.com/recruits/kit/83196776-3df4-428d-8a33-3a0dc34914dd.mask.png,f65d28817def8bf3e037c33c7310a730757b9816182e545f856b217ef45d0488,uploaded
kit,83196776-3df4-428d-8a33-3a0dc34914dd.png,recruits/kit/83196776-3df4-428d-8a33-3a0dc34914dd.png,https://assets.geekedoutgames.com/recruits/kit/83196776-3df4-428d-8a33-3a0dc34914dd.png,aa8184e2825cd13327a8105d67bd08e7d81031b2477faf06c1d8faf1c4a1f081,uploaded
kit,84e8bf1a-ed78-40f6-86d1-c4913924e34d.json,recruits/kit/84e8bf1a-ed78-40f6-86d1-c4913924e34d.json,https://assets.geekedoutgames.com/recruits/kit/84e8bf1a-ed78-40f6-86d1-c4913924e34d.json,4db6f3ad666d73ed536bc362df227c315cb18a2d5568d5bb9aa414fc2ade7bca,uploaded
kit,84e8bf1a-ed78-40f6-86d1-c4913924e34d.mask.png,recruits/kit/84e8bf1a-ed78-40f6-86d1-c4913924e34d.mask.png,https://assets.geekedoutgames.com/recruits/kit/84e8bf1a-ed78-40f6-86d1-c4913924e34d.mask.png,f80207f3b5a071abc909a4c415c1112f7fb80a29338c9dd3ba5cb23245f2b3a5,uploaded
kit,84e8bf1a-ed78-40f6-86d1-c4913924e34d.png,recruits/kit/84e8bf1a-ed78-40f6-86d1-c4913924e34d.png,https://assets.geekedoutgames.com/recruits/kit/84e8bf1a-ed78-40f6-86d1-c4913924e34d.png,b7c0a22538d36904fb42576630670ec1d9151f6c811e32059acff53c0b2eabf7,uploaded
kit,85290c14-e3f6-41a3-b69a-0c32b3ffd2f3.json,recruits/kit/85290c14-e3f6-41a3-b69a-0c32b3ffd2f3.json,https://assets.geekedoutgames.com/recruits/kit/85290c14-e3f6-41a3-b69a-0c32b3ffd2f3.json,83612dcb170570b80c3987b9c2bc4e3bc1c6290fb9d8062565f0cda1ace3ca58,uploaded
kit,85290c14-e3f6-41a3-b69a-0c32b3ffd2f3.mask.png,recruits/kit/85290c14-e3f6-41a3-b69a-0c32b3ffd2f3.mask.png,https://assets.geekedoutgames.com/recruits/kit/85290c14-e3f6-41a3-b69a-0c32b3ffd2f3.mask.png,476e04617501ec78076d07de9bd6f3325fc51f83abfc156e6342e0ab9ad3ad30,uploaded
kit,85290c14-e3f6-41a3-b69a-0c32b3ffd2f3.png,recruits/kit/85290c14-e3f6-41a3-b69a-0c32b3ffd2f3.png,https://assets.geekedoutgames.com/recruits/kit/85290c14-e3f6-41a3-b69a-0c32b3ffd2f3.png,a09e5a73f547117b0ad61de2876f5f4c76f7991f4caa0feed8307a868472e4b1,uploaded
kit,857d2c0b-3758-4e8d-8ac7-7dfe7025df8a.json,recruits/kit/857d2c0b-3758-4e8d-8ac7-7dfe7025df8a.json,https://assets.geekedoutgames.com/recruits/kit/857d2c0b-3758-4e8d-8ac7-7dfe7025df8a.json,8b6ed6704a9752f56b3bd9f9abce0ef2a01ced76927fc0eb7ce0978641a06811,uploaded
kit,857d2c0b-3758-4e8d-8ac7-7dfe7025df8a.mask.png,recruits/kit/857d2c0b-3758-4e8d-8ac7-7dfe7025df8a.mask.png,https://assets.geekedoutgames.com/recruits/kit/857d2c0b-3758-4e8d-8ac7-7dfe7025df8a.mask.png,2aac24b6d359616f6810db9cb1dac03cfe8fb2711a97a21384edbfe40325c55c,uploaded
kit,857d2c0b-3758-4e8d-8ac7-7dfe7025df8a.png,recruits/kit/857d2c0b-3758-4e8d-8ac7-7dfe7025df8a.png,https://assets.geekedoutgames.com/recruits/kit/857d2c0b-3758-4e8d-8ac7-7dfe7025df8a.png,a3a439032660f854fc73492b7cf456108a341f0053b9a66681f31ae4193497b0,uploaded
kit,8587cae9-7996-476b-a4c2-aa6a4c4ac4e1.json,recruits/kit/8587cae9-7996-476b-a4c2-aa6a4c4ac4e1.json,https://assets.geekedoutgames.com/recruits/kit/8587cae9-7996-476b-a4c2-aa6a4c4ac4e1.json,00b120513e929093b061b64aebbfe90e17eca4a110338e0eca189ae72f1653a5,uploaded
kit,8587cae9-7996-476b-a4c2-aa6a4c4ac4e1.mask.png,recruits/kit/8587cae9-7996-476b-a4c2-aa6a4c4ac4e1.mask.png,https://assets.geekedoutgames.com/recruits/kit/8587cae9-7996-476b-a4c2-aa6a4c4ac4e1.mask.png,43841cd77192be5a7ad47f8ddec0f2fc49dfe278b54f7b447a32a2d883f6b725,uploaded
kit,8587cae9-7996-476b-a4c2-aa6a4c4ac4e1.png,recruits/kit/8587cae9-7996-476b-a4c2-aa6a4c4ac4e1.png,https://assets.geekedoutgames.com/recruits/kit/8587cae9-7996-476b-a4c2-aa6a4c4ac4e1.png,fd0d46c60c91405acb888f7a12fcf092f003d6c7c9833db5a07ffaac269dd46c,uploaded
kit,860b8c2f-5bbe-4b04-81ce-b89e3cbb53e4.json,recruits/kit/860b8c2f-5bbe-4b04-81ce-b89e3cbb53e4.json,https://assets.geekedoutgames.com/recruits/kit/860b8c2f-5bbe-4b04-81ce-b89e3cbb53e4.json,3e5390d5d3e29e4e7b7abdf4c7fd7a31cb7edb66d341da3b74ad1f879e2625e1,uploaded
kit,860b8c2f-5bbe-4b04-81ce-b89e3cbb53e4.mask.png,recruits/kit/860b8c2f-5bbe-4b04-81ce-b89e3cbb53e4.mask.png,https://assets.geekedoutgames.com/recruits/kit/860b8c2f-5bbe-4b04-81ce-b89e3cbb53e4.mask.png,09264709a4c7a48b3368e8b9fa123deefd1a4d8d3325b657f1faf0737052b89f,uploaded
kit,860b8c2f-5bbe-4b04-81ce-b89e3cbb53e4.png,recruits/kit/860b8c2f-5bbe-4b04-81ce-b89e3cbb53e4.png,https://assets.geekedoutgames.com/recruits/kit/860b8c2f-5bbe-4b04-81ce-b89e3cbb53e4.png,b7c264e9fbece2eb31f2493be77e9f7d9fb4f06c7bb46e333676d0cd37197e60,uploaded
kit,8711d7c1-0605-4a4e-ba8c-05ffa4f0ed69.json,recruits/kit/8711d7c1-0605-4a4e-ba8c-05ffa4f0ed69.json,https://assets.geekedoutgames.com/recruits/kit/8711d7c1-0605-4a4e-ba8c-05ffa4f0ed69.json,79871b543d6d7af93f459d46913eb72f1ae64175e22b72cc3ec26daf75aed6f9,uploaded
kit,8711d7c1-0605-4a4e-ba8c-05ffa4f0ed69.mask.png,recruits/kit/8711d7c1-0605-4a4e-ba8c-05ffa4f0ed69.mask.png,https://assets.geekedoutgames.com/recruits/kit/8711d7c1-0605-4a4e-ba8c-05ffa4f0ed69.mask.png,fe077672ff96078cea8381cdb363da2b7b7c4b659ab94333183d441a5c97ab20,uploaded
kit,8711d7c1-0605-4a4e-ba8c-05ffa4f0ed69.png,recruits/kit/8711d7c1-0605-4a4e-ba8c-05ffa4f0ed69.png,https://assets.geekedoutgames.com/recruits/kit/8711d7c1-0605-4a4e-ba8c-05ffa4f0ed69.png,0eb481b1625209a54034634bbe7e3d42e34fe0d7e63c66c7bce1692d30ffacac,uploaded
kit,88ba1a0b-f0dc-4837-a36d-bdaf4b101897.json,recruits/kit/88ba1a0b-f0dc-4837-a36d-bdaf4b101897.json,https://assets.geekedoutgames.com/recruits/kit/88ba1a0b-f0dc-4837-a36d-bdaf4b101897.json,7dd881dda492c7a00c8819e3e1ce75fe0c74779bf8fb66f7f51cc730b40ed088,uploaded
kit,88ba1a0b-f0dc-4837-a36d-bdaf4b101897.mask.png,recruits/kit/88ba1a0b-f0dc-4837-a36d-bdaf4b101897.mask.png,https://assets.geekedoutgames.com/recruits/kit/88ba1a0b-f0dc-4837-a36d-bdaf4b101897.mask.png,0158ba053bc47ee21a1422b80088b6479f578f365833ed21b987644e81e8e9ac,uploaded
kit,88ba1a0b-f0dc-4837-a36d-bdaf4b101897.png,recruits/kit/88ba1a0b-f0dc-4837-a36d-bdaf4b101897.png,https://assets.geekedoutgames.com/recruits/kit/88ba1a0b-f0dc-4837-a36d-bdaf4b101897.png,37f67d7e7b29c0974de95f7da96fa2fed899f51bcac3078b9a3396a4f497977c,uploaded
kit,8a17ca64-e6b1-444e-afc1-5170e3aa9afc.json,recruits/kit/8a17ca64-e6b1-444e-afc1-5170e3aa9afc.json,https://assets.geekedoutgames.com/recruits/kit/8a17ca64-e6b1-444e-afc1-5170e3aa9afc.json,2a6c36f68186c91eb26d98c5434481bc4b463948e3c1774aa031ea85dea4d90e,uploaded
kit,8a17ca64-e6b1-444e-afc1-5170e3aa9afc.mask.png,recruits/kit/8a17ca64-e6b1-444e-afc1-5170e3aa9afc.mask.png,https://assets.geekedoutgames.com/recruits/kit/8a17ca64-e6b1-444e-afc1-5170e3aa9afc.mask.png,a1aadb33f267f1708c074c2d0c1132b2551eb8c209d1bd8517868060a368f72d,uploaded
kit,8a17ca64-e6b1-444e-afc1-5170e3aa9afc.png,recruits/kit/8a17ca64-e6b1-444e-afc1-5170e3aa9afc.png,https://assets.geekedoutgames.com/recruits/kit/8a17ca64-e6b1-444e-afc1-5170e3aa9afc.png,373e397f1f6e8fd04e29b539d24f2a715a7b978468a1879d2a2100ac7ee24629,uploaded
kit,8a2d46f2-efc8-4064-8b5a-53bc58ddfdb1.json,recruits/kit/8a2d46f2-efc8-4064-8b5a-53bc58ddfdb1.json,https://assets.geekedoutgames.com/recruits/kit/8a2d46f2-efc8-4064-8b5a-53bc58ddfdb1.json,200449e6749b47c4025c4247a53b8573574fb438037d6a6fabb8c1cc1c93ccb0,uploaded
kit,8a2d46f2-efc8-4064-8b5a-53bc58ddfdb1.mask.png,recruits/kit/8a2d46f2-efc8-4064-8b5a-53bc58ddfdb1.mask.png,https://assets.geekedoutgames.com/recruits/kit/8a2d46f2-efc8-4064-8b5a-53bc58ddfdb1.mask.png,0b70d4caa0fe03f27f81594a96dfeb5517477a645041ce5f0434cb710e1d1790,uploaded
kit,8a2d46f2-efc8-4064-8b5a-53bc58ddfdb1.png,recruits/kit/8a2d46f2-efc8-4064-8b5a-53bc58ddfdb1.png,https://assets.geekedoutgames.com/recruits/kit/8a2d46f2-efc8-4064-8b5a-53bc58ddfdb1.png,59f0dc3b16fd86b09d7981f275212366cbd462551984f605edd398a7694f1fcb,uploaded
kit,8cf605bc-876f-4851-8606-2f2ab9ca5dbf.json,recruits/kit/8cf605bc-876f-4851-8606-2f2ab9ca5dbf.json,https://assets.geekedoutgames.com/recruits/kit/8cf605bc-876f-4851-8606-2f2ab9ca5dbf.json,f215fa2e98ec52b07426380099ce018dfd474df9197bbca76d4357d164dd8041,uploaded
kit,8cf605bc-876f-4851-8606-2f2ab9ca5dbf.mask.png,recruits/kit/8cf605bc-876f-4851-8606-2f2ab9ca5dbf.mask.png,https://assets.geekedoutgames.com/recruits/kit/8cf605bc-876f-4851-8606-2f2ab9ca5dbf.mask.png,20d7961100b87aac45ea2aee00e4ee97d322893996d1c912057d9cac75d67f54,uploaded
kit,8cf605bc-876f-4851-8606-2f2ab9ca5dbf.png,recruits/kit/8cf605bc-876f-4851-8606-2f2ab9ca5dbf.png,https://assets.geekedoutgames.com/recruits/kit/8cf605bc-876f-4851-8606-2f2ab9ca5dbf.png,4d5e6604768be91cb3cedc5cb53856999054bb8dbaa1ab7adeba6e1e23b2add0,uploaded
kit,8eb5aafa-a51a-4c60-9a83-4b128004ffe2.json,recruits/kit/8eb5aafa-a51a-4c60-9a83-4b128004ffe2.json,https://assets.geekedoutgames.com/recruits/kit/8eb5aafa-a51a-4c60-9a83-4b128004ffe2.json,8f5221add4191ff1d49513eb0735894e1dfd3471d5cabb1b16ee9bfa93f065b9,uploaded
kit,8eb5aafa-a51a-4c60-9a83-4b128004ffe2.mask.png,recruits/kit/8eb5aafa-a51a-4c60-9a83-4b128004ffe2.mask.png,https://assets.geekedoutgames.com/recruits/kit/8eb5aafa-a51a-4c60-9a83-4b128004ffe2.mask.png,01c4b463d11633aeea2d66c7015b48a71ac21046cc7c1e8507eaa375e2f9ad92,uploaded
kit,8eb5aafa-a51a-4c60-9a83-4b128004ffe2.png,recruits/kit/8eb5aafa-a51a-4c60-9a83-4b128004ffe2.png,https://assets.geekedoutgames.com/recruits/kit/8eb5aafa-a51a-4c60-9a83-4b128004ffe2.png,8ed0f055c031608db9abecc4ebeb5d3b63b7a22f4beb6f16f74ae603c581e5d3,uploaded
kit,8f82f91b-0f09-4dd6-b046-f7269aa54d8b.json,recruits/kit/8f82f91b-0f09-4dd6-b046-f7269aa54d8b.json,https://assets.geekedoutgames.com/recruits/kit/8f82f91b-0f09-4dd6-b046-f7269aa54d8b.json,1e1d89f31b3aac0e3383474890fd380027784f06db299e5c822d59d2b5312b8d,uploaded
kit,8f82f91b-0f09-4dd6-b046-f7269aa54d8b.mask.png,recruits/kit/8f82f91b-0f09-4dd6-b046-f7269aa54d8b.mask.png,https://assets.geekedoutgames.com/recruits/kit/8f82f91b-0f09-4dd6-b046-f7269aa54d8b.mask.png,9eaa70fb064b5b8e4041a208cec00549b239fb86d310bf7bf02a35e29a45a708,uploaded
kit,8f82f91b-0f09-4dd6-b046-f7269aa54d8b.png,recruits/kit/8f82f91b-0f09-4dd6-b046-f7269aa54d8b.png,https://assets.geekedoutgames.com/recruits/kit/8f82f91b-0f09-4dd6-b046-f7269aa54d8b.png,a53d198ade9160aaf0be0a47b9ede7143620e03f958d334334023c8049f8c30f,uploaded
kit,909c8342-f3a4-46f8-b3e0-6569c75a46df.json,recruits/kit/909c8342-f3a4-46f8-b3e0-6569c75a46df.json,https://assets.geekedoutgames.com/recruits/kit/909c8342-f3a4-46f8-b3e0-6569c75a46df.json,60e32dd487e27b80f1a25ca0bc6af4d4b689a594036bb9069d4a9592570e9d3f,uploaded
kit,909c8342-f3a4-46f8-b3e0-6569c75a46df.mask.png,recruits/kit/909c8342-f3a4-46f8-b3e0-6569c75a46df.mask.png,https://assets.geekedoutgames.com/recruits/kit/909c8342-f3a4-46f8-b3e0-6569c75a46df.mask.png,d5fa3fc1fd2499f8e8270c2727b900301c7c096a4ee72fbcc2cf41f0fe4691a2,uploaded
kit,909c8342-f3a4-46f8-b3e0-6569c75a46df.png,recruits/kit/909c8342-f3a4-46f8-b3e0-6569c75a46df.png,https://assets.geekedoutgames.com/recruits/kit/909c8342-f3a4-46f8-b3e0-6569c75a46df.png,ef28eec0c095678118bb4c747828030b588fbcf52196e79e3ea59f6a97a4fc08,uploaded
kit,91db3a48-1e0d-43b4-af38-3107d2f7c187.json,recruits/kit/91db3a48-1e0d-43b4-af38-3107d2f7c187.json,https://assets.geekedoutgames.com/recruits/kit/91db3a48-1e0d-43b4-af38-3107d2f7c187.json,c8cb9055c358fa8ae2dcfac3af6b8cf5a84090d5bf34ddb1f18555dea00366dc,uploaded
kit,91db3a48-1e0d-43b4-af38-3107d2f7c187.mask.png,recruits/kit/91db3a48-1e0d-43b4-af38-3107d2f7c187.mask.png,https://assets.geekedoutgames.com/recruits/kit/91db3a48-1e0d-43b4-af38-3107d2f7c187.mask.png,d12e0c3898baa9c24fe68aefe441c52a1d8c2dc8fbadc39570ae9f8999b22d53,uploaded
kit,91db3a48-1e0d-43b4-af38-3107d2f7c187.png,recruits/kit/91db3a48-1e0d-43b4-af38-3107d2f7c187.png,https://assets.geekedoutgames.com/recruits/kit/91db3a48-1e0d-43b4-af38-3107d2f7c187.png,339518900139037630705454cf65710093d0fdb581661b252117840071e24571,uploaded
kit,9268d698-eebf-47c7-be7b-38949c1fd066.json,recruits/kit/9268d698-eebf-47c7-be7b-38949c1fd066.json,https://assets.geekedoutgames.com/recruits/kit/9268d698-eebf-47c7-be7b-38949c1fd066.json,e9d89eb66675a01a075bd592091af740ab0312bd78980300ee46543d8f578097,uploaded
kit,9268d698-eebf-47c7-be7b-38949c1fd066.mask.png,recruits/kit/9268d698-eebf-47c7-be7b-38949c1fd066.mask.png,https://assets.geekedoutgames.com/recruits/kit/9268d698-eebf-47c7-be7b-38949c1fd066.mask.png,55897c012f52f0c4b810edff0cb87b3d7c90d162dae1f0fdb478a3e68db77463,uploaded
kit,9268d698-eebf-47c7-be7b-38949c1fd066.png,recruits/kit/9268d698-eebf-47c7-be7b-38949c1fd066.png,https://assets.geekedoutgames.com/recruits/kit/9268d698-eebf-47c7-be7b-38949c1fd066.png,f1eff6a92d2453417814424913b8f2ac64796b446cc61345c5f5d40563a1e367,uploaded
kit,939e0288-633f-41c4-8986-ece97a00e91f.json,recruits/kit/939e0288-633f-41c4-8986-ece97a00e91f.json,https://assets.geekedoutgames.com/recruits/kit/939e0288-633f-41c4-8986-ece97a00e91f.json,7cbf6918ab66b0d3e7b23a48de94997637ade961052bb34426599b50d9dc1468,uploaded
kit,939e0288-633f-41c4-8986-ece97a00e91f.mask.png,recruits/kit/939e0288-633f-41c4-8986-ece97a00e91f.mask.png,https://assets.geekedoutgames.com/recruits/kit/939e0288-633f-41c4-8986-ece97a00e91f.mask.png,67b97463999a4c35e82c56263314b7b2fc22dce62f06284ce5f9a3415ca75c42,uploaded
kit,939e0288-633f-41c4-8986-ece97a00e91f.png,recruits/kit/939e0288-633f-41c4-8986-ece97a00e91f.png,https://assets.geekedoutgames.com/recruits/kit/939e0288-633f-41c4-8986-ece97a00e91f.png,bc5b3b8e9240c7b56b16d7bfddf892baf55cadb4d922e8070b9912014b5fae16,uploaded
kit,93b46396-c04d-49ee-b858-dbd2d06680e1.json,recruits/kit/93b46396-c04d-49ee-b858-dbd2d06680e1.json,https://assets.geekedoutgames.com/recruits/kit/93b46396-c04d-49ee-b858-dbd2d06680e1.json,16e79d9155c0b5e1e5aec51b5ae9dbeffa56845e073dbffde5466908647d168a,uploaded
kit,93b46396-c04d-49ee-b858-dbd2d06680e1.mask.png,recruits/kit/93b46396-c04d-49ee-b858-dbd2d06680e1.mask.png,https://assets.geekedoutgames.com/recruits/kit/93b46396-c04d-49ee-b858-dbd2d06680e1.mask.png,366a336c037f6081c317147ffa789f3f234b1ce8e669abb5e45b326c3f055d2a,uploaded
kit,93b46396-c04d-49ee-b858-dbd2d06680e1.png,recruits/kit/93b46396-c04d-49ee-b858-dbd2d06680e1.png,https://assets.geekedoutgames.com/recruits/kit/93b46396-c04d-49ee-b858-dbd2d06680e1.png,7797d15a5631ee4fcede89fbe3390bb138725a0439ae38bda2f81236e1efd86c,uploaded
kit,97cbdd0d-025e-451b-9544-7acad48aead7.json,recruits/kit/97cbdd0d-025e-451b-9544-7acad48aead7.json,https://assets.geekedoutgames.com/recruits/kit/97cbdd0d-025e-451b-9544-7acad48aead7.json,7d982001ed037869cfbc6148d0ece4c7f258fea037125532c6982bab47e9e098,uploaded
kit,97cbdd0d-025e-451b-9544-7acad48aead7.mask.png,recruits/kit/97cbdd0d-025e-451b-9544-7acad48aead7.mask.png,https://assets.geekedoutgames.com/recruits/kit/97cbdd0d-025e-451b-9544-7acad48aead7.mask.png,2a6b302854769677609a2891c2a0d112ca3d31f722b7200497cc9523cf937499,uploaded
kit,97cbdd0d-025e-451b-9544-7acad48aead7.png,recruits/kit/97cbdd0d-025e-451b-9544-7acad48aead7.png,https://assets.geekedoutgames.com/recruits/kit/97cbdd0d-025e-451b-9544-7acad48aead7.png,8aa4a93b1ce00f3bef39796214c2391f3d08d3d9fdf08fb819bdf36cde3fa6c1,uploaded
kit,98850d67-b4ad-4f57-b4ed-18a130dafa71.json,recruits/kit/98850d67-b4ad-4f57-b4ed-18a130dafa71.json,https://assets.geekedoutgames.com/recruits/kit/98850d67-b4ad-4f57-b4ed-18a130dafa71.json,e6226b8860bfa494890c8548cd4786d9b75200a3113654959ffe72e2e99df8c6,uploaded
kit,98850d67-b4ad-4f57-b4ed-18a130dafa71.mask.png,recruits/kit/98850d67-b4ad-4f57-b4ed-18a130dafa71.mask.png,https://assets.geekedoutgames.com/recruits/kit/98850d67-b4ad-4f57-b4ed-18a130dafa71.mask.png,0055a1ee98e7f46cfc0a8e26c43db8aaea208a276bf81d62387446ce5bdf0e64,uploaded
kit,98850d67-b4ad-4f57-b4ed-18a130dafa71.png,recruits/kit/98850d67-b4ad-4f57-b4ed-18a130dafa71.png,https://assets.geekedoutgames.com/recruits/kit/98850d67-b4ad-4f57-b4ed-18a130dafa71.png,8f929034dce48169efcd11ded9f79b1298ab344495fc6d2d59c9a82f9d0373fe,uploaded
kit,9c736a43-b267-4ca5-a1c6-305f0d893fd1.json,recruits/kit/9c736a43-b267-4ca5-a1c6-305f0d893fd1.json,https://assets.geekedoutgames.com/recruits/kit/9c736a43-b267-4ca5-a1c6-305f0d893fd1.json,8abd22251c24af94e5d2ec54a16786b0b09d202421fb6503079a98c8b8be9bd4,uploaded
kit,9c736a43-b267-4ca5-a1c6-305f0d893fd1.mask.png,recruits/kit/9c736a43-b267-4ca5-a1c6-305f0d893fd1.mask.png,https://assets.geekedoutgames.com/recruits/kit/9c736a43-b267-4ca5-a1c6-305f0d893fd1.mask.png,423c368f2a65814112c042c0271175a220b0cd405011c9fe33407f5840bcf96f,uploaded
kit,9c736a43-b267-4ca5-a1c6-305f0d893fd1.png,recruits/kit/9c736a43-b267-4ca5-a1c6-305f0d893fd1.png,https://assets.geekedoutgames.com/recruits/kit/9c736a43-b267-4ca5-a1c6-305f0d893fd1.png,2f223dde8fc384a6899cd9adbf5d18a8a0bc11b26afb398b069d120dbd57909a,uploaded
kit,9d0e4d27-d52b-419c-a49b-e57246f4e2bf.json,recruits/kit/9d0e4d27-d52b-419c-a49b-e57246f4e2bf.json,https://assets.geekedoutgames.com/recruits/kit/9d0e4d27-d52b-419c-a49b-e57246f4e2bf.json,e21f22437c12e3f97771b8fa248e854db99150370ab1a5d1ffef3e84f526461a,uploaded
kit,9d0e4d27-d52b-419c-a49b-e57246f4e2bf.mask.png,recruits/kit/9d0e4d27-d52b-419c-a49b-e57246f4e2bf.mask.png,https://assets.geekedoutgames.com/recruits/kit/9d0e4d27-d52b-419c-a49b-e57246f4e2bf.mask.png,7d590c035e563130cf0ea5d393662b1ae98b06e3ec52c02f8d4ddc996f703d18,uploaded
kit,9d0e4d27-d52b-419c-a49b-e57246f4e2bf.png,recruits/kit/9d0e4d27-d52b-419c-a49b-e57246f4e2bf.png,https://assets.geekedoutgames.com/recruits/kit/9d0e4d27-d52b-419c-a49b-e57246f4e2bf.png,a29979d27c3997a6dea692d1b462c1faf4a6a7fbea91098b33e5cd1ff5055b5c,uploaded
kit,9d60b405-91f1-4482-8be7-fc5ecf9dc027.json,recruits/kit/9d60b405-91f1-4482-8be7-fc5ecf9dc027.json,https://assets.geekedoutgames.com/recruits/kit/9d60b405-91f1-4482-8be7-fc5ecf9dc027.json,e8c290a2814cb9efed9b7cf305f384c4f6ce95934ca65492390c7f5e96e4ad69,uploaded
kit,9d60b405-91f1-4482-8be7-fc5ecf9dc027.mask.png,recruits/kit/9d60b405-91f1-4482-8be7-fc5ecf9dc027.mask.png,https://assets.geekedoutgames.com/recruits/kit/9d60b405-91f1-4482-8be7-fc5ecf9dc027.mask.png,df07b0e265e9d42c8f122222e82146b5d5584971c49ad99ff090f10d1d324027,uploaded
kit,9d60b405-91f1-4482-8be7-fc5ecf9dc027.png,recruits/kit/9d60b405-91f1-4482-8be7-fc5ecf9dc027.png,https://assets.geekedoutgames.com/recruits/kit/9d60b405-91f1-4482-8be7-fc5ecf9dc027.png,ada145a80e9bc80bc3cdf034de6d450b36ea8d2928f2413795ac45f1ddb06193,uploaded
kit,9e29a074-6279-41e5-ad9b-0350b6d68f97.json,recruits/kit/9e29a074-6279-41e5-ad9b-0350b6d68f97.json,https://assets.geekedoutgames.com/recruits/kit/9e29a074-6279-41e5-ad9b-0350b6d68f97.json,b3bae74a0d4bb861130d3b24996fdd95e0fa006b130c139df40949a28b3e7158,uploaded
kit,9e29a074-6279-41e5-ad9b-0350b6d68f97.mask.png,recruits/kit/9e29a074-6279-41e5-ad9b-0350b6d68f97.mask.png,https://assets.geekedoutgames.com/recruits/kit/9e29a074-6279-41e5-ad9b-0350b6d68f97.mask.png,b2e5e091da67002a26af6ba1d72363efdb53fde3da6ae423f7c2a5d60aa01bba,uploaded
kit,9e29a074-6279-41e5-ad9b-0350b6d68f97.png,recruits/kit/9e29a074-6279-41e5-ad9b-0350b6d68f97.png,https://assets.geekedoutgames.com/recruits/kit/9e29a074-6279-41e5-ad9b-0350b6d68f97.png,e5bc9b01b86dd61d1c74036e40c1a481af72f2442578725429ad226b83c0b76d,uploaded
kit,9e62a66e-fabc-4787-9096-ff500b95437f.json,recruits/kit/9e62a66e-fabc-4787-9096-ff500b95437f.json,https://assets.geekedoutgames.com/recruits/kit/9e62a66e-fabc-4787-9096-ff500b95437f.json,6d93b7afe88805e2eff306cdbcfb386418a0b02dcba6fde20d9aacc586e4a0a5,uploaded
kit,9e62a66e-fabc-4787-9096-ff500b95437f.mask.png,recruits/kit/9e62a66e-fabc-4787-9096-ff500b95437f.mask.png,https://assets.geekedoutgames.com/recruits/kit/9e62a66e-fabc-4787-9096-ff500b95437f.mask.png,a4af6cbdb354759b7168f474cded401f7c09cd37831c18d53c9667f1fc00afe9,uploaded
kit,9e62a66e-fabc-4787-9096-ff500b95437f.png,recruits/kit/9e62a66e-fabc-4787-9096-ff500b95437f.png,https://assets.geekedoutgames.com/recruits/kit/9e62a66e-fabc-4787-9096-ff500b95437f.png,4b0514b9ed5826517f65dadd8872fcc20f154b1f0676b93b1af82c7b3e9e69b1,uploaded
kit,a1bcfb1e-6683-4ce0-926d-0f29d44ec439.json,recruits/kit/a1bcfb1e-6683-4ce0-926d-0f29d44ec439.json,https://assets.geekedoutgames.com/recruits/kit/a1bcfb1e-6683-4ce0-926d-0f29d44ec439.json,caff64f161c3d55c1490b79a5804df77409c445af3e69bd26e29a8f27dd91c6e,uploaded
kit,a1bcfb1e-6683-4ce0-926d-0f29d44ec439.mask.png,recruits/kit/a1bcfb1e-6683-4ce0-926d-0f29d44ec439.mask.png,https://assets.geekedoutgames.com/recruits/kit/a1bcfb1e-6683-4ce0-926d-0f29d44ec439.mask.png,67b4d8196971ff11bc595661a782ddb390c6aa7e5724a271a0d17ab3ec94290b,uploaded
kit,a1bcfb1e-6683-4ce0-926d-0f29d44ec439.png,recruits/kit/a1bcfb1e-6683-4ce0-926d-0f29d44ec439.png,https://assets.geekedoutgames.com/recruits/kit/a1bcfb1e-6683-4ce0-926d-0f29d44ec439.png,df5cc485ff4c115d6f6a7e12fd80039cd3a9978ed6ed3f1b56837cf0199eb4af,uploaded
kit,a2549a8e-5830-46fc-8a5e-ac81c4a1a9d4.json,recruits/kit/a2549a8e-5830-46fc-8a5e-ac81c4a1a9d4.json,https://assets.geekedoutgames.com/recruits/kit/a2549a8e-5830-46fc-8a5e-ac81c4a1a9d4.json,5158cc1444462188507952775f066270b2abebb2bc68c5ff79a64a07931e9d10,uploaded
kit,a2549a8e-5830-46fc-8a5e-ac81c4a1a9d4.mask.png,recruits/kit/a2549a8e-5830-46fc-8a5e-ac81c4a1a9d4.mask.png,https://assets.geekedoutgames.com/recruits/kit/a2549a8e-5830-46fc-8a5e-ac81c4a1a9d4.mask.png,50b50956a6af1043c1dc356785e2b91ba251a0059a9ac78abe2aa4da54dd99f0,uploaded
kit,a2549a8e-5830-46fc-8a5e-ac81c4a1a9d4.png,recruits/kit/a2549a8e-5830-46fc-8a5e-ac81c4a1a9d4.png,https://assets.geekedoutgames.com/recruits/kit/a2549a8e-5830-46fc-8a5e-ac81c4a1a9d4.png,407df9288c0dd43a4bf2912b7343464090852e84db66da84b3919b8595e7331b,uploaded
kit,a26cdb55-d9cd-4ac7-b8af-299ce683d5a4.json,recruits/kit/a26cdb55-d9cd-4ac7-b8af-299ce683d5a4.json,https://assets.geekedoutgames.com/recruits/kit/a26cdb55-d9cd-4ac7-b8af-299ce683d5a4.json,83612dcb170570b80c3987b9c2bc4e3bc1c6290fb9d8062565f0cda1ace3ca58,uploaded
kit,a26cdb55-d9cd-4ac7-b8af-299ce683d5a4.mask.png,recruits/kit/a26cdb55-d9cd-4ac7-b8af-299ce683d5a4.mask.png,https://assets.geekedoutgames.com/recruits/kit/a26cdb55-d9cd-4ac7-b8af-299ce683d5a4.mask.png,3dc08b5f9d6a489f42bace5f2ef4a15f1db8cdfcd09fb351f6564b07ce36da7e,uploaded
kit,a26cdb55-d9cd-4ac7-b8af-299ce683d5a4.png,recruits/kit/a26cdb55-d9cd-4ac7-b8af-299ce683d5a4.png,https://assets.geekedoutgames.com/recruits/kit/a26cdb55-d9cd-4ac7-b8af-299ce683d5a4.png,c5358bc427e34fe4b123793eaca11d78270ad00a20bb37e7423eee1d350ea4fb,uploaded
kit,a4a12bf0-23e0-4dca-96ce-d1bf01f8a1c0.json,recruits/kit/a4a12bf0-23e0-4dca-96ce-d1bf01f8a1c0.json,https://assets.geekedoutgames.com/recruits/kit/a4a12bf0-23e0-4dca-96ce-d1bf01f8a1c0.json,9dac9a044680a648117b3125ded62013fc95a1ac3b223a1ff10fe095f27d2827,uploaded
kit,a4a12bf0-23e0-4dca-96ce-d1bf01f8a1c0.mask.png,recruits/kit/a4a12bf0-23e0-4dca-96ce-d1bf01f8a1c0.mask.png,https://assets.geekedoutgames.com/recruits/kit/a4a12bf0-23e0-4dca-96ce-d1bf01f8a1c0.mask.png,dc125657c2de91e99d74427fc568f7c339104ab8fec8b763de8f9c5d422ce5ed,uploaded
kit,a4a12bf0-23e0-4dca-96ce-d1bf01f8a1c0.png,recruits/kit/a4a12bf0-23e0-4dca-96ce-d1bf01f8a1c0.png,https://assets.geekedoutgames.com/recruits/kit/a4a12bf0-23e0-4dca-96ce-d1bf01f8a1c0.png,8d869fc3031eaa3c94afb73291336b60c238a8415e773b17994cdd1c5d88ebf5,uploaded
kit,a5b0c557-7287-4b3a-91b2-d7aa8f8b17d7.json,recruits/kit/a5b0c557-7287-4b3a-91b2-d7aa8f8b17d7.json,https://assets.geekedoutgames.com/recruits/kit/a5b0c557-7287-4b3a-91b2-d7aa8f8b17d7.json,a27d0cda029982f9d67c46125729cafe82dd57d27ce27b8dc527126079333b1d,uploaded
kit,a5b0c557-7287-4b3a-91b2-d7aa8f8b17d7.mask.png,recruits/kit/a5b0c557-7287-4b3a-91b2-d7aa8f8b17d7.mask.png,https://assets.geekedoutgames.com/recruits/kit/a5b0c557-7287-4b3a-91b2-d7aa8f8b17d7.mask.png,3c5a02fe136f10fa67af0bcb70371e9311f37d5846365a6eaf13ca00452ea3ab,uploaded
kit,a5b0c557-7287-4b3a-91b2-d7aa8f8b17d7.png,recruits/kit/a5b0c557-7287-4b3a-91b2-d7aa8f8b17d7.png,https://assets.geekedoutgames.com/recruits/kit/a5b0c557-7287-4b3a-91b2-d7aa8f8b17d7.png,4accbb4b6534e87ace8980926272b7aad3f47f31373b2b4f9a61aa38010827b6,uploaded
kit,a65a9b1b-087c-4a21-889b-6cc2b28866ad.json,recruits/kit/a65a9b1b-087c-4a21-889b-6cc2b28866ad.json,https://assets.geekedoutgames.com/recruits/kit/a65a9b1b-087c-4a21-889b-6cc2b28866ad.json,b7afbdc97df37eb1b66ebf0033a312e7ceb4a5a4d461bc39939a820cbccd300d,uploaded
kit,a65a9b1b-087c-4a21-889b-6cc2b28866ad.mask.png,recruits/kit/a65a9b1b-087c-4a21-889b-6cc2b28866ad.mask.png,https://assets.geekedoutgames.com/recruits/kit/a65a9b1b-087c-4a21-889b-6cc2b28866ad.mask.png,feb8cc66ed5d4144ed20b5a3f1da4068434be0b4b2c53e10432ab453f67976f6,uploaded
kit,a65a9b1b-087c-4a21-889b-6cc2b28866ad.png,recruits/kit/a65a9b1b-087c-4a21-889b-6cc2b28866ad.png,https://assets.geekedoutgames.com/recruits/kit/a65a9b1b-087c-4a21-889b-6cc2b28866ad.png,5f7fbb425aae1e2d904de21efbc22f725b66c46da948ab90e9a117e4057fe6b4,uploaded
kit,aa1c0544-db25-44d8-8272-b1eb1954df46.json,recruits/kit/aa1c0544-db25-44d8-8272-b1eb1954df46.json,https://assets.geekedoutgames.com/recruits/kit/aa1c0544-db25-44d8-8272-b1eb1954df46.json,8493479a721590b0c8f654aceda2c127664ec79eeba4ca767e47892b05499107,uploaded
kit,aa1c0544-db25-44d8-8272-b1eb1954df46.mask.png,recruits/kit/aa1c0544-db25-44d8-8272-b1eb1954df46.mask.png,https://assets.geekedoutgames.com/recruits/kit/aa1c0544-db25-44d8-8272-b1eb1954df46.mask.png,188e7bb452640f900aa7a63dcc799383fbbc84fcf06c181c11d7ad530642e04b,uploaded
kit,aa1c0544-db25-44d8-8272-b1eb1954df46.png,recruits/kit/aa1c0544-db25-44d8-8272-b1eb1954df46.png,https://assets.geekedoutgames.com/recruits/kit/aa1c0544-db25-44d8-8272-b1eb1954df46.png,3a6c79b0bb96bc075a79946428dde2ddf255f60a052992abcd1a96b5481a0df2,uploaded
kit,aa410806-b16a-4d6f-933c-ead0f5b6871e.json,recruits/kit/aa410806-b16a-4d6f-933c-ead0f5b6871e.json,https://assets.geekedoutgames.com/recruits/kit/aa410806-b16a-4d6f-933c-ead0f5b6871e.json,c32359e05d3709a6639f3543b8bdf6b3c5c2ba40092f134d1c0c08f4b5e7807d,uploaded
kit,aa410806-b16a-4d6f-933c-ead0f5b6871e.mask.png,recruits/kit/aa410806-b16a-4d6f-933c-ead0f5b6871e.mask.png,https://assets.geekedoutgames.com/recruits/kit/aa410806-b16a-4d6f-933c-ead0f5b6871e.mask.png,a231c561052f15b5b5cda0f7b5e4c3280dd6318f2d949a90c6e2692cba652555,uploaded
kit,aa410806-b16a-4d6f-933c-ead0f5b6871e.png,recruits/kit/aa410806-b16a-4d6f-933c-ead0f5b6871e.png,https://assets.geekedoutgames.com/recruits/kit/aa410806-b16a-4d6f-933c-ead0f5b6871e.png,c1d875a438ac7845c50dafb05525c6aec229e759a452f4bec5791aaf220e45e5,uploaded
kit,ab14fe7e-4138-4db4-8c60-1c318464b8da.json,recruits/kit/ab14fe7e-4138-4db4-8c60-1c318464b8da.json,https://assets.geekedoutgames.com/recruits/kit/ab14fe7e-4138-4db4-8c60-1c318464b8da.json,ca8b8e33e5b536888ada6410ad36a01545d9675631b890295305774046900138,uploaded
kit,ab14fe7e-4138-4db4-8c60-1c318464b8da.mask.png,recruits/kit/ab14fe7e-4138-4db4-8c60-1c318464b8da.mask.png,https://assets.geekedoutgames.com/recruits/kit/ab14fe7e-4138-4db4-8c60-1c318464b8da.mask.png,d27b0b2ef405d8704eb0d5cf4a9945fb14235858c91e143a3ae840bd816de057,uploaded
kit,ab14fe7e-4138-4db4-8c60-1c318464b8da.png,recruits/kit/ab14fe7e-4138-4db4-8c60-1c318464b8da.png,https://assets.geekedoutgames.com/recruits/kit/ab14fe7e-4138-4db4-8c60-1c318464b8da.png,f0ff6317f21abb4b010155208563f51e22c933c25d3ed0853190911602344037,uploaded
kit,abcdc858-2676-446a-9731-ce47b8ed5701.json,recruits/kit/abcdc858-2676-446a-9731-ce47b8ed5701.json,https://assets.geekedoutgames.com/recruits/kit/abcdc858-2676-446a-9731-ce47b8ed5701.json,5b969804b587633ab24a4832cf2877e1604c4841ab4bccaff3de075463fb7f0a,uploaded
kit,abcdc858-2676-446a-9731-ce47b8ed5701.mask.png,recruits/kit/abcdc858-2676-446a-9731-ce47b8ed5701.mask.png,https://assets.geekedoutgames.com/recruits/kit/abcdc858-2676-446a-9731-ce47b8ed5701.mask.png,069aa51b2bd51a8adea3a2ed4fddbad7bf2ddafdec012561938243ef2ee45924,uploaded
kit,abcdc858-2676-446a-9731-ce47b8ed5701.png,recruits/kit/abcdc858-2676-446a-9731-ce47b8ed5701.png,https://assets.geekedoutgames.com/recruits/kit/abcdc858-2676-446a-9731-ce47b8ed5701.png,28664679e929574c71de0efb22fa0034b83c3bd85136d7be971bb3503704bac4,uploaded
kit,ac877cc1-9f71-4415-b55b-b46230d48233.json,recruits/kit/ac877cc1-9f71-4415-b55b-b46230d48233.json,https://assets.geekedoutgames.com/recruits/kit/ac877cc1-9f71-4415-b55b-b46230d48233.json,5158cc1444462188507952775f066270b2abebb2bc68c5ff79a64a07931e9d10,uploaded
kit,ac877cc1-9f71-4415-b55b-b46230d48233.mask.png,recruits/kit/ac877cc1-9f71-4415-b55b-b46230d48233.mask.png,https://assets.geekedoutgames.com/recruits/kit/ac877cc1-9f71-4415-b55b-b46230d48233.mask.png,30ca7f82e706adad96b9c7d59808bf22dbcd89d23f9f74d7cb672beca3028ef0,uploaded
kit,ac877cc1-9f71-4415-b55b-b46230d48233.png,recruits/kit/ac877cc1-9f71-4415-b55b-b46230d48233.png,https://assets.geekedoutgames.com/recruits/kit/ac877cc1-9f71-4415-b55b-b46230d48233.png,0cb2b6ddee6cb6c8017ccafdc90a6e3a9bb3ca164ce1aaee83aa4e56aa54f707,uploaded
kit,ae073bcb-3c34-4ae9-85fa-5e38200e2f42.json,recruits/kit/ae073bcb-3c34-4ae9-85fa-5e38200e2f42.json,https://assets.geekedoutgames.com/recruits/kit/ae073bcb-3c34-4ae9-85fa-5e38200e2f42.json,3fd5d0fa1e1ecdb019a142dcc99d2dc8aea1523cb4c6fbc743c322733880727c,uploaded
kit,ae073bcb-3c34-4ae9-85fa-5e38200e2f42.mask.png,recruits/kit/ae073bcb-3c34-4ae9-85fa-5e38200e2f42.mask.png,https://assets.geekedoutgames.com/recruits/kit/ae073bcb-3c34-4ae9-85fa-5e38200e2f42.mask.png,f448ee2900c98e60b04f08c4f9bee693303628594d6ead6963b69af9b2685d84,uploaded
kit,ae073bcb-3c34-4ae9-85fa-5e38200e2f42.png,recruits/kit/ae073bcb-3c34-4ae9-85fa-5e38200e2f42.png,https://assets.geekedoutgames.com/recruits/kit/ae073bcb-3c34-4ae9-85fa-5e38200e2f42.png,9072b2e8ad32b7daef268b4a53a4e620bb2fa42e643dc6e79f3831cb4bacac78,uploaded
kit,afedb686-9f4c-49a8-821b-238897f6a648.json,recruits/kit/afedb686-9f4c-49a8-821b-238897f6a648.json,https://assets.geekedoutgames.com/recruits/kit/afedb686-9f4c-49a8-821b-238897f6a648.json,d2106213e44d5d6df1d4e8f71af35973f851969030088a7814a81781fdcea446,uploaded
kit,afedb686-9f4c-49a8-821b-238897f6a648.mask.png,recruits/kit/afedb686-9f4c-49a8-821b-238897f6a648.mask.png,https://assets.geekedoutgames.com/recruits/kit/afedb686-9f4c-49a8-821b-238897f6a648.mask.png,13b7573279905053189092bce5d269f03f971db06f2b8b5d0fbf1ed3f113da53,uploaded
kit,afedb686-9f4c-49a8-821b-238897f6a648.png,recruits/kit/afedb686-9f4c-49a8-821b-238897f6a648.png,https://assets.geekedoutgames.com/recruits/kit/afedb686-9f4c-49a8-821b-238897f6a648.png,1a8987edda730ba42873074cf356a4c12e20384db5d4a4c97b3b78f911b475aa,uploaded
kit,b1c4320e-bcca-489f-8a17-649f3cb3a6b7.json,recruits/kit/b1c4320e-bcca-489f-8a17-649f3cb3a6b7.json,https://assets.geekedoutgames.com/recruits/kit/b1c4320e-bcca-489f-8a17-649f3cb3a6b7.json,60847e0f8f81c5877212bd3730d656ec7eaf96e84bb43d1c6682fe34cb029184,uploaded
kit,b1c4320e-bcca-489f-8a17-649f3cb3a6b7.mask.png,recruits/kit/b1c4320e-bcca-489f-8a17-649f3cb3a6b7.mask.png,https://assets.geekedoutgames.com/recruits/kit/b1c4320e-bcca-489f-8a17-649f3cb3a6b7.mask.png,c207cc9721866fdf7db02858ba5ba5952cbf87f327db94e889f29fba7d811a86,uploaded
kit,b1c4320e-bcca-489f-8a17-649f3cb3a6b7.png,recruits/kit/b1c4320e-bcca-489f-8a17-649f3cb3a6b7.png,https://assets.geekedoutgames.com/recruits/kit/b1c4320e-bcca-489f-8a17-649f3cb3a6b7.png,c278ac329977038858e6e518df16b3fb2495eed1937875c5248ad378e36eb2ed,uploaded
kit,b2f496dd-c9ea-493c-ade4-15b4d9e5ffb3.json,recruits/kit/b2f496dd-c9ea-493c-ade4-15b4d9e5ffb3.json,https://assets.geekedoutgames.com/recruits/kit/b2f496dd-c9ea-493c-ade4-15b4d9e5ffb3.json,308caa77ee7761a931e27c761802a8c19b3e022ccb6640d041ab64e05fbbacdf,uploaded
kit,b2f496dd-c9ea-493c-ade4-15b4d9e5ffb3.mask.png,recruits/kit/b2f496dd-c9ea-493c-ade4-15b4d9e5ffb3.mask.png,https://assets.geekedoutgames.com/recruits/kit/b2f496dd-c9ea-493c-ade4-15b4d9e5ffb3.mask.png,81d176c3afabaad4c6668dff085fe4b90935aeb1617fa9794ce20107a776d904,uploaded
kit,b2f496dd-c9ea-493c-ade4-15b4d9e5ffb3.png,recruits/kit/b2f496dd-c9ea-493c-ade4-15b4d9e5ffb3.png,https://assets.geekedoutgames.com/recruits/kit/b2f496dd-c9ea-493c-ade4-15b4d9e5ffb3.png,8ae08691c78269ed2bf1d31df269387175aa2ac7484b31da53267c67f7e7e66e,uploaded
kit,b505fe5d-9f31-4133-9c90-e8a65288a07a.json,recruits/kit/b505fe5d-9f31-4133-9c90-e8a65288a07a.json,https://assets.geekedoutgames.com/recruits/kit/b505fe5d-9f31-4133-9c90-e8a65288a07a.json,28cae69bff41bbbd5016c317ca39918badc43e1bf3359b51b24272dde408de1c,uploaded
kit,b505fe5d-9f31-4133-9c90-e8a65288a07a.mask.png,recruits/kit/b505fe5d-9f31-4133-9c90-e8a65288a07a.mask.png,https://assets.geekedoutgames.com/recruits/kit/b505fe5d-9f31-4133-9c90-e8a65288a07a.mask.png,31f73391ce5be6cc96e2a40ff1cdfe516585b75b0845d43226e8df0139a2a64f,uploaded
kit,b505fe5d-9f31-4133-9c90-e8a65288a07a.png,recruits/kit/b505fe5d-9f31-4133-9c90-e8a65288a07a.png,https://assets.geekedoutgames.com/recruits/kit/b505fe5d-9f31-4133-9c90-e8a65288a07a.png,40ce08eca4aec6add50b3d19d5878c4fd9c9a64b33727575af66486a86d64464,uploaded
kit,b7129cd1-3459-4dce-893a-637d05edfab7.json,recruits/kit/b7129cd1-3459-4dce-893a-637d05edfab7.json,https://assets.geekedoutgames.com/recruits/kit/b7129cd1-3459-4dce-893a-637d05edfab7.json,6cb70ab033281741167f6d49adca027fe8215c5b7eb0740fce5ab9f06095a608,uploaded
kit,b7129cd1-3459-4dce-893a-637d05edfab7.mask.png,recruits/kit/b7129cd1-3459-4dce-893a-637d05edfab7.mask.png,https://assets.geekedoutgames.com/recruits/kit/b7129cd1-3459-4dce-893a-637d05edfab7.mask.png,6fd06f11b92d7972025f17c9deb48aa74f1d3fd8007ebc10a43c39ba750b15f4,uploaded
kit,b7129cd1-3459-4dce-893a-637d05edfab7.png,recruits/kit/b7129cd1-3459-4dce-893a-637d05edfab7.png,https://assets.geekedoutgames.com/recruits/kit/b7129cd1-3459-4dce-893a-637d05edfab7.png,0b2d2305a4b9483d19bca9e38c5f71de0ba890af218a80eb13bbb0276bbb6711,uploaded
kit,b7ec5d4d-26ee-4411-b155-3659e5fe6c13.json,recruits/kit/b7ec5d4d-26ee-4411-b155-3659e5fe6c13.json,https://assets.geekedoutgames.com/recruits/kit/b7ec5d4d-26ee-4411-b155-3659e5fe6c13.json,b7afbdc97df37eb1b66ebf0033a312e7ceb4a5a4d461bc39939a820cbccd300d,uploaded
kit,b7ec5d4d-26ee-4411-b155-3659e5fe6c13.mask.png,recruits/kit/b7ec5d4d-26ee-4411-b155-3659e5fe6c13.mask.png,https://assets.geekedoutgames.com/recruits/kit/b7ec5d4d-26ee-4411-b155-3659e5fe6c13.mask.png,e6ad66c7f51c2315612e78936dbf15a2fbcf68edf7cdfdb699f7129e112df987,uploaded
kit,b7ec5d4d-26ee-4411-b155-3659e5fe6c13.png,recruits/kit/b7ec5d4d-26ee-4411-b155-3659e5fe6c13.png,https://assets.geekedoutgames.com/recruits/kit/b7ec5d4d-26ee-4411-b155-3659e5fe6c13.png,1d85425138fc0437fe65d510b149fbbdeb41219a690def3816b53211c9f146ab,uploaded
kit,b874fa01-1ad3-4857-82df-d7f684f700d1.json,recruits/kit/b874fa01-1ad3-4857-82df-d7f684f700d1.json,https://assets.geekedoutgames.com/recruits/kit/b874fa01-1ad3-4857-82df-d7f684f700d1.json,8d2094f9f8581c030384cc5370fda596a0f14d54a33d22111610b70813d0620a,uploaded
kit,b874fa01-1ad3-4857-82df-d7f684f700d1.mask.png,recruits/kit/b874fa01-1ad3-4857-82df-d7f684f700d1.mask.png,https://assets.geekedoutgames.com/recruits/kit/b874fa01-1ad3-4857-82df-d7f684f700d1.mask.png,99afc99bdb2d997fe570b798f54c166ebbe1869e67ab995596e83c0fff422038,uploaded
kit,b874fa01-1ad3-4857-82df-d7f684f700d1.png,recruits/kit/b874fa01-1ad3-4857-82df-d7f684f700d1.png,https://assets.geekedoutgames.com/recruits/kit/b874fa01-1ad3-4857-82df-d7f684f700d1.png,d3cb550a755c85ad7c4d9aaa6193a95de5aea089cd9d151a9f6bb386d759bd4c,uploaded
kit,b8af6b0a-9a53-452f-92af-5cbc1c60b8de.json,recruits/kit/b8af6b0a-9a53-452f-92af-5cbc1c60b8de.json,https://assets.geekedoutgames.com/recruits/kit/b8af6b0a-9a53-452f-92af-5cbc1c60b8de.json,bb0cd0c3d306d9079bdecce234da05ac872bbf82cad9eaae39581542cccc1da1,uploaded
kit,b8af6b0a-9a53-452f-92af-5cbc1c60b8de.mask.png,recruits/kit/b8af6b0a-9a53-452f-92af-5cbc1c60b8de.mask.png,https://assets.geekedoutgames.com/recruits/kit/b8af6b0a-9a53-452f-92af-5cbc1c60b8de.mask.png,9b6cf9097951c65d58efbac060c93a57558c27061d4f97368e98eaa45a069158,uploaded
kit,b8af6b0a-9a53-452f-92af-5cbc1c60b8de.png,recruits/kit/b8af6b0a-9a53-452f-92af-5cbc1c60b8de.png,https://assets.geekedoutgames.com/recruits/kit/b8af6b0a-9a53-452f-92af-5cbc1c60b8de.png,8f2e7e50a2cd2fb82a13b79d2f2d5f2e8bda7954a843e985595595f8764d5bd2,uploaded
kit,b8e3f938-a942-4dc7-9200-7d672abf8ae6.json,recruits/kit/b8e3f938-a942-4dc7-9200-7d672abf8ae6.json,https://assets.geekedoutgames.com/recruits/kit/b8e3f938-a942-4dc7-9200-7d672abf8ae6.json,26b4aabadffb79cae6bfb7f2d64da0affb19080aa89268bde2ffd1a5d80db049,uploaded
kit,b8e3f938-a942-4dc7-9200-7d672abf8ae6.mask.png,recruits/kit/b8e3f938-a942-4dc7-9200-7d672abf8ae6.mask.png,https://assets.geekedoutgames.com/recruits/kit/b8e3f938-a942-4dc7-9200-7d672abf8ae6.mask.png,5167f07339cc18467b9ff2f909b84b5c8b26afe3f34201688ad791b116953046,uploaded
kit,b8e3f938-a942-4dc7-9200-7d672abf8ae6.png,recruits/kit/b8e3f938-a942-4dc7-9200-7d672abf8ae6.png,https://assets.geekedoutgames.com/recruits/kit/b8e3f938-a942-4dc7-9200-7d672abf8ae6.png,18bb49ae78ad6e39fffe859f9cd2e444a6ff67c9a5aafac5affe430f35ec4c9c,uploaded
kit,ba1f3d97-a738-4a97-b342-3eed2047691c.json,recruits/kit/ba1f3d97-a738-4a97-b342-3eed2047691c.json,https://assets.geekedoutgames.com/recruits/kit/ba1f3d97-a738-4a97-b342-3eed2047691c.json,200449e6749b47c4025c4247a53b8573574fb438037d6a6fabb8c1cc1c93ccb0,uploaded
kit,ba1f3d97-a738-4a97-b342-3eed2047691c.mask.png,recruits/kit/ba1f3d97-a738-4a97-b342-3eed2047691c.mask.png,https://assets.geekedoutgames.com/recruits/kit/ba1f3d97-a738-4a97-b342-3eed2047691c.mask.png,cee761b2a483979c5c4c6b2e0885474cac6d9f4ae674c5b0adca0b90ca7a28b3,uploaded
kit,ba1f3d97-a738-4a97-b342-3eed2047691c.png,recruits/kit/ba1f3d97-a738-4a97-b342-3eed2047691c.png,https://assets.geekedoutgames.com/recruits/kit/ba1f3d97-a738-4a97-b342-3eed2047691c.png,e68f09323216ac97e2112694760885f1280c2bb205690ccdd1bde1afb46b07be,uploaded
kit,bb9f4019-e43f-410d-b5f9-84b434f1c151.json,recruits/kit/bb9f4019-e43f-410d-b5f9-84b434f1c151.json,https://assets.geekedoutgames.com/recruits/kit/bb9f4019-e43f-410d-b5f9-84b434f1c151.json,53d42f99f075299482d01af926362c50434f2cc909ab038545dfa81cfd8086e0,uploaded
kit,bb9f4019-e43f-410d-b5f9-84b434f1c151.mask.png,recruits/kit/bb9f4019-e43f-410d-b5f9-84b434f1c151.mask.png,https://assets.geekedoutgames.com/recruits/kit/bb9f4019-e43f-410d-b5f9-84b434f1c151.mask.png,cbd23f10f547fef57ab0a921f7a38090497c9c6e90a14a1d323e628597f68e72,uploaded
kit,bb9f4019-e43f-410d-b5f9-84b434f1c151.png,recruits/kit/bb9f4019-e43f-410d-b5f9-84b434f1c151.png,https://assets.geekedoutgames.com/recruits/kit/bb9f4019-e43f-410d-b5f9-84b434f1c151.png,41fe7dd471ed39d7af3cf0c221fc7f9bdeb8115fe74510fb9c39ad185ed16521,uploaded
kit,bd175006-6fd2-466b-8279-8ffc294bed05.json,recruits/kit/bd175006-6fd2-466b-8279-8ffc294bed05.json,https://assets.geekedoutgames.com/recruits/kit/bd175006-6fd2-466b-8279-8ffc294bed05.json,ca8b8e33e5b536888ada6410ad36a01545d9675631b890295305774046900138,uploaded
kit,bd175006-6fd2-466b-8279-8ffc294bed05.mask.png,recruits/kit/bd175006-6fd2-466b-8279-8ffc294bed05.mask.png,https://assets.geekedoutgames.com/recruits/kit/bd175006-6fd2-466b-8279-8ffc294bed05.mask.png,40a981006a0699877baad290cee1e7038fb59f4134990fec171ed7e57157a0ec,uploaded
kit,bd175006-6fd2-466b-8279-8ffc294bed05.png,recruits/kit/bd175006-6fd2-466b-8279-8ffc294bed05.png,https://assets.geekedoutgames.com/recruits/kit/bd175006-6fd2-466b-8279-8ffc294bed05.png,bc2c201f1a5c3fbc51733aec995441f8d9436cc4895e9775840245fe557327d0,uploaded
kit,be343097-9231-42f9-8a72-272b14274bdb.json,recruits/kit/be343097-9231-42f9-8a72-272b14274bdb.json,https://assets.geekedoutgames.com/recruits/kit/be343097-9231-42f9-8a72-272b14274bdb.json,36a75e2a6ac1c501050d8ed2c0c4c2f635112b7936b85873ae6d661891995c4e,uploaded
kit,be343097-9231-42f9-8a72-272b14274bdb.mask.png,recruits/kit/be343097-9231-42f9-8a72-272b14274bdb.mask.png,https://assets.geekedoutgames.com/recruits/kit/be343097-9231-42f9-8a72-272b14274bdb.mask.png,eb31e4af4ae9812e7b216d7216ae643d9e290960f7a1e5dfb5a998abd0a6f5ef,uploaded
kit,be343097-9231-42f9-8a72-272b14274bdb.png,recruits/kit/be343097-9231-42f9-8a72-272b14274bdb.png,https://assets.geekedoutgames.com/recruits/kit/be343097-9231-42f9-8a72-272b14274bdb.png,65c196d00020e27bb8661ccc456e62cb04cc20b744a71141edb3619d80468477,uploaded
kit,c01262b2-0464-48b7-940d-212cc649c67a.json,recruits/kit/c01262b2-0464-48b7-940d-212cc649c67a.json,https://assets.geekedoutgames.com/recruits/kit/c01262b2-0464-48b7-940d-212cc649c67a.json,20dac326d65fe2c275f2662e02867b8a105eb801bf4de68a5d6d67531c0cc42a,uploaded
kit,c01262b2-0464-48b7-940d-212cc649c67a.mask.png,recruits/kit/c01262b2-0464-48b7-940d-212cc649c67a.mask.png,https://assets.geekedoutgames.com/recruits/kit/c01262b2-0464-48b7-940d-212cc649c67a.mask.png,09a4c66a32d05a96ccd612a4ad4f1b87986c4bbb67f7f753829196ab2b369c1b,uploaded
kit,c01262b2-0464-48b7-940d-212cc649c67a.png,recruits/kit/c01262b2-0464-48b7-940d-212cc649c67a.png,https://assets.geekedoutgames.com/recruits/kit/c01262b2-0464-48b7-940d-212cc649c67a.png,4c24b99d09b80795458c3a61d3e79fe91f353e766403e3c09fef6e87c24c840d,uploaded
kit,c1de4dda-395f-4eea-9408-c06c586fb9f3.json,recruits/kit/c1de4dda-395f-4eea-9408-c06c586fb9f3.json,https://assets.geekedoutgames.com/recruits/kit/c1de4dda-395f-4eea-9408-c06c586fb9f3.json,fc5646b026c3e84e034eeec6ffabb1f05c77f5f97c6729b9ef6a0ed0430cdb30,uploaded
kit,c1de4dda-395f-4eea-9408-c06c586fb9f3.mask.png,recruits/kit/c1de4dda-395f-4eea-9408-c06c586fb9f3.mask.png,https://assets.geekedoutgames.com/recruits/kit/c1de4dda-395f-4eea-9408-c06c586fb9f3.mask.png,3bc0c56cfa93ec296de5cf9f24ed1b5b9191dcfc2308bdac5aca74e921741a13,uploaded
kit,c1de4dda-395f-4eea-9408-c06c586fb9f3.png,recruits/kit/c1de4dda-395f-4eea-9408-c06c586fb9f3.png,https://assets.geekedoutgames.com/recruits/kit/c1de4dda-395f-4eea-9408-c06c586fb9f3.png,7ad08220987f5d1cfa5889435f89db8ca2a8002b58729fbf26bed8f9c492df74,uploaded
kit,c2396877-e343-4624-9a26-d077d5ec02a7.json,recruits/kit/c2396877-e343-4624-9a26-d077d5ec02a7.json,https://assets.geekedoutgames.com/recruits/kit/c2396877-e343-4624-9a26-d077d5ec02a7.json,037e23c97893d63435c8655a8c4c69c19259799419cef5c85dac9ec9adc33e52,uploaded
kit,c2396877-e343-4624-9a26-d077d5ec02a7.mask.png,recruits/kit/c2396877-e343-4624-9a26-d077d5ec02a7.mask.png,https://assets.geekedoutgames.com/recruits/kit/c2396877-e343-4624-9a26-d077d5ec02a7.mask.png,44011847bce05d92a223c7b05ab16e8988e36756cbb18749382edb547d82fc5e,uploaded
kit,c2396877-e343-4624-9a26-d077d5ec02a7.png,recruits/kit/c2396877-e343-4624-9a26-d077d5ec02a7.png,https://assets.geekedoutgames.com/recruits/kit/c2396877-e343-4624-9a26-d077d5ec02a7.png,5936334c7b40fd8471ca0592a901aa65eb3a6435103de02af941a18dcd714dd0,uploaded
kit,c23c7b32-0d7a-4694-88e5-cfcd4141fe58.json,recruits/kit/c23c7b32-0d7a-4694-88e5-cfcd4141fe58.json,https://assets.geekedoutgames.com/recruits/kit/c23c7b32-0d7a-4694-88e5-cfcd4141fe58.json,a7bc9f2bfb43d88c0592074eca74f871b2bbae80b33d632dbf567f161f1f49d9,uploaded
kit,c23c7b32-0d7a-4694-88e5-cfcd4141fe58.mask.png,recruits/kit/c23c7b32-0d7a-4694-88e5-cfcd4141fe58.mask.png,https://assets.geekedoutgames.com/recruits/kit/c23c7b32-0d7a-4694-88e5-cfcd4141fe58.mask.png,64aa8410a11406377dc4482f828e469cb18e2d6867772ac7e2bb4212633214e6,uploaded
kit,c23c7b32-0d7a-4694-88e5-cfcd4141fe58.png,recruits/kit/c23c7b32-0d7a-4694-88e5-cfcd4141fe58.png,https://assets.geekedoutgames.com/recruits/kit/c23c7b32-0d7a-4694-88e5-cfcd4141fe58.png,7fa3b74113beb620feeae1192a6bac3ef6a46a098e5a872cd9d266826012fd04,uploaded
kit,c2b0df6e-12d8-45bb-8b31-79c905025940.json,recruits/kit/c2b0df6e-12d8-45bb-8b31-79c905025940.json,https://assets.geekedoutgames.com/recruits/kit/c2b0df6e-12d8-45bb-8b31-79c905025940.json,47927b189e0b63c2a5dce2bf0c9ed18ea215acf24b3fba01f5f6cbceaca1da1e,uploaded
kit,c2b0df6e-12d8-45bb-8b31-79c905025940.mask.png,recruits/kit/c2b0df6e-12d8-45bb-8b31-79c905025940.mask.png,https://assets.geekedoutgames.com/recruits/kit/c2b0df6e-12d8-45bb-8b31-79c905025940.mask.png,5c65c4768d6f7be0f6e481cb0bef2d165bea2b4228a9986096e1bfbc276c90cc,uploaded
kit,c2b0df6e-12d8-45bb-8b31-79c905025940.png,recruits/kit/c2b0df6e-12d8-45bb-8b31-79c905025940.png,https://assets.geekedoutgames.com/recruits/kit/c2b0df6e-12d8-45bb-8b31-79c905025940.png,6135804bb8e0dc0ce2b51f130a63a7381e573f6341bf1f163ac070d8c93aacc2,uploaded
kit,c5042986-d9f4-48a2-a454-1d1ddf08003b.json,recruits/kit/c5042986-d9f4-48a2-a454-1d1ddf08003b.json,https://assets.geekedoutgames.com/recruits/kit/c5042986-d9f4-48a2-a454-1d1ddf08003b.json,e7a29be6a12eea818478c5812afb9405eb41d3be819fd0e942b25784de6ee7d1,uploaded
kit,c5042986-d9f4-48a2-a454-1d1ddf08003b.mask.png,recruits/kit/c5042986-d9f4-48a2-a454-1d1ddf08003b.mask.png,https://assets.geekedoutgames.com/recruits/kit/c5042986-d9f4-48a2-a454-1d1ddf08003b.mask.png,8f4c29972517e2053f297cad860e5ae6e847245089dd4c9a8a4b3ad21f7014e7,uploaded
kit,c5042986-d9f4-48a2-a454-1d1ddf08003b.png,recruits/kit/c5042986-d9f4-48a2-a454-1d1ddf08003b.png,https://assets.geekedoutgames.com/recruits/kit/c5042986-d9f4-48a2-a454-1d1ddf08003b.png,da9cfa2dead237eb4c4cf6cc2ee9dc92c134cf0c14ff71ff77046f3a9c31803d,uploaded
kit,c61b472d-9e88-475f-98e3-ac715352637c.json,recruits/kit/c61b472d-9e88-475f-98e3-ac715352637c.json,https://assets.geekedoutgames.com/recruits/kit/c61b472d-9e88-475f-98e3-ac715352637c.json,6d1c9bcf87f1b0a800b55a9844b619d5f34aa322c2283df12ec2926749adc9fa,uploaded
kit,c61b472d-9e88-475f-98e3-ac715352637c.mask.png,recruits/kit/c61b472d-9e88-475f-98e3-ac715352637c.mask.png,https://assets.geekedoutgames.com/recruits/kit/c61b472d-9e88-475f-98e3-ac715352637c.mask.png,eb89475365f78883f5624eb50e6e77a8905c52b03954127e67726c77cc4325ec,uploaded
kit,c61b472d-9e88-475f-98e3-ac715352637c.png,recruits/kit/c61b472d-9e88-475f-98e3-ac715352637c.png,https://assets.geekedoutgames.com/recruits/kit/c61b472d-9e88-475f-98e3-ac715352637c.png,db61fab238da5d9285b65ce3ca8385194b5adbdfa0ec77afa3b369edb1442ff3,uploaded
kit,c7dec675-b67a-4bdb-9ed2-728001926a9b.json,recruits/kit/c7dec675-b67a-4bdb-9ed2-728001926a9b.json,https://assets.geekedoutgames.com/recruits/kit/c7dec675-b67a-4bdb-9ed2-728001926a9b.json,60e32dd487e27b80f1a25ca0bc6af4d4b689a594036bb9069d4a9592570e9d3f,uploaded
kit,c7dec675-b67a-4bdb-9ed2-728001926a9b.mask.png,recruits/kit/c7dec675-b67a-4bdb-9ed2-728001926a9b.mask.png,https://assets.geekedoutgames.com/recruits/kit/c7dec675-b67a-4bdb-9ed2-728001926a9b.mask.png,c11de2b077ff30f435b1b1c0d63384536ed2940890fe8fd0657c484bb73cad17,uploaded
kit,c7dec675-b67a-4bdb-9ed2-728001926a9b.png,recruits/kit/c7dec675-b67a-4bdb-9ed2-728001926a9b.png,https://assets.geekedoutgames.com/recruits/kit/c7dec675-b67a-4bdb-9ed2-728001926a9b.png,a18d76a2623c35236829f831ab34c84b813f437472718ff3a7c1805935137aac,uploaded
kit,c7e2d02c-d46e-4699-aa0f-a6c9aaa259c3.json,recruits/kit/c7e2d02c-d46e-4699-aa0f-a6c9aaa259c3.json,https://assets.geekedoutgames.com/recruits/kit/c7e2d02c-d46e-4699-aa0f-a6c9aaa259c3.json,c7040c7c4284df03b6a277f8b52972134f8848b183d6ed576e8e83170f0609ab,uploaded
kit,c7e2d02c-d46e-4699-aa0f-a6c9aaa259c3.mask.png,recruits/kit/c7e2d02c-d46e-4699-aa0f-a6c9aaa259c3.mask.png,https://assets.geekedoutgames.com/recruits/kit/c7e2d02c-d46e-4699-aa0f-a6c9aaa259c3.mask.png,155e9ac016256b2f298e4c1cd45eb6f21fb49b78ab2342ed1c662b6095b9062f,uploaded
kit,c7e2d02c-d46e-4699-aa0f-a6c9aaa259c3.png,recruits/kit/c7e2d02c-d46e-4699-aa0f-a6c9aaa259c3.png,https://assets.geekedoutgames.com/recruits/kit/c7e2d02c-d46e-4699-aa0f-a6c9aaa259c3.png,c413021a9c10cf709ef5caf5ffafa4ee81067bdfe1d1ffc4238d8b8565c68584,uploaded
kit,c998cb2c-9684-4a22-8e81-8d86ca98f087.json,recruits/kit/c998cb2c-9684-4a22-8e81-8d86ca98f087.json,https://assets.geekedoutgames.com/recruits/kit/c998cb2c-9684-4a22-8e81-8d86ca98f087.json,13a00dadaeea4369acca6f386a5571d00debf9c6068e2f1a79e53b6b2ea5991c,uploaded
kit,c998cb2c-9684-4a22-8e81-8d86ca98f087.mask.png,recruits/kit/c998cb2c-9684-4a22-8e81-8d86ca98f087.mask.png,https://assets.geekedoutgames.com/recruits/kit/c998cb2c-9684-4a22-8e81-8d86ca98f087.mask.png,7a9a1e10d788813e599349d6ffd0ad460caf58d3b23dcdd59f6a3d62f66107af,uploaded
kit,c998cb2c-9684-4a22-8e81-8d86ca98f087.png,recruits/kit/c998cb2c-9684-4a22-8e81-8d86ca98f087.png,https://assets.geekedoutgames.com/recruits/kit/c998cb2c-9684-4a22-8e81-8d86ca98f087.png,3c155e7b8f4be3ca510532c501a202dae48440e6e8e943600102c4645926d6cb,uploaded
kit,caf88f9b-9564-4b6f-8254-a3c10c6cfd92.json,recruits/kit/caf88f9b-9564-4b6f-8254-a3c10c6cfd92.json,https://assets.geekedoutgames.com/recruits/kit/caf88f9b-9564-4b6f-8254-a3c10c6cfd92.json,4b5184f1ad1fcd51017bab871421c1fab61e666ff576cc89e8f8609d55b65963,uploaded
kit,caf88f9b-9564-4b6f-8254-a3c10c6cfd92.mask.png,recruits/kit/caf88f9b-9564-4b6f-8254-a3c10c6cfd92.mask.png,https://assets.geekedoutgames.com/recruits/kit/caf88f9b-9564-4b6f-8254-a3c10c6cfd92.mask.png,59e3b8781252508a394d13fd31e82569577b46490fd7a4c4739138f05833c6a2,uploaded
kit,caf88f9b-9564-4b6f-8254-a3c10c6cfd92.png,recruits/kit/caf88f9b-9564-4b6f-8254-a3c10c6cfd92.png,https://assets.geekedoutgames.com/recruits/kit/caf88f9b-9564-4b6f-8254-a3c10c6cfd92.png,879e0902605496cf82ed2452fd42a74ce30497cee22bf2de5a95d9177e7f3a02,uploaded
kit,cb064738-e8cd-45d0-be7d-eb87678b5fdd.json,recruits/kit/cb064738-e8cd-45d0-be7d-eb87678b5fdd.json,https://assets.geekedoutgames.com/recruits/kit/cb064738-e8cd-45d0-be7d-eb87678b5fdd.json,aa50e1beba55d52abb3b291ad5ad3cdd0a103fcc38be5a4c0e35a33198fef6eb,uploaded
kit,cb064738-e8cd-45d0-be7d-eb87678b5fdd.mask.png,recruits/kit/cb064738-e8cd-45d0-be7d-eb87678b5fdd.mask.png,https://assets.geekedoutgames.com/recruits/kit/cb064738-e8cd-45d0-be7d-eb87678b5fdd.mask.png,56efe2c2e8cbd2dd4946b304cbf92d8c117b1adca7988676fa5f2b5d9e5f020e,uploaded
kit,cb064738-e8cd-45d0-be7d-eb87678b5fdd.png,recruits/kit/cb064738-e8cd-45d0-be7d-eb87678b5fdd.png,https://assets.geekedoutgames.com/recruits/kit/cb064738-e8cd-45d0-be7d-eb87678b5fdd.png,8ad9653ada4b9faa61f7d7171be6affa84fb1adb2fde59a76fed6e9dbd12b3a3,uploaded
kit,cc726899-898d-4a73-bb3c-b3d7d081f1f6.json,recruits/kit/cc726899-898d-4a73-bb3c-b3d7d081f1f6.json,https://assets.geekedoutgames.com/recruits/kit/cc726899-898d-4a73-bb3c-b3d7d081f1f6.json,2077ca46c75b18c8d2a4e6037a78e812ef8d914fb0c154a0235ee5995e027a94,uploaded
kit,cc726899-898d-4a73-bb3c-b3d7d081f1f6.mask.png,recruits/kit/cc726899-898d-4a73-bb3c-b3d7d081f1f6.mask.png,https://assets.geekedoutgames.com/recruits/kit/cc726899-898d-4a73-bb3c-b3d7d081f1f6.mask.png,0f13dfd65d211ec05a5d5780b340853c70ef2a505300f5ad8998018cb867774d,uploaded
kit,cc726899-898d-4a73-bb3c-b3d7d081f1f6.png,recruits/kit/cc726899-898d-4a73-bb3c-b3d7d081f1f6.png,https://assets.geekedoutgames.com/recruits/kit/cc726899-898d-4a73-bb3c-b3d7d081f1f6.png,7adbc860d506338cd462f347d3df9d89077e1748cc5a3b97d3e15229d9ed84db,uploaded
kit,cca4fe08-6c3b-47d8-be23-69a74b0b8085.json,recruits/kit/cca4fe08-6c3b-47d8-be23-69a74b0b8085.json,https://assets.geekedoutgames.com/recruits/kit/cca4fe08-6c3b-47d8-be23-69a74b0b8085.json,15a660e4f7087f53cfa53ce9258e940f7a34f4e622c210e64c77eae8305d14e1,uploaded
kit,cca4fe08-6c3b-47d8-be23-69a74b0b8085.mask.png,recruits/kit/cca4fe08-6c3b-47d8-be23-69a74b0b8085.mask.png,https://assets.geekedoutgames.com/recruits/kit/cca4fe08-6c3b-47d8-be23-69a74b0b8085.mask.png,405dfeee0ec1d21ab895eedb325046406209d9dbf8c4910864628dd13fe50d67,uploaded
kit,cca4fe08-6c3b-47d8-be23-69a74b0b8085.png,recruits/kit/cca4fe08-6c3b-47d8-be23-69a74b0b8085.png,https://assets.geekedoutgames.com/recruits/kit/cca4fe08-6c3b-47d8-be23-69a74b0b8085.png,73b0f10c9bfe827f610ffa1fb9114da147a92d0350ad54b15bb2d891066c226f,uploaded
kit,ccf70e78-b19f-47d5-a8cc-611bd4d7af45.json,recruits/kit/ccf70e78-b19f-47d5-a8cc-611bd4d7af45.json,https://assets.geekedoutgames.com/recruits/kit/ccf70e78-b19f-47d5-a8cc-611bd4d7af45.json,e1fdd31f1f0a68bcf6df3e27d6992b03a5f80de50ea453958d06e75b22b77779,uploaded
kit,ccf70e78-b19f-47d5-a8cc-611bd4d7af45.mask.png,recruits/kit/ccf70e78-b19f-47d5-a8cc-611bd4d7af45.mask.png,https://assets.geekedoutgames.com/recruits/kit/ccf70e78-b19f-47d5-a8cc-611bd4d7af45.mask.png,3da691ccae2727303be814529ece6b5538fabb2abc12f7d434a20bfb538847b6,uploaded
kit,ccf70e78-b19f-47d5-a8cc-611bd4d7af45.png,recruits/kit/ccf70e78-b19f-47d5-a8cc-611bd4d7af45.png,https://assets.geekedoutgames.com/recruits/kit/ccf70e78-b19f-47d5-a8cc-611bd4d7af45.png,9abef0dd4871774e1939798441dbeb68c3ab8fca991a78352e2cfa46943aec47,uploaded
kit,cdb6f0a1-e3ed-47d8-80a5-d8bf2adc1fc2.json,recruits/kit/cdb6f0a1-e3ed-47d8-80a5-d8bf2adc1fc2.json,https://assets.geekedoutgames.com/recruits/kit/cdb6f0a1-e3ed-47d8-80a5-d8bf2adc1fc2.json,12619645e0b2d68bdc577b8bea6e44a8417a72c0a9eca3bce8bc351a21f4eec8,uploaded
kit,cdb6f0a1-e3ed-47d8-80a5-d8bf2adc1fc2.mask.png,recruits/kit/cdb6f0a1-e3ed-47d8-80a5-d8bf2adc1fc2.mask.png,https://assets.geekedoutgames.com/recruits/kit/cdb6f0a1-e3ed-47d8-80a5-d8bf2adc1fc2.mask.png,35857fb49b83092ce461d4cd4bcdfd8b5f6eae59cc3599dd51ad7c4bad7f4ff1,uploaded
kit,cdb6f0a1-e3ed-47d8-80a5-d8bf2adc1fc2.png,recruits/kit/cdb6f0a1-e3ed-47d8-80a5-d8bf2adc1fc2.png,https://assets.geekedoutgames.com/recruits/kit/cdb6f0a1-e3ed-47d8-80a5-d8bf2adc1fc2.png,45a8b3a43fc78c7ec9e1c28866dd95eaec8b5617742e38fd2ed5a4ee0c0f0ed8,uploaded
kit,cf68b615-c6de-4a23-80e0-ead1f16e1b62.json,recruits/kit/cf68b615-c6de-4a23-80e0-ead1f16e1b62.json,https://assets.geekedoutgames.com/recruits/kit/cf68b615-c6de-4a23-80e0-ead1f16e1b62.json,fba0af7a499147628e1f5e262968fc9da6e36be7e5f982662c768fd86fcd8435,uploaded
kit,cf68b615-c6de-4a23-80e0-ead1f16e1b62.mask.png,recruits/kit/cf68b615-c6de-4a23-80e0-ead1f16e1b62.mask.png,https://assets.geekedoutgames.com/recruits/kit/cf68b615-c6de-4a23-80e0-ead1f16e1b62.mask.png,bf274db50f512809e933c4f60a0efad5309c8b7e4c45db7d50a69d086703776e,uploaded
kit,cf68b615-c6de-4a23-80e0-ead1f16e1b62.png,recruits/kit/cf68b615-c6de-4a23-80e0-ead1f16e1b62.png,https://assets.geekedoutgames.com/recruits/kit/cf68b615-c6de-4a23-80e0-ead1f16e1b62.png,e7deed5399724152eba24b61604a0f73a8e613e0ac36e41c60f3a1f73b047709,uploaded
kit,cfff6a73-4876-442b-becc-d10a5507a971.json,recruits/kit/cfff6a73-4876-442b-becc-d10a5507a971.json,https://assets.geekedoutgames.com/recruits/kit/cfff6a73-4876-442b-becc-d10a5507a971.json,7a10eb2d14ee046469d4756142a31d841e860a7ac87aa9484c3bbe41ded2d399,uploaded
kit,cfff6a73-4876-442b-becc-d10a5507a971.mask.png,recruits/kit/cfff6a73-4876-442b-becc-d10a5507a971.mask.png,https://assets.geekedoutgames.com/recruits/kit/cfff6a73-4876-442b-becc-d10a5507a971.mask.png,08a865332e8a0270a89deb5dacdeb0f104fd3012dc433c5f5084aeda4ba8e07f,uploaded
kit,cfff6a73-4876-442b-becc-d10a5507a971.png,recruits/kit/cfff6a73-4876-442b-becc-d10a5507a971.png,https://assets.geekedoutgames.com/recruits/kit/cfff6a73-4876-442b-becc-d10a5507a971.png,943bd0983a8fd1d6de0157dcd3ddb79917e97efb7ecf178a5d0862af4fc07d4e,uploaded
kit,d1d101eb-285b-414f-b3da-7c31a4ec81b6.json,recruits/kit/d1d101eb-285b-414f-b3da-7c31a4ec81b6.json,https://assets.geekedoutgames.com/recruits/kit/d1d101eb-285b-414f-b3da-7c31a4ec81b6.json,3897977e28699148d9e1083f668ac410731cb40fcc60859746b9de5d4237b0e6,uploaded
kit,d1d101eb-285b-414f-b3da-7c31a4ec81b6.mask.png,recruits/kit/d1d101eb-285b-414f-b3da-7c31a4ec81b6.mask.png,https://assets.geekedoutgames.com/recruits/kit/d1d101eb-285b-414f-b3da-7c31a4ec81b6.mask.png,3ae67192cb34d6010a4ca2fc414c91d074fb4d19eb401c81dac30198eeb66383,uploaded
kit,d1d101eb-285b-414f-b3da-7c31a4ec81b6.png,recruits/kit/d1d101eb-285b-414f-b3da-7c31a4ec81b6.png,https://assets.geekedoutgames.com/recruits/kit/d1d101eb-285b-414f-b3da-7c31a4ec81b6.png,16978101c486c0c73b4e9f08a32b3de8c03e85543b080fc9c7c0b3474d0b5e99,uploaded
kit,d2521f2b-f4e4-471a-833a-87f960fe1aac.json,recruits/kit/d2521f2b-f4e4-471a-833a-87f960fe1aac.json,https://assets.geekedoutgames.com/recruits/kit/d2521f2b-f4e4-471a-833a-87f960fe1aac.json,4cc828cb5d4bc892e763b85dceabe0e0a428c270b42b5eabe8710f15f17f5401,uploaded
kit,d2521f2b-f4e4-471a-833a-87f960fe1aac.mask.png,recruits/kit/d2521f2b-f4e4-471a-833a-87f960fe1aac.mask.png,https://assets.geekedoutgames.com/recruits/kit/d2521f2b-f4e4-471a-833a-87f960fe1aac.mask.png,720355ff4c39e16f1a0a59b063b0c0bbf3e1cbb1c471e399fa301c720f821b01,uploaded
kit,d2521f2b-f4e4-471a-833a-87f960fe1aac.png,recruits/kit/d2521f2b-f4e4-471a-833a-87f960fe1aac.png,https://assets.geekedoutgames.com/recruits/kit/d2521f2b-f4e4-471a-833a-87f960fe1aac.png,93b27323d0a22da5e93a413d4208e252de2a849253b544e007e9df7967f4c0af,uploaded
kit,d36e4870-b7e4-4415-8f7f-e4d98da987e5.json,recruits/kit/d36e4870-b7e4-4415-8f7f-e4d98da987e5.json,https://assets.geekedoutgames.com/recruits/kit/d36e4870-b7e4-4415-8f7f-e4d98da987e5.json,9b3a2fd79f1801aefb2bdd7319f50a8a0b24caff5f6c0b87dbb03c263e19e726,uploaded
kit,d36e4870-b7e4-4415-8f7f-e4d98da987e5.mask.png,recruits/kit/d36e4870-b7e4-4415-8f7f-e4d98da987e5.mask.png,https://assets.geekedoutgames.com/recruits/kit/d36e4870-b7e4-4415-8f7f-e4d98da987e5.mask.png,33836cdeb94e0a0306f87fd3d27799313f6dff1b7cd646426486bdf0edaaf423,uploaded
kit,d36e4870-b7e4-4415-8f7f-e4d98da987e5.png,recruits/kit/d36e4870-b7e4-4415-8f7f-e4d98da987e5.png,https://assets.geekedoutgames.com/recruits/kit/d36e4870-b7e4-4415-8f7f-e4d98da987e5.png,0b2a3f751347c80a7e57bfe86d1ed536d241e5770f358370a5f534c0579641f1,uploaded
kit,d4495c7b-6ef4-471e-a3b9-fa5369e3b631.json,recruits/kit/d4495c7b-6ef4-471e-a3b9-fa5369e3b631.json,https://assets.geekedoutgames.com/recruits/kit/d4495c7b-6ef4-471e-a3b9-fa5369e3b631.json,a8cafbf029326c1becca923f32a13127280d5e07a863d46dd4c80b08d4e743a7,uploaded
kit,d4495c7b-6ef4-471e-a3b9-fa5369e3b631.mask.png,recruits/kit/d4495c7b-6ef4-471e-a3b9-fa5369e3b631.mask.png,https://assets.geekedoutgames.com/recruits/kit/d4495c7b-6ef4-471e-a3b9-fa5369e3b631.mask.png,c06204b8d11e3bdbdf672351ac6c3ac602df0eab08eb96d50ee772ffd178c4f4,uploaded
kit,d4495c7b-6ef4-471e-a3b9-fa5369e3b631.png,recruits/kit/d4495c7b-6ef4-471e-a3b9-fa5369e3b631.png,https://assets.geekedoutgames.com/recruits/kit/d4495c7b-6ef4-471e-a3b9-fa5369e3b631.png,64a17f2f5f86671e12c88358f9c256bc07cf2a4528097b0e746cfad4af64b888,uploaded
kit,d57ade7f-0e0d-4c9e-bf5e-ce294ff05bf9.json,recruits/kit/d57ade7f-0e0d-4c9e-bf5e-ce294ff05bf9.json,https://assets.geekedoutgames.com/recruits/kit/d57ade7f-0e0d-4c9e-bf5e-ce294ff05bf9.json,b77017bbdb0d51d800015b30e4899862e4aacaf8e46802f7ab15a0122d6bc85f,uploaded
kit,d57ade7f-0e0d-4c9e-bf5e-ce294ff05bf9.mask.png,recruits/kit/d57ade7f-0e0d-4c9e-bf5e-ce294ff05bf9.mask.png,https://assets.geekedoutgames.com/recruits/kit/d57ade7f-0e0d-4c9e-bf5e-ce294ff05bf9.mask.png,d636ad22d7614bf844e0934443e60d3a1f47dba633e601483ae17ba3f6f9b945,uploaded
kit,d57ade7f-0e0d-4c9e-bf5e-ce294ff05bf9.png,recruits/kit/d57ade7f-0e0d-4c9e-bf5e-ce294ff05bf9.png,https://assets.geekedoutgames.com/recruits/kit/d57ade7f-0e0d-4c9e-bf5e-ce294ff05bf9.png,27b71b76d1444f538397ac5e10744d884d8f78d584bcfe0cfd2b4ed8d1468a5d,uploaded
kit,d5aa979b-ab3e-4e8f-b5ec-ef29444aae0e.json,recruits/kit/d5aa979b-ab3e-4e8f-b5ec-ef29444aae0e.json,https://assets.geekedoutgames.com/recruits/kit/d5aa979b-ab3e-4e8f-b5ec-ef29444aae0e.json,af1a3452fb64942f38100db8f82a2d22eaa5d10dd1d2c34dc39ebbc1cf247967,uploaded
kit,d5aa979b-ab3e-4e8f-b5ec-ef29444aae0e.mask.png,recruits/kit/d5aa979b-ab3e-4e8f-b5ec-ef29444aae0e.mask.png,https://assets.geekedoutgames.com/recruits/kit/d5aa979b-ab3e-4e8f-b5ec-ef29444aae0e.mask.png,fb66467aa07fc9ab7937c4210727ae55b79e947991f88ca834b29c0a6ed094b2,uploaded
kit,d5aa979b-ab3e-4e8f-b5ec-ef29444aae0e.png,recruits/kit/d5aa979b-ab3e-4e8f-b5ec-ef29444aae0e.png,https://assets.geekedoutgames.com/recruits/kit/d5aa979b-ab3e-4e8f-b5ec-ef29444aae0e.png,da6cb1fc64a469fd0367a7ebf585991192e323d7ae32ad971aadaa824dcb59f6,uploaded
kit,d77a9d51-337c-48bc-b85e-c9fb5a10dcfe.json,recruits/kit/d77a9d51-337c-48bc-b85e-c9fb5a10dcfe.json,https://assets.geekedoutgames.com/recruits/kit/d77a9d51-337c-48bc-b85e-c9fb5a10dcfe.json,db12113480b17e140dfa4ac4c9ebd2eb79164242dcc32868af9a88bb8a2dfb82,uploaded
kit,d77a9d51-337c-48bc-b85e-c9fb5a10dcfe.mask.png,recruits/kit/d77a9d51-337c-48bc-b85e-c9fb5a10dcfe.mask.png,https://assets.geekedoutgames.com/recruits/kit/d77a9d51-337c-48bc-b85e-c9fb5a10dcfe.mask.png,9d198ca65d062f0e183a603be34e29b7bc91e91ec2195cf09f29b4ab97fcb6e3,uploaded
kit,d77a9d51-337c-48bc-b85e-c9fb5a10dcfe.png,recruits/kit/d77a9d51-337c-48bc-b85e-c9fb5a10dcfe.png,https://assets.geekedoutgames.com/recruits/kit/d77a9d51-337c-48bc-b85e-c9fb5a10dcfe.png,3aa0a78bcc18c47040afb5b1f3d6910d43f37e7c764195197584ba52b9920970,uploaded
kit,d7ab3425-9ff8-4996-a710-79b1aa93c41b.json,recruits/kit/d7ab3425-9ff8-4996-a710-79b1aa93c41b.json,https://assets.geekedoutgames.com/recruits/kit/d7ab3425-9ff8-4996-a710-79b1aa93c41b.json,1f2f5a0a7f1e64d88777401f87db39694729baf2d26348076c9cbb30cfb63963,uploaded
kit,d7ab3425-9ff8-4996-a710-79b1aa93c41b.mask.png,recruits/kit/d7ab3425-9ff8-4996-a710-79b1aa93c41b.mask.png,https://assets.geekedoutgames.com/recruits/kit/d7ab3425-9ff8-4996-a710-79b1aa93c41b.mask.png,1b98711b7831e93663f75b158fd6e28723c913b12ad6641dd1502e961d676c5b,uploaded
kit,d7ab3425-9ff8-4996-a710-79b1aa93c41b.png,recruits/kit/d7ab3425-9ff8-4996-a710-79b1aa93c41b.png,https://assets.geekedoutgames.com/recruits/kit/d7ab3425-9ff8-4996-a710-79b1aa93c41b.png,aa03655b5ed881f21dfaadb489119c3dc053e489423c9657da5672459e3fb3fa,uploaded
kit,d7bfc592-c400-4e76-ba94-77cb0481eebe.json,recruits/kit/d7bfc592-c400-4e76-ba94-77cb0481eebe.json,https://assets.geekedoutgames.com/recruits/kit/d7bfc592-c400-4e76-ba94-77cb0481eebe.json,4fe3789aa37f884f25d6ad56542370925eb8acfdf0db4a05c08c58b2aacead76,uploaded
kit,d7bfc592-c400-4e76-ba94-77cb0481eebe.mask.png,recruits/kit/d7bfc592-c400-4e76-ba94-77cb0481eebe.mask.png,https://assets.geekedoutgames.com/recruits/kit/d7bfc592-c400-4e76-ba94-77cb0481eebe.mask.png,412db001ccc1592c4fa95a55f658fafc75faf5e2f0b9bb1e71fe96339c6096c2,uploaded
kit,d7bfc592-c400-4e76-ba94-77cb0481eebe.png,recruits/kit/d7bfc592-c400-4e76-ba94-77cb0481eebe.png,https://assets.geekedoutgames.com/recruits/kit/d7bfc592-c400-4e76-ba94-77cb0481eebe.png,13f65d714236e3a9853aa1b1d68b3902118a7b61c224e9018d2a311fa11f33ed,uploaded
kit,d7d5e781-073b-47c7-8e75-3041b8da2742.json,recruits/kit/d7d5e781-073b-47c7-8e75-3041b8da2742.json,https://assets.geekedoutgames.com/recruits/kit/d7d5e781-073b-47c7-8e75-3041b8da2742.json,0e0bf9314c14945ce48ee1376bb7dc75e2d47d90a74a17e816712eb7b9d1c7d9,uploaded
kit,d7d5e781-073b-47c7-8e75-3041b8da2742.mask.png,recruits/kit/d7d5e781-073b-47c7-8e75-3041b8da2742.mask.png,https://assets.geekedoutgames.com/recruits/kit/d7d5e781-073b-47c7-8e75-3041b8da2742.mask.png,be712f58bb27e15e27b03e74920bac8d58ce25af34811d87c27ae9fe8b211224,uploaded
kit,d7d5e781-073b-47c7-8e75-3041b8da2742.png,recruits/kit/d7d5e781-073b-47c7-8e75-3041b8da2742.png,https://assets.geekedoutgames.com/recruits/kit/d7d5e781-073b-47c7-8e75-3041b8da2742.png,525083eb27125c3b5a1184467cde96213a21ea4a0d11d440af3cc303d91a62ef,uploaded
kit,d7eac24a-cb2a-439c-8775-146a6d037559.json,recruits/kit/d7eac24a-cb2a-439c-8775-146a6d037559.json,https://assets.geekedoutgames.com/recruits/kit/d7eac24a-cb2a-439c-8775-146a6d037559.json,3334dcc7299798706b1225fc1e49c4b4d5d86dc3e2b18b5ce66184d2f1c2c59c,uploaded
kit,d7eac24a-cb2a-439c-8775-146a6d037559.mask.png,recruits/kit/d7eac24a-cb2a-439c-8775-146a6d037559.mask.png,https://assets.geekedoutgames.com/recruits/kit/d7eac24a-cb2a-439c-8775-146a6d037559.mask.png,3cd1257e2635163c2516be7da13a8949ec307c58e84911588e61fcaf625d0404,uploaded
kit,d7eac24a-cb2a-439c-8775-146a6d037559.png,recruits/kit/d7eac24a-cb2a-439c-8775-146a6d037559.png,https://assets.geekedoutgames.com/recruits/kit/d7eac24a-cb2a-439c-8775-146a6d037559.png,fe03d4f0b4658a3b2293148bb3ccf18642d0d3426b7f1706b6547e284eb4bb4d,uploaded
kit,d87e45c0-6294-45bc-904d-88a1d9008d3e.json,recruits/kit/d87e45c0-6294-45bc-904d-88a1d9008d3e.json,https://assets.geekedoutgames.com/recruits/kit/d87e45c0-6294-45bc-904d-88a1d9008d3e.json,1a013d708106ce9c66e520662982e8a442640c6b772a7da294dd0e3eaf50a338,uploaded
kit,d87e45c0-6294-45bc-904d-88a1d9008d3e.mask.png,recruits/kit/d87e45c0-6294-45bc-904d-88a1d9008d3e.mask.png,https://assets.geekedoutgames.com/recruits/kit/d87e45c0-6294-45bc-904d-88a1d9008d3e.mask.png,4bd80f96112849ef55ce566840dbdbc0b08f80525965e57cfd52d77297c02860,uploaded
kit,d87e45c0-6294-45bc-904d-88a1d9008d3e.png,recruits/kit/d87e45c0-6294-45bc-904d-88a1d9008d3e.png,https://assets.geekedoutgames.com/recruits/kit/d87e45c0-6294-45bc-904d-88a1d9008d3e.png,88128c4f61f91d7816f6a8949151024afec3da2e8b27e2e471236032f118ea54,uploaded
kit,d905a03c-2876-4e1c-b808-c71091c9a6e2.json,recruits/kit/d905a03c-2876-4e1c-b808-c71091c9a6e2.json,https://assets.geekedoutgames.com/recruits/kit/d905a03c-2876-4e1c-b808-c71091c9a6e2.json,df857d4c7df41e5a3065416534547e35b2d9a9b0b01e18073c81dc560875a0c5,uploaded
kit,d905a03c-2876-4e1c-b808-c71091c9a6e2.mask.png,recruits/kit/d905a03c-2876-4e1c-b808-c71091c9a6e2.mask.png,https://assets.geekedoutgames.com/recruits/kit/d905a03c-2876-4e1c-b808-c71091c9a6e2.mask.png,1c22ec8bbe8eabd27fd661210d64c040d88356fcb26b89c97c074ff8bf257a17,uploaded
kit,d905a03c-2876-4e1c-b808-c71091c9a6e2.png,recruits/kit/d905a03c-2876-4e1c-b808-c71091c9a6e2.png,https://assets.geekedoutgames.com/recruits/kit/d905a03c-2876-4e1c-b808-c71091c9a6e2.png,647c9d851eb15d7f4d1ab0abb4a855dbe1290eca60797c427573fd6e3ae14a4e,uploaded
kit,d9514839-7a6e-43bd-8733-058b788a14a0.json,recruits/kit/d9514839-7a6e-43bd-8733-058b788a14a0.json,https://assets.geekedoutgames.com/recruits/kit/d9514839-7a6e-43bd-8733-058b788a14a0.json,990a798fb48aca36454944c4537ac3c263f13db137b8a66695f731e1fb746479,uploaded
kit,d9514839-7a6e-43bd-8733-058b788a14a0.mask.png,recruits/kit/d9514839-7a6e-43bd-8733-058b788a14a0.mask.png,https://assets.geekedoutgames.com/recruits/kit/d9514839-7a6e-43bd-8733-058b788a14a0.mask.png,76fc5ab3ddd3a41ac1f1f82e4b6277c3990ff366f391452b53bf734e3ff42aa4,uploaded
kit,d9514839-7a6e-43bd-8733-058b788a14a0.png,recruits/kit/d9514839-7a6e-43bd-8733-058b788a14a0.png,https://assets.geekedoutgames.com/recruits/kit/d9514839-7a6e-43bd-8733-058b788a14a0.png,21443a2b3b3c45b0ab6f1227c86e0a318133c2a815ccee542704da6c2da18085,uploaded
kit,db4684f4-2da5-4ce3-823b-f6a40259f896.json,recruits/kit/db4684f4-2da5-4ce3-823b-f6a40259f896.json,https://assets.geekedoutgames.com/recruits/kit/db4684f4-2da5-4ce3-823b-f6a40259f896.json,e1bea649c1afe0965375597251be86963318ddd93331e0ad498104433e5b540f,uploaded
kit,db4684f4-2da5-4ce3-823b-f6a40259f896.mask.png,recruits/kit/db4684f4-2da5-4ce3-823b-f6a40259f896.mask.png,https://assets.geekedoutgames.com/recruits/kit/db4684f4-2da5-4ce3-823b-f6a40259f896.mask.png,130c356c52571880c7c73bccb5ee7bcc1943620e8f99e6e173a5d6b07bee827f,uploaded
kit,db4684f4-2da5-4ce3-823b-f6a40259f896.png,recruits/kit/db4684f4-2da5-4ce3-823b-f6a40259f896.png,https://assets.geekedoutgames.com/recruits/kit/db4684f4-2da5-4ce3-823b-f6a40259f896.png,afbd6e44a2b3692737f23ccaf5d6b1f42ab773350ad082a81c12ae0c9fa81ec5,uploaded
kit,dd955c59-9c86-49d1-9f67-c2005858c3cb.json,recruits/kit/dd955c59-9c86-49d1-9f67-c2005858c3cb.json,https://assets.geekedoutgames.com/recruits/kit/dd955c59-9c86-49d1-9f67-c2005858c3cb.json,caff64f161c3d55c1490b79a5804df77409c445af3e69bd26e29a8f27dd91c6e,uploaded
kit,dd955c59-9c86-49d1-9f67-c2005858c3cb.mask.png,recruits/kit/dd955c59-9c86-49d1-9f67-c2005858c3cb.mask.png,https://assets.geekedoutgames.com/recruits/kit/dd955c59-9c86-49d1-9f67-c2005858c3cb.mask.png,10d2e585264515ed5e2d3185045252e79d67fed5c6492aeb734f65e3b56b501d,uploaded
kit,dd955c59-9c86-49d1-9f67-c2005858c3cb.png,recruits/kit/dd955c59-9c86-49d1-9f67-c2005858c3cb.png,https://assets.geekedoutgames.com/recruits/kit/dd955c59-9c86-49d1-9f67-c2005858c3cb.png,7d76ff5e18be15ee077abcb35a1eb03076e59f6699c609ac6231719722acd355,uploaded
kit,e32fb40c-c21f-4fb8-81ab-4798927dba85.json,recruits/kit/e32fb40c-c21f-4fb8-81ab-4798927dba85.json,https://assets.geekedoutgames.com/recruits/kit/e32fb40c-c21f-4fb8-81ab-4798927dba85.json,3e2194aeb1bfe3744246725b1fc1db66908eb0f73c345345bf5e6058e0ed69c0,uploaded
kit,e32fb40c-c21f-4fb8-81ab-4798927dba85.mask.png,recruits/kit/e32fb40c-c21f-4fb8-81ab-4798927dba85.mask.png,https://assets.geekedoutgames.com/recruits/kit/e32fb40c-c21f-4fb8-81ab-4798927dba85.mask.png,020097901ea015fb50617acab093ece3b04a988635ceb00c6775f8580cc7dddf,uploaded
kit,e32fb40c-c21f-4fb8-81ab-4798927dba85.png,recruits/kit/e32fb40c-c21f-4fb8-81ab-4798927dba85.png,https://assets.geekedoutgames.com/recruits/kit/e32fb40c-c21f-4fb8-81ab-4798927dba85.png,6a10abe6cb742eef3ef9a7399743fa19827053613a818a5cb7613cfaae70375f,uploaded
kit,e352ef7a-e876-4f15-9a86-6a9e036db09a.json,recruits/kit/e352ef7a-e876-4f15-9a86-6a9e036db09a.json,https://assets.geekedoutgames.com/recruits/kit/e352ef7a-e876-4f15-9a86-6a9e036db09a.json,5d3dec752ca26bfec734aab73dfe4b4e10b13d5bbab0fb8f36ccf481b1c6bde0,uploaded
kit,e352ef7a-e876-4f15-9a86-6a9e036db09a.mask.png,recruits/kit/e352ef7a-e876-4f15-9a86-6a9e036db09a.mask.png,https://assets.geekedoutgames.com/recruits/kit/e352ef7a-e876-4f15-9a86-6a9e036db09a.mask.png,2c8d1f4d7e58e584064b63101392e62a37508a6290e8b43d16b374e0e0147e23,uploaded
kit,e352ef7a-e876-4f15-9a86-6a9e036db09a.png,recruits/kit/e352ef7a-e876-4f15-9a86-6a9e036db09a.png,https://assets.geekedoutgames.com/recruits/kit/e352ef7a-e876-4f15-9a86-6a9e036db09a.png,ca48adb13556539eca4ae60a7bb0e09c18065ae8ee24ceaad76b55436511d6c5,uploaded
kit,e4ba20a2-c443-4acb-8f87-eb80c3497bd9.json,recruits/kit/e4ba20a2-c443-4acb-8f87-eb80c3497bd9.json,https://assets.geekedoutgames.com/recruits/kit/e4ba20a2-c443-4acb-8f87-eb80c3497bd9.json,a6dfc9205cf6cd770f36ce4db031954e5079f4447ee6ab7ef58748f0edef3faa,uploaded
kit,e4ba20a2-c443-4acb-8f87-eb80c3497bd9.mask.png,recruits/kit/e4ba20a2-c443-4acb-8f87-eb80c3497bd9.mask.png,https://assets.geekedoutgames.com/recruits/kit/e4ba20a2-c443-4acb-8f87-eb80c3497bd9.mask.png,dc1c4dab955d0bfdfb439140b56a7571edb7bc5668558eda121880d792789d03,uploaded
kit,e4ba20a2-c443-4acb-8f87-eb80c3497bd9.png,recruits/kit/e4ba20a2-c443-4acb-8f87-eb80c3497bd9.png,https://assets.geekedoutgames.com/recruits/kit/e4ba20a2-c443-4acb-8f87-eb80c3497bd9.png,c3e498afb715c810cf26279b36e0453b9e4a6d3a1895a8a62e04c184a328aba9,uploaded
kit,e83b8c6f-9965-4c8c-ab1c-81fc6116ac22.json,recruits/kit/e83b8c6f-9965-4c8c-ab1c-81fc6116ac22.json,https://assets.geekedoutgames.com/recruits/kit/e83b8c6f-9965-4c8c-ab1c-81fc6116ac22.json,513d4999303a394c9d3c5bf476d65862371ea0207f9169a1e01fe030b3419b3e,uploaded
kit,e83b8c6f-9965-4c8c-ab1c-81fc6116ac22.mask.png,recruits/kit/e83b8c6f-9965-4c8c-ab1c-81fc6116ac22.mask.png,https://assets.geekedoutgames.com/recruits/kit/e83b8c6f-9965-4c8c-ab1c-81fc6116ac22.mask.png,5f4c6364132acd4912612d2eb9e22fae85fd73300ecf99e6c96c9bec6848ab0c,uploaded
kit,e83b8c6f-9965-4c8c-ab1c-81fc6116ac22.png,recruits/kit/e83b8c6f-9965-4c8c-ab1c-81fc6116ac22.png,https://assets.geekedoutgames.com/recruits/kit/e83b8c6f-9965-4c8c-ab1c-81fc6116ac22.png,4139aa4a8d8ce3c5f2184b60f287db298104b00c3e67d9a442018cfde114b8ef,uploaded
kit,e914622c-3814-44d5-a4fd-1b8ef62e6497.json,recruits/kit/e914622c-3814-44d5-a4fd-1b8ef62e6497.json,https://assets.geekedoutgames.com/recruits/kit/e914622c-3814-44d5-a4fd-1b8ef62e6497.json,e30d358ff710e8b4fbd84e50750a3cfd3353eb8447a40572b98fd63bac45793e,uploaded
kit,e914622c-3814-44d5-a4fd-1b8ef62e6497.mask.png,recruits/kit/e914622c-3814-44d5-a4fd-1b8ef62e6497.mask.png,https://assets.geekedoutgames.com/recruits/kit/e914622c-3814-44d5-a4fd-1b8ef62e6497.mask.png,95b37c6eb33e5b141380430bfcc09ebe00028ec116ba8ace84fb02bd79488cdd,uploaded
kit,e914622c-3814-44d5-a4fd-1b8ef62e6497.png,recruits/kit/e914622c-3814-44d5-a4fd-1b8ef62e6497.png,https://assets.geekedoutgames.com/recruits/kit/e914622c-3814-44d5-a4fd-1b8ef62e6497.png,42c593b2b8616a73c02065d920b82ac328dfbf9d062860782659fdeb7e46a662,uploaded
kit,ebd415a5-7cc4-4bc7-845f-8803af378c73.json,recruits/kit/ebd415a5-7cc4-4bc7-845f-8803af378c73.json,https://assets.geekedoutgames.com/recruits/kit/ebd415a5-7cc4-4bc7-845f-8803af378c73.json,d6253febdd02d1aa3a2e10a1a48bad34fe4c921fe402b5f01fd2f508e081e815,uploaded
kit,ebd415a5-7cc4-4bc7-845f-8803af378c73.mask.png,recruits/kit/ebd415a5-7cc4-4bc7-845f-8803af378c73.mask.png,https://assets.geekedoutgames.com/recruits/kit/ebd415a5-7cc4-4bc7-845f-8803af378c73.mask.png,a5a6a1b65d94a1570bc469d929ff0cfd9039a0345d02b0323dfd8c09fc38ab4a,uploaded
kit,ebd415a5-7cc4-4bc7-845f-8803af378c73.png,recruits/kit/ebd415a5-7cc4-4bc7-845f-8803af378c73.png,https://assets.geekedoutgames.com/recruits/kit/ebd415a5-7cc4-4bc7-845f-8803af378c73.png,33b246b775a3e1986dad41ebf808173fe179366994cda6d4e92f35e228a28de5,uploaded
kit,ec5a4db6-97f4-40b8-a64a-41cced06ead5.json,recruits/kit/ec5a4db6-97f4-40b8-a64a-41cced06ead5.json,https://assets.geekedoutgames.com/recruits/kit/ec5a4db6-97f4-40b8-a64a-41cced06ead5.json,e6226b8860bfa494890c8548cd4786d9b75200a3113654959ffe72e2e99df8c6,uploaded
kit,ec5a4db6-97f4-40b8-a64a-41cced06ead5.mask.png,recruits/kit/ec5a4db6-97f4-40b8-a64a-41cced06ead5.mask.png,https://assets.geekedoutgames.com/recruits/kit/ec5a4db6-97f4-40b8-a64a-41cced06ead5.mask.png,f1d917591fcf99db474b1f5f6a1f8b42186b02f2a4e7c4fce6fa2e2e5607021a,uploaded
kit,ec5a4db6-97f4-40b8-a64a-41cced06ead5.png,recruits/kit/ec5a4db6-97f4-40b8-a64a-41cced06ead5.png,https://assets.geekedoutgames.com/recruits/kit/ec5a4db6-97f4-40b8-a64a-41cced06ead5.png,83f68153ac4d15128e863c7e27bd13575b62d939f81c7d34187562055d2cdd6a,uploaded
kit,ec898517-f077-45ff-84a2-a8aa3d3d32f3.json,recruits/kit/ec898517-f077-45ff-84a2-a8aa3d3d32f3.json,https://assets.geekedoutgames.com/recruits/kit/ec898517-f077-45ff-84a2-a8aa3d3d32f3.json,ec16674dd238c9604268f2993529dcd71dbadb1434194cf9eca149ae16859381,uploaded
kit,ec898517-f077-45ff-84a2-a8aa3d3d32f3.mask.png,recruits/kit/ec898517-f077-45ff-84a2-a8aa3d3d32f3.mask.png,https://assets.geekedoutgames.com/recruits/kit/ec898517-f077-45ff-84a2-a8aa3d3d32f3.mask.png,9059da94b116ee4e6dd417108d68282b1c52e4a305ab31129f82807103554bfe,uploaded
kit,ec898517-f077-45ff-84a2-a8aa3d3d32f3.png,recruits/kit/ec898517-f077-45ff-84a2-a8aa3d3d32f3.png,https://assets.geekedoutgames.com/recruits/kit/ec898517-f077-45ff-84a2-a8aa3d3d32f3.png,016ba948212df05cf37ba6cecc40958dd0d1ec70d2d775f65effeba1025836a8,uploaded
kit,ec983767-d373-4a50-9771-7c53cd0a84b1.json,recruits/kit/ec983767-d373-4a50-9771-7c53cd0a84b1.json,https://assets.geekedoutgames.com/recruits/kit/ec983767-d373-4a50-9771-7c53cd0a84b1.json,05dbee19395549a112d747f7d0df6ea35d4c056e4ee8211a00a18ac0cc041e7b,uploaded
kit,ec983767-d373-4a50-9771-7c53cd0a84b1.mask.png,recruits/kit/ec983767-d373-4a50-9771-7c53cd0a84b1.mask.png,https://assets.geekedoutgames.com/recruits/kit/ec983767-d373-4a50-9771-7c53cd0a84b1.mask.png,7a970e557c537ce8105960d7f407a89b6cd6cde9697602a5eaa069edb580c97c,uploaded
kit,ec983767-d373-4a50-9771-7c53cd0a84b1.png,recruits/kit/ec983767-d373-4a50-9771-7c53cd0a84b1.png,https://assets.geekedoutgames.com/recruits/kit/ec983767-d373-4a50-9771-7c53cd0a84b1.png,7cccd257c216b8995c9a9cafe89f8e787b03e64e1448a8ff8d40c95ef4285952,uploaded
kit,eddfa213-21ad-440f-a6c0-db06d1e09217.json,recruits/kit/eddfa213-21ad-440f-a6c0-db06d1e09217.json,https://assets.geekedoutgames.com/recruits/kit/eddfa213-21ad-440f-a6c0-db06d1e09217.json,163846a5947bbc9bbb600a61fe2d553b5d675c5b4f2986bb48468e7d57dec51c,uploaded
kit,eddfa213-21ad-440f-a6c0-db06d1e09217.mask.png,recruits/kit/eddfa213-21ad-440f-a6c0-db06d1e09217.mask.png,https://assets.geekedoutgames.com/recruits/kit/eddfa213-21ad-440f-a6c0-db06d1e09217.mask.png,9866516409cd1feaa030b66c65c8e204e85d385540d2539e45d15d0dad2db22b,uploaded
kit,eddfa213-21ad-440f-a6c0-db06d1e09217.png,recruits/kit/eddfa213-21ad-440f-a6c0-db06d1e09217.png,https://assets.geekedoutgames.com/recruits/kit/eddfa213-21ad-440f-a6c0-db06d1e09217.png,4bfdb68f4cf99c48321aec1ada275fa7279d71560a9456b55bce3b549c830c77,uploaded
kit,ee69829a-2f2d-40ef-9f4c-807b13bdde9b.json,recruits/kit/ee69829a-2f2d-40ef-9f4c-807b13bdde9b.json,https://assets.geekedoutgames.com/recruits/kit/ee69829a-2f2d-40ef-9f4c-807b13bdde9b.json,200449e6749b47c4025c4247a53b8573574fb438037d6a6fabb8c1cc1c93ccb0,uploaded
kit,ee69829a-2f2d-40ef-9f4c-807b13bdde9b.mask.png,recruits/kit/ee69829a-2f2d-40ef-9f4c-807b13bdde9b.mask.png,https://assets.geekedoutgames.com/recruits/kit/ee69829a-2f2d-40ef-9f4c-807b13bdde9b.mask.png,e81cfc705f9d596e1a02a6d1d239704519cfc71132f1ea3328290945889a5e69,uploaded
kit,ee69829a-2f2d-40ef-9f4c-807b13bdde9b.png,recruits/kit/ee69829a-2f2d-40ef-9f4c-807b13bdde9b.png,https://assets.geekedoutgames.com/recruits/kit/ee69829a-2f2d-40ef-9f4c-807b13bdde9b.png,5e6b0ff3889832580362b3669539afaa74c579ea45a1ab9814028b71bed0f976,uploaded
kit,efb674b6-b345-416c-bc96-fa65332be955.json,recruits/kit/efb674b6-b345-416c-bc96-fa65332be955.json,https://assets.geekedoutgames.com/recruits/kit/efb674b6-b345-416c-bc96-fa65332be955.json,b308e36e8585bf03b6fea270effca35b9221a4322f4efb83ae5036b3207840ad,uploaded
kit,efb674b6-b345-416c-bc96-fa65332be955.mask.png,recruits/kit/efb674b6-b345-416c-bc96-fa65332be955.mask.png,https://assets.geekedoutgames.com/recruits/kit/efb674b6-b345-416c-bc96-fa65332be955.mask.png,4c320997fc39e4c73bf7b72bcd2b0ea89e0ed20380cb2cb5dc2086a09e5396b7,uploaded
kit,efb674b6-b345-416c-bc96-fa65332be955.png,recruits/kit/efb674b6-b345-416c-bc96-fa65332be955.png,https://assets.geekedoutgames.com/recruits/kit/efb674b6-b345-416c-bc96-fa65332be955.png,1bf465cb97afa2375d269594990d65f811392fa910417b16331bb12be3cbe7b2,uploaded
kit,efef5a43-3771-4949-ad8f-250d06c5fabd.json,recruits/kit/efef5a43-3771-4949-ad8f-250d06c5fabd.json,https://assets.geekedoutgames.com/recruits/kit/efef5a43-3771-4949-ad8f-250d06c5fabd.json,e65b4c21c37ef35025190f93c187f57abaf10af2b2016d1a0ec1e5ebe29e27d7,uploaded
kit,efef5a43-3771-4949-ad8f-250d06c5fabd.mask.png,recruits/kit/efef5a43-3771-4949-ad8f-250d06c5fabd.mask.png,https://assets.geekedoutgames.com/recruits/kit/efef5a43-3771-4949-ad8f-250d06c5fabd.mask.png,45db51db77f131912a0d1d2eda4c04c382235963e5fb3fe24c8c9ab20d54ceaf,uploaded
kit,efef5a43-3771-4949-ad8f-250d06c5fabd.png,recruits/kit/efef5a43-3771-4949-ad8f-250d06c5fabd.png,https://assets.geekedoutgames.com/recruits/kit/efef5a43-3771-4949-ad8f-250d06c5fabd.png,c9da2b8451459c701c61816eb142a9feb73c41be34a48c4ceae31d37c022de3d,uploaded
kit,f2611c50-b447-4a07-890a-7110934095eb.json,recruits/kit/f2611c50-b447-4a07-890a-7110934095eb.json,https://assets.geekedoutgames.com/recruits/kit/f2611c50-b447-4a07-890a-7110934095eb.json,aa50e1beba55d52abb3b291ad5ad3cdd0a103fcc38be5a4c0e35a33198fef6eb,uploaded
kit,f2611c50-b447-4a07-890a-7110934095eb.mask.png,recruits/kit/f2611c50-b447-4a07-890a-7110934095eb.mask.png,https://assets.geekedoutgames.com/recruits/kit/f2611c50-b447-4a07-890a-7110934095eb.mask.png,d59227ceab60bdbe9ca170c8e4276d7d500f452c4b5e23dc12cff0ef16c56410,uploaded
kit,f2611c50-b447-4a07-890a-7110934095eb.png,recruits/kit/f2611c50-b447-4a07-890a-7110934095eb.png,https://assets.geekedoutgames.com/recruits/kit/f2611c50-b447-4a07-890a-7110934095eb.png,bbc3fb219d6eec9a3b65b0f96b52e158b419714a7d00e25225d5e2c77cc9d626,uploaded
kit,f33c021f-e443-412c-8ed1-ec461736e2df.json,recruits/kit/f33c021f-e443-412c-8ed1-ec461736e2df.json,https://assets.geekedoutgames.com/recruits/kit/f33c021f-e443-412c-8ed1-ec461736e2df.json,8abf5cd3c3c494a653f381dff33c5b4f3a3e8c5d1b7db243036b91fbe0776717,uploaded
kit,f33c021f-e443-412c-8ed1-ec461736e2df.mask.png,recruits/kit/f33c021f-e443-412c-8ed1-ec461736e2df.mask.png,https://assets.geekedoutgames.com/recruits/kit/f33c021f-e443-412c-8ed1-ec461736e2df.mask.png,0f04ed7a172e630b774861e228eb98d55f532cfb014ac1c73b2858517e3d33bb,uploaded
kit,f33c021f-e443-412c-8ed1-ec461736e2df.png,recruits/kit/f33c021f-e443-412c-8ed1-ec461736e2df.png,https://assets.geekedoutgames.com/recruits/kit/f33c021f-e443-412c-8ed1-ec461736e2df.png,3669a0e7ccf50791b37cfec2c6d3365f762f1b303096e1aca713131844af2799,uploaded
kit,f58341e4-2251-4cdf-b2ea-666343b00232.json,recruits/kit/f58341e4-2251-4cdf-b2ea-666343b00232.json,https://assets.geekedoutgames.com/recruits/kit/f58341e4-2251-4cdf-b2ea-666343b00232.json,200449e6749b47c4025c4247a53b8573574fb438037d6a6fabb8c1cc1c93ccb0,uploaded
kit,f58341e4-2251-4cdf-b2ea-666343b00232.mask.png,recruits/kit/f58341e4-2251-4cdf-b2ea-666343b00232.mask.png,https://assets.geekedoutgames.com/recruits/kit/f58341e4-2251-4cdf-b2ea-666343b00232.mask.png,694b1e2e15e16ae005df34ec85e7216751805b5997c7a86be82582c1bc132b75,uploaded
kit,f58341e4-2251-4cdf-b2ea-666343b00232.png,recruits/kit/f58341e4-2251-4cdf-b2ea-666343b00232.png,https://assets.geekedoutgames.com/recruits/kit/f58341e4-2251-4cdf-b2ea-666343b00232.png,2587666f97486b8e54ab5b5c96991fc67059cf11cc503c18bdcd3fd52b281cd5,uploaded
kit,f5c99e21-b28c-4171-8957-2aa857a0e6c0.json,recruits/kit/f5c99e21-b28c-4171-8957-2aa857a0e6c0.json,https://assets.geekedoutgames.com/recruits/kit/f5c99e21-b28c-4171-8957-2aa857a0e6c0.json,0d546d6ba2075b65dd399c4bdd7c7d9e5a12da9dbbc01563bf7d303da6be0804,uploaded
kit,f5c99e21-b28c-4171-8957-2aa857a0e6c0.mask.png,recruits/kit/f5c99e21-b28c-4171-8957-2aa857a0e6c0.mask.png,https://assets.geekedoutgames.com/recruits/kit/f5c99e21-b28c-4171-8957-2aa857a0e6c0.mask.png,78d5c383a6cf668afd2505f27dbd784a18288d64ee65b1fa62a711c846d77013,uploaded
kit,f5c99e21-b28c-4171-8957-2aa857a0e6c0.png,recruits/kit/f5c99e21-b28c-4171-8957-2aa857a0e6c0.png,https://assets.geekedoutgames.com/recruits/kit/f5c99e21-b28c-4171-8957-2aa857a0e6c0.png,449d553b2a1ab0f89a296966d0301d2848e17539a9658f6d1642b03d460ca6b6,uploaded
kit,f658de1b-db48-4233-b826-ce66da0a6794.json,recruits/kit/f658de1b-db48-4233-b826-ce66da0a6794.json,https://assets.geekedoutgames.com/recruits/kit/f658de1b-db48-4233-b826-ce66da0a6794.json,b5cefe7fbc22b6b50139fc4131f21abf0e0eec1e8c8c9570ea4dd007e89ba876,uploaded
kit,f658de1b-db48-4233-b826-ce66da0a6794.mask.png,recruits/kit/f658de1b-db48-4233-b826-ce66da0a6794.mask.png,https://assets.geekedoutgames.com/recruits/kit/f658de1b-db48-4233-b826-ce66da0a6794.mask.png,9b38b625404b4b738e0bf48bc00d4b81a08813d8e40c0729fcd1862a2670599b,uploaded
kit,f658de1b-db48-4233-b826-ce66da0a6794.png,recruits/kit/f658de1b-db48-4233-b826-ce66da0a6794.png,https://assets.geekedoutgames.com/recruits/kit/f658de1b-db48-4233-b826-ce66da0a6794.png,f1337bf2da0980468b6c369bad739f057b93bf17c15190fffe58cd3f94456e38,uploaded
kit,f6ba425b-f960-48bb-af54-bc1c730504ff.json,recruits/kit/f6ba425b-f960-48bb-af54-bc1c730504ff.json,https://assets.geekedoutgames.com/recruits/kit/f6ba425b-f960-48bb-af54-bc1c730504ff.json,b9c6a79781d98dffc28324381ab89fa951c0dde3b6c4d7dc7ea5a40b0e69b3b3,uploaded
kit,f6ba425b-f960-48bb-af54-bc1c730504ff.mask.png,recruits/kit/f6ba425b-f960-48bb-af54-bc1c730504ff.mask.png,https://assets.geekedoutgames.com/recruits/kit/f6ba425b-f960-48bb-af54-bc1c730504ff.mask.png,91742170ea4efda4a0d4bf6f6b25fd17cf598aad79d8b82d1f5bc8bfcc4c4446,uploaded
kit,f6ba425b-f960-48bb-af54-bc1c730504ff.png,recruits/kit/f6ba425b-f960-48bb-af54-bc1c730504ff.png,https://assets.geekedoutgames.com/recruits/kit/f6ba425b-f960-48bb-af54-bc1c730504ff.png,bb2244aec201971e2580a9e701a74dbb54e869ae778de931df0bf265cfa10819,uploaded
kit,f80ea02c-6c83-46d4-8f60-f3017f96c651.json,recruits/kit/f80ea02c-6c83-46d4-8f60-f3017f96c651.json,https://assets.geekedoutgames.com/recruits/kit/f80ea02c-6c83-46d4-8f60-f3017f96c651.json,f67959c9699bc83c699ff82733e6c766db730e53da0aafb81a13b633a0918be3,uploaded
kit,f80ea02c-6c83-46d4-8f60-f3017f96c651.mask.png,recruits/kit/f80ea02c-6c83-46d4-8f60-f3017f96c651.mask.png,https://assets.geekedoutgames.com/recruits/kit/f80ea02c-6c83-46d4-8f60-f3017f96c651.mask.png,f6f960166093faa5ea1508e8e7f3ce662e483e23b200283499ac42ff7ca55f58,uploaded
kit,f80ea02c-6c83-46d4-8f60-f3017f96c651.png,recruits/kit/f80ea02c-6c83-46d4-8f60-f3017f96c651.png,https://assets.geekedoutgames.com/recruits/kit/f80ea02c-6c83-46d4-8f60-f3017f96c651.png,7e07fd2a5c2b6b8362f5e6726e9fe64dd523e4b2eb3a13fa2535f6f559ab988c,uploaded
kit,f9bbdf45-dc8a-4729-acdf-39a2cbdd336b.json,recruits/kit/f9bbdf45-dc8a-4729-acdf-39a2cbdd336b.json,https://assets.geekedoutgames.com/recruits/kit/f9bbdf45-dc8a-4729-acdf-39a2cbdd336b.json,4a9e99ec9b61c792e41033b98b7d1aa4ddb70e8108780acd1de8c3e376945560,uploaded
kit,f9bbdf45-dc8a-4729-acdf-39a2cbdd336b.mask.png,recruits/kit/f9bbdf45-dc8a-4729-acdf-39a2cbdd336b.mask.png,https://assets.geekedoutgames.com/recruits/kit/f9bbdf45-dc8a-4729-acdf-39a2cbdd336b.mask.png,847e13b1d0f88e7f8b6d81a1bc1c4edee00019dbe5ed02de234330bbc839a6cc,uploaded
kit,f9bbdf45-dc8a-4729-acdf-39a2cbdd336b.png,recruits/kit/f9bbdf45-dc8a-4729-acdf-39a2cbdd336b.png,https://assets.geekedoutgames.com/recruits/kit/f9bbdf45-dc8a-4729-acdf-39a2cbdd336b.png,5c2149ddabd304d07c9c319f8b0c478b6d1f91c7f17070574de38968af5dd2b7,uploaded
kit,fb916d84-f8f6-4e79-b5cf-a0bae732bbc6.json,recruits/kit/fb916d84-f8f6-4e79-b5cf-a0bae732bbc6.json,https://assets.geekedoutgames.com/recruits/kit/fb916d84-f8f6-4e79-b5cf-a0bae732bbc6.json,23d69948a68a40a2c53e67ccffefda7c5b0d9935ee0fc5931c666431100a0256,uploaded
kit,fb916d84-f8f6-4e79-b5cf-a0bae732bbc6.mask.png,recruits/kit/fb916d84-f8f6-4e79-b5cf-a0bae732bbc6.mask.png,https://assets.geekedoutgames.com/recruits/kit/fb916d84-f8f6-4e79-b5cf-a0bae732bbc6.mask.png,5ba959a3ac44019b5759b9ed33e88b64c772d01bcb92eb98eb8776d78a353ba7,uploaded
kit,fb916d84-f8f6-4e79-b5cf-a0bae732bbc6.png,recruits/kit/fb916d84-f8f6-4e79-b5cf-a0bae732bbc6.png,https://assets.geekedoutgames.com/recruits/kit/fb916d84-f8f6-4e79-b5cf-a0bae732bbc6.png,2d7d3e6959942655b81c3e3951a2a8f1e1e3e731363d4d0b5e6bc08ab2a3d1d5,uploaded
kit,fca74b0e-2752-418a-b5f9-3bde7ed292f1.json,recruits/kit/fca74b0e-2752-418a-b5f9-3bde7ed292f1.json,https://assets.geekedoutgames.com/recruits/kit/fca74b0e-2752-418a-b5f9-3bde7ed292f1.json,f581d01486c8b5b4ef5aaf4ab493de23ca6b29064d2726168e5ae6722bf10d9a,uploaded
kit,fca74b0e-2752-418a-b5f9-3bde7ed292f1.mask.png,recruits/kit/fca74b0e-2752-418a-b5f9-3bde7ed292f1.mask.png,https://assets.geekedoutgames.com/recruits/kit/fca74b0e-2752-418a-b5f9-3bde7ed292f1.mask.png,2c685d3fe5c22017458ee0b62495aea48d9ce8ddbaa9137d77832cdee2ecd155,uploaded
kit,fca74b0e-2752-418a-b5f9-3bde7ed292f1.png,recruits/kit/fca74b0e-2752-418a-b5f9-3bde7ed292f1.png,https://assets.geekedoutgames.com/recruits/kit/fca74b0e-2752-418a-b5f9-3bde7ed292f1.png,720f3a2ec5902d2f2bade64464283c9b9ace76e1ca791fbf08c20d734a466343,uploaded
kit,fcd03323-654c-470b-96fd-079d5dd1f803.json,recruits/kit/fcd03323-654c-470b-96fd-079d5dd1f803.json,https://assets.geekedoutgames.com/recruits/kit/fcd03323-654c-470b-96fd-079d5dd1f803.json,35c1db4aa0eafeedda83f36f4df1529996cff82471417c03cc3b61c4c42583ed,uploaded
kit,fcd03323-654c-470b-96fd-079d5dd1f803.mask.png,recruits/kit/fcd03323-654c-470b-96fd-079d5dd1f803.mask.png,https://assets.geekedoutgames.com/recruits/kit/fcd03323-654c-470b-96fd-079d5dd1f803.mask.png,84989e46b57cdc05944119b6c51ea1841570cebd504d6fbb7507376c32851b80,uploaded
kit,fcd03323-654c-470b-96fd-079d5dd1f803.png,recruits/kit/fcd03323-654c-470b-96fd-079d5dd1f803.png,https://assets.geekedoutgames.com/recruits/kit/fcd03323-654c-470b-96fd-079d5dd1f803.png,42214748b0d58c94f762dfa59de65d6aa0cc7b7464bef925d6961d496f1e59d5,uploaded
kit,fdbf432c-fedb-43d1-903a-1987dd1beaf2.json,recruits/kit/fdbf432c-fedb-43d1-903a-1987dd1beaf2.json,https://assets.geekedoutgames.com/recruits/kit/fdbf432c-fedb-43d1-903a-1987dd1beaf2.json,040a99efbede3542b4bbf0a2d6771b88b4100d5b406d2f40d2fa4efe8c712e47,uploaded
kit,fdbf432c-fedb-43d1-903a-1987dd1beaf2.mask.png,recruits/kit/fdbf432c-fedb-43d1-903a-1987dd1beaf2.mask.png,https://assets.geekedoutgames.com/recruits/kit/fdbf432c-fedb-43d1-903a-1987dd1beaf2.mask.png,efe5e43eb5c5168dd9d1e40451882996b5ce2494ee9edded75c58e16d7bf6b04,uploaded
kit,fdbf432c-fedb-43d1-903a-1987dd1beaf2.png,recruits/kit/fdbf432c-fedb-43d1-903a-1987dd1beaf2.png,https://assets.geekedoutgames.com/recruits/kit/fdbf432c-fedb-43d1-903a-1987dd1beaf2.png,40da94e571166b50eaa97ef6d7b59d978f402378c865829bdb2565129182d323,uploaded
